id,license,file_name,height,width,date_captured,extra,file_path,label
0,1,v-melanocytic-nevi-91_jpg.rf.0XaCCn1Wg0vuqEShnshe.jpg,472,720,2026-05-25T11:37:05+00:00,{'name': 'v-melanocytic-nevi-91.jpg'},Skin_desease_(Perbaikan)_dataset.coco\train\v-melanocytic-nevi-91_jpg.rf.0XaCCn1Wg0vuqEShnshe.jpg,Melanoma
1,1,ISIC_6662566_jpg.rf.n8HUMPCJctjH6RN0cvgU.jpg,512,512,2026-05-25T11:37:05+00:00,{'name': 'ISIC_6662566.jpg'},Skin_desease_(Perbaikan)_dataset.coco\train\ISIC_6662566_jpg.rf.n8HUMPCJctjH6RN0cvgU.jpg,Melanoma
2,1,ISIC_6661904_jpg.rf.lxlr3OO8LQUzjsF8lP7U.jpg,512,512,2026-05-25T11:37:05+00:00,{'name': 'ISIC_6661904.jpg'},Skin_desease_(Perbaikan)_dataset.coco\train\ISIC_6661904_jpg.rf.lxlr3OO8LQUzjsF8lP7U.jpg,Melanoma
3,1,9_231_jpg.rf.1LBxuluhRg6fSbzfIi5K.jpg,222,294,2026-05-25T11:37:05+00:00,{'name': '9_231.jpg'},Skin_desease_(Perbaikan)_dataset.coco\train\9_231_jpg.rf.1LBxuluhRg6fSbzfIi5K.jpg,Melanoma
4,1,9_196_jpg.rf.qHbwLWZXeLV5GryOXSnf.jpg,222,294,2026-05-25T11:37:05+00:00,{'name': '9_196.jpg'},Skin_desease_(Perbaikan)_dataset.coco\train\9_196_jpg.rf.qHbwLWZXeLV5GryOXSnf.jpg,Melanoma
5,1,t-PUPPP-1_jpg.rf.YT3sWjgIgpEIUOtLe1OY.jpg,480,720,2026-05-25T11:37:05+00:00,{'name': 't-PUPPP-1.jpg'},Skin_desease_(Perbaikan)_dataset.coco\train\t-PUPPP-1_jpg.rf.YT3sWjgIgpEIUOtLe1OY.jpg,Hives
6,1,9_275_jpg.rf.1TsTSnGoLaNFqYzOCzDq.jpg,222,294,2026-05-25T11:37:05+00:00,{'name': '9_275.jpg'},Skin_desease_(Perbaikan)_dataset.coco\train\9_275_jpg.rf.1TsTSnGoLaNFqYzOCzDq.jpg,Melanoma
7,1,9_213_jpg.rf.1RboPazmAk2r2NqiAfGF.jpg,222,294,2026-05-25T11:37:05+00:00,{'name': '9_213.jpg'},Skin_desease_(Perbaikan)_dataset.coco\train\9_213_jpg.rf.1RboPazmAk2r2NqiAfGF.jpg,Melanoma
8,1,t-PUPPP-25_jpg.rf.aL0IboxPTsAHm6nccKfc.jpg,720,473,2026-05-25T11:37:05+00:00,{'name': 't-PUPPP-25.jpg'},Skin_desease_(Perbaikan)_dataset.coco\train\t-PUPPP-25_jpg.rf.aL0IboxPTsAHm6nccKfc.jpg,Hives
9,1,t-eczema-fingertips-78_jpg.rf.N8gxWJRcco79AVwvt1t7.jpg,720,477,2026-05-25T11:37:05+00:00,{'name': 't-eczema-fingertips-78.jpg'},Skin_desease_(Perbaikan)_dataset.coco\train\t-eczema-fingertips-78_jpg.rf.N8gxWJRcco79AVwvt1t7.jpg,Eczema
10,1,ISIC_6657600_jpg.rf.qkYCftI3gmZwmm0dnS06.jpg,512,512,2026-05-25T11:37:05+00:00,{'name': 'ISIC_6657600.jpg'},Skin_desease_(Perbaikan)_dataset.coco\train\ISIC_6657600_jpg.rf.qkYCftI3gmZwmm0dnS06.jpg,Melanoma
11,1,9_259_jpg.rf.7ZuQKpZcM88oXoKB657B.jpg,222,294,2026-05-25T11:37:05+00:00,{'name': '9_259.jpg'},Skin_desease_(Perbaikan)_dataset.coco\train\9_259_jpg.rf.7ZuQKpZcM88oXoKB657B.jpg,Melanoma
12,1,t-Urticaria-Vasculitis-10_jpg.rf.YjlWLvbx2fMsdfKG8VmC.jpg,488,720,2026-05-25T11:37:05+00:00,{'name': 't-Urticaria-Vasculitis-10.jpg'},Skin_desease_(Perbaikan)_dataset.coco\train\t-Urticaria-Vasculitis-10_jpg.rf.YjlWLvbx2fMsdfKG8VmC.jpg,Hives
13,1,v-melanocytic-nevi-94_jpg.rf.sNC1KpWcHdSOilo5VfIv.jpg,500,720,2026-05-25T11:37:05+00:00,{'name': 'v-melanocytic-nevi-94.jpg'},Skin_desease_(Perbaikan)_dataset.coco\train\v-melanocytic-nevi-94_jpg.rf.sNC1KpWcHdSOilo5VfIv.jpg,Melanoma
14,1,9_160_jpg.rf.8A8y6tpj83RFGilJFUXK.jpg,222,294,2026-05-25T11:37:05+00:00,{'name': '9_160.jpg'},Skin_desease_(Perbaikan)_dataset.coco\train\9_160_jpg.rf.8A8y6tpj83RFGilJFUXK.jpg,Melanoma
15,1,9_109_jpg.rf.toYrVXcjHRxAwEMD6lBq.jpg,222,294,2026-05-25T11:37:05+00:00,{'name': '9_109.jpg'},Skin_desease_(Perbaikan)_dataset.coco\train\9_109_jpg.rf.toYrVXcjHRxAwEMD6lBq.jpg,Melanoma
16,1,baby-chicken-pox-25618998_jpg.rf.GCvsEeQEbFQeW6sMBd5r.jpg,900,638,2026-05-25T11:37:05+00:00,{'name': 'baby-chicken-pox-25618998.jpg'},Skin_desease_(Perbaikan)_dataset.coco\train\baby-chicken-pox-25618998_jpg.rf.GCvsEeQEbFQeW6sMBd5r.jpg,ChickenPox
17,1,ISIC_6655888_jpg.rf.uejiKruP390DA1xutkr5.jpg,512,512,2026-05-25T11:37:05+00:00,{'name': 'ISIC_6655888.jpg'},Skin_desease_(Perbaikan)_dataset.coco\train\ISIC_6655888_jpg.rf.uejiKruP390DA1xutkr5.jpg,Melanoma
18,1,t-Urticaria-Vasculitis-1_jpg.rf.TT0suxurAPUIRXKlM6Lp.jpg,472,720,2026-05-25T11:37:05+00:00,{'name': 't-Urticaria-Vasculitis-1.jpg'},Skin_desease_(Perbaikan)_dataset.coco\train\t-Urticaria-Vasculitis-1_jpg.rf.TT0suxurAPUIRXKlM6Lp.jpg,Hives
19,1,ISIC_6665364_jpg.rf.o96xacFOMBI2WASa9laz.jpg,512,512,2026-05-25T11:37:05+00:00,{'name': 'ISIC_6665364.jpg'},Skin_desease_(Perbaikan)_dataset.coco\train\ISIC_6665364_jpg.rf.o96xacFOMBI2WASa9laz.jpg,Melanoma
20,1,9_289_jpg.rf.4z0E5aODQTOMBZU4RiWn.jpg,222,294,2026-05-25T11:37:05+00:00,{'name': '9_289.jpg'},Skin_desease_(Perbaikan)_dataset.coco\train\9_289_jpg.rf.4z0E5aODQTOMBZU4RiWn.jpg,Melanoma
21,1,ISIC_6661691_jpg.rf.qMd49FJ5mqtVKkUYodQ5.jpg,512,512,2026-05-25T11:37:05+00:00,{'name': 'ISIC_6661691.jpg'},Skin_desease_(Perbaikan)_dataset.coco\train\ISIC_6661691_jpg.rf.qMd49FJ5mqtVKkUYodQ5.jpg,Melanoma
22,1,t-Urticaria-Vasculitis-15_jpg.rf.bWc8jy98ZKG3ditOJuKl.jpg,720,474,2026-05-25T11:37:05+00:00,{'name': 't-Urticaria-Vasculitis-15.jpg'},Skin_desease_(Perbaikan)_dataset.coco\train\t-Urticaria-Vasculitis-15_jpg.rf.bWc8jy98ZKG3ditOJuKl.jpg,Hives
23,1,9_126_jpg.rf.9CIINn1zQylkTn1o82Oz.jpg,222,294,2026-05-25T11:37:05+00:00,{'name': '9_126.jpg'},Skin_desease_(Perbaikan)_dataset.coco\train\9_126_jpg.rf.9CIINn1zQylkTn1o82Oz.jpg,Melanoma
24,1,ISIC_6658067_jpg.rf.v33jT1J9C6t4UDWuq0PD.jpg,512,512,2026-05-25T11:37:05+00:00,{'name': 'ISIC_6658067.jpg'},Skin_desease_(Perbaikan)_dataset.coco\train\ISIC_6658067_jpg.rf.v33jT1J9C6t4UDWuq0PD.jpg,Melanoma
25,1,t-Urticaria-Vasculitis-8_jpg.rf.e9wAqXSTVfp8okBoX6oJ.jpg,472,720,2026-05-25T11:37:05+00:00,{'name': 't-Urticaria-Vasculitis-8.jpg'},Skin_desease_(Perbaikan)_dataset.coco\train\t-Urticaria-Vasculitis-8_jpg.rf.e9wAqXSTVfp8okBoX6oJ.jpg,Hives
26,1,chickenpox_face_jpg.rf.IYb09DVEXzlrTvIL5FoT.jpg,975,650,2026-05-25T11:37:05+00:00,{'name': 'chickenpox_face.jpg'},Skin_desease_(Perbaikan)_dataset.coco\train\chickenpox_face_jpg.rf.IYb09DVEXzlrTvIL5FoT.jpg,ChickenPox
27,1,ISIC_6655446_jpg.rf.o6C7ZycX0cCulsIqELjQ.jpg,512,512,2026-05-25T11:37:05+00:00,{'name': 'ISIC_6655446.jpg'},Skin_desease_(Perbaikan)_dataset.coco\train\ISIC_6655446_jpg.rf.o6C7ZycX0cCulsIqELjQ.jpg,Melanoma
28,1,9_282_jpg.rf.D8igddpO7PJhI5KppkLG.jpg,222,294,2026-05-25T11:37:05+00:00,{'name': '9_282.jpg'},Skin_desease_(Perbaikan)_dataset.coco\train\9_282_jpg.rf.D8igddpO7PJhI5KppkLG.jpg,Melanoma
29,1,t-eczema-foot-97_jpg.rf.NFp3vtnWE1LZnV3RVNWi.jpg,477,720,2026-05-25T11:37:05+00:00,{'name': 't-eczema-foot-97.jpg'},Skin_desease_(Perbaikan)_dataset.coco\train\t-eczema-foot-97_jpg.rf.NFp3vtnWE1LZnV3RVNWi.jpg,Eczema
30,1,chickenpox-1296x728-body_jpg.rf.JcrJ9MsA0FgAjY4LT0FW.jpg,728,1296,2026-05-25T11:37:05+00:00,{'name': 'chickenpox-1296x728-body.jpg'},Skin_desease_(Perbaikan)_dataset.coco\train\chickenpox-1296x728-body_jpg.rf.JcrJ9MsA0FgAjY4LT0FW.jpg,ChickenPox
31,1,t-eczema-fingertips-81_jpg.rf.O6iBKHRe8uAbCCAe5OT3.jpg,720,477,2026-05-25T11:37:05+00:00,{'name': 't-eczema-fingertips-81.jpg'},Skin_desease_(Perbaikan)_dataset.coco\train\t-eczema-fingertips-81_jpg.rf.O6iBKHRe8uAbCCAe5OT3.jpg,Eczema
32,1,9_249_jpg.rf.MiDUzSuN4jSI1oBAAD0s.jpg,222,294,2026-05-25T11:37:05+00:00,{'name': '9_249.jpg'},Skin_desease_(Perbaikan)_dataset.coco\train\9_249_jpg.rf.MiDUzSuN4jSI1oBAAD0s.jpg,Melanoma
33,1,v-melanocytic-nevi-79_jpg.rf.ynKQod6MCBd457xLCIdd.jpg,472,720,2026-05-25T11:37:05+00:00,{'name': 'v-melanocytic-nevi-79.jpg'},Skin_desease_(Perbaikan)_dataset.coco\train\v-melanocytic-nevi-79_jpg.rf.ynKQod6MCBd457xLCIdd.jpg,Melanoma
34,1,t-eczema-subacute-81_jpg.rf.1UEtI4K088rNg3F5zkkd.jpg,477,720,2026-05-25T11:37:05+00:00,{'name': 't-eczema-subacute-81.jpg'},Skin_desease_(Perbaikan)_dataset.coco\train\t-eczema-subacute-81_jpg.rf.1UEtI4K088rNg3F5zkkd.jpg,Eczema
35,1,9_2_jpg.rf.wj3wuvMZbJZPg3L9TvJV.jpg,222,294,2026-05-25T11:37:05+00:00,{'name': '9_2.jpg'},Skin_desease_(Perbaikan)_dataset.coco\train\9_2_jpg.rf.wj3wuvMZbJZPg3L9TvJV.jpg,Melanoma
36,1,t-eczema-hand-14_jpg.rf.OspA5tjlZI7hrOoSa94L.jpg,480,720,2026-05-25T11:37:05+00:00,{'name': 't-eczema-hand-14.jpg'},Skin_desease_(Perbaikan)_dataset.coco\train\t-eczema-hand-14_jpg.rf.OspA5tjlZI7hrOoSa94L.jpg,Eczema
37,1,t-Urticaria-Vasculitis-13_jpg.rf.g7UwNannDoJ0EGGcU1VN.jpg,720,495,2026-05-25T11:37:05+00:00,{'name': 't-Urticaria-Vasculitis-13.jpg'},Skin_desease_(Perbaikan)_dataset.coco\train\t-Urticaria-Vasculitis-13_jpg.rf.g7UwNannDoJ0EGGcU1VN.jpg,Hives
38,1,t-hives-Urticaria-Acute-80_jpg.rf.wKA5CMWTSgYb6690AdUE.jpg,720,483,2026-05-25T11:37:05+00:00,{'name': 't-hives-Urticaria-Acute-80.jpg'},Skin_desease_(Perbaikan)_dataset.coco\train\t-hives-Urticaria-Acute-80_jpg.rf.wKA5CMWTSgYb6690AdUE.jpg,Hives
39,1,ISIC_6656318_jpg.rf.wLxaDRowdJ9a9GceIRWb.jpg,512,512,2026-05-25T11:37:05+00:00,{'name': 'ISIC_6656318.jpg'},Skin_desease_(Perbaikan)_dataset.coco\train\ISIC_6656318_jpg.rf.wLxaDRowdJ9a9GceIRWb.jpg,Melanoma
40,1,t-eczema-foot-75_jpg.rf.UWh2IIqjiA46UzcZacbV.jpg,477,720,2026-05-25T11:37:05+00:00,{'name': 't-eczema-foot-75.jpg'},Skin_desease_(Perbaikan)_dataset.coco\train\t-eczema-foot-75_jpg.rf.UWh2IIqjiA46UzcZacbV.jpg,Eczema
41,1,baby-chicken-pox-rash-varicella-virus-chickenpox-bubble-rash-child-dermatology-concept-toddler-shows-blemishes-hi-112752663_jpg.rf.KdfyVMGQnY0tIbn7plzD.jpg,900,600,2026-05-25T11:37:05+00:00,{'name': 'baby-chicken-pox-rash-varicella-virus-chickenpox-bubble-rash-child-dermatology-concept-toddler-shows-blemishes-hi-112752663.jpg'},Skin_desease_(Perbaikan)_dataset.coco\train\baby-chicken-pox-rash-varicella-virus-chickenpox-bubble-rash-child-dermatology-concept-toddler-shows-blemishes-hi-112752663_jpg.rf.KdfyVMGQnY0tIbn7plzD.jpg,ChickenPox
42,1,chickenpox-in-adults-722x406_jpg.rf.RGoq7rqoifN4rTYAaUO6.jpg,406,722,2026-05-25T11:37:05+00:00,{'name': 'chickenpox-in-adults-722x406.jpg'},Skin_desease_(Perbaikan)_dataset.coco\train\chickenpox-in-adults-722x406_jpg.rf.RGoq7rqoifN4rTYAaUO6.jpg,ChickenPox
43,1,9_317_jpg.rf.O013vdba9iRPrPUhd9z4.jpg,222,294,2026-05-25T11:37:05+00:00,{'name': '9_317.jpg'},Skin_desease_(Perbaikan)_dataset.coco\train\9_317_jpg.rf.O013vdba9iRPrPUhd9z4.jpg,Melanoma
44,1,t-eczema-hand-155_jpg.rf.O78XRnAzZacdcdFQQmfh.jpg,477,720,2026-05-25T11:37:05+00:00,{'name': 't-eczema-hand-155.jpg'},Skin_desease_(Perbaikan)_dataset.coco\train\t-eczema-hand-155_jpg.rf.O78XRnAzZacdcdFQQmfh.jpg,Eczema
45,1,t-eczema-fingertips-80_jpg.rf.3hPpK6DsoJMthETtmeeo.jpg,477,720,2026-05-25T11:37:05+00:00,{'name': 't-eczema-fingertips-80.jpg'},Skin_desease_(Perbaikan)_dataset.coco\train\t-eczema-fingertips-80_jpg.rf.3hPpK6DsoJMthETtmeeo.jpg,Eczema
46,1,t-stasis-dermatitis-174_jpg.rf.5nEPLD1s1C0G3ltxI5Qc.jpg,720,480,2026-05-25T11:37:05+00:00,{'name': 't-stasis-dermatitis-174.jpg'},Skin_desease_(Perbaikan)_dataset.coco\train\t-stasis-dermatitis-174_jpg.rf.5nEPLD1s1C0G3ltxI5Qc.jpg,Eczema
47,1,276293_jpg.rf.y50DVSx3GAC0hy7jkX2L.jpg,235,369,2026-05-25T11:37:05+00:00,{'name': '276293.jpg'},Skin_desease_(Perbaikan)_dataset.coco\train\276293_jpg.rf.y50DVSx3GAC0hy7jkX2L.jpg,Hives
48,1,v-stasis-dermatitis-1_jpg.rf.6pUfOelSv9yQt1gMKRGd.jpg,720,581,2026-05-25T11:37:05+00:00,{'name': 'v-stasis-dermatitis-1.jpg'},Skin_desease_(Perbaikan)_dataset.coco\train\v-stasis-dermatitis-1_jpg.rf.6pUfOelSv9yQt1gMKRGd.jpg,Eczema
49,1,t-Urticaria-Vasculitis-2_jpg.rf.gwy4ag5OTGuQifF8XahH.jpg,472,720,2026-05-25T11:37:05+00:00,{'name': 't-Urticaria-Vasculitis-2.jpg'},Skin_desease_(Perbaikan)_dataset.coco\train\t-Urticaria-Vasculitis-2_jpg.rf.gwy4ag5OTGuQifF8XahH.jpg,Hives
50,1,t-eczema-fingertips-44_jpg.rf.0lGJ8WhP9599X8I9xOVS.jpg,720,480,2026-05-25T11:37:05+00:00,{'name': 't-eczema-fingertips-44.jpg'},Skin_desease_(Perbaikan)_dataset.coco\train\t-eczema-fingertips-44_jpg.rf.0lGJ8WhP9599X8I9xOVS.jpg,Eczema
51,1,images_jpg.rf.MvJF34J2fDs5uyZOjRPB.jpg,225,225,2026-05-25T11:37:05+00:00,{'name': 'images.jpg'},Skin_desease_(Perbaikan)_dataset.coco\train\images_jpg.rf.MvJF34J2fDs5uyZOjRPB.jpg,ChickenPox
52,1,Urticaria-02_jpg.rf.NFlokTdteDtKJoDo9yUp.jpg,368,350,2026-05-25T11:37:05+00:00,{'name': 'Urticaria-02.jpg'},Skin_desease_(Perbaikan)_dataset.coco\train\Urticaria-02_jpg.rf.NFlokTdteDtKJoDo9yUp.jpg,Hives
53,1,chickenpox_adult_back_jpg.rf.QyTMGNF8hky4Nsrqdko5.jpg,1500,1319,2026-05-25T11:37:05+00:00,{'name': 'chickenpox_adult_back.jpg'},Skin_desease_(Perbaikan)_dataset.coco\train\chickenpox_adult_back_jpg.rf.QyTMGNF8hky4Nsrqdko5.jpg,ChickenPox
54,1,ISIC_6661491_jpg.rf.z88KwshHIsxpuuW1QIZs.jpg,512,512,2026-05-25T11:37:05+00:00,{'name': 'ISIC_6661491.jpg'},Skin_desease_(Perbaikan)_dataset.coco\train\ISIC_6661491_jpg.rf.z88KwshHIsxpuuW1QIZs.jpg,Melanoma
55,1,t-eczema-hand-169_jpg.rf.OwbdP5ugsilbpaaL66Ij.jpg,720,477,2026-05-25T11:37:05+00:00,{'name': 't-eczema-hand-169.jpg'},Skin_desease_(Perbaikan)_dataset.coco\train\t-eczema-hand-169_jpg.rf.OwbdP5ugsilbpaaL66Ij.jpg,Eczema
56,1,chickenpox_body_jpg.rf.SdG63shHtZFdaGvOd46K.jpg,975,650,2026-05-25T11:37:05+00:00,{'name': 'chickenpox_body.jpg'},Skin_desease_(Perbaikan)_dataset.coco\train\chickenpox_body_jpg.rf.SdG63shHtZFdaGvOd46K.jpg,ChickenPox
57,1,t-eczema-nummular-123_jpg.rf.Bq4l9kDSNRq8kZEsVfXX.jpg,472,720,2026-05-25T11:37:05+00:00,{'name': 't-eczema-nummular-123.jpg'},Skin_desease_(Perbaikan)_dataset.coco\train\t-eczema-nummular-123_jpg.rf.Bq4l9kDSNRq8kZEsVfXX.jpg,Eczema
58,1,t-eczema-hand-115_jpg.rf.XNTzkIETAF9YkBn4Qdaz.jpg,480,720,2026-05-25T11:37:05+00:00,{'name': 't-eczema-hand-115.jpg'},Skin_desease_(Perbaikan)_dataset.coco\train\t-eczema-hand-115_jpg.rf.XNTzkIETAF9YkBn4Qdaz.jpg,Eczema
59,1,t-eczema-fingertips-16_jpg.rf.Hwxbi4igZlKkTlCqB6C7.jpg,472,720,2026-05-25T11:37:05+00:00,{'name': 't-eczema-fingertips-16.jpg'},Skin_desease_(Perbaikan)_dataset.coco\train\t-eczema-fingertips-16_jpg.rf.Hwxbi4igZlKkTlCqB6C7.jpg,Eczema
60,1,t-eczema-foot-86_jpg.rf.Yd1bDFQCdWlOULNQTuW3.jpg,477,720,2026-05-25T11:37:05+00:00,{'name': 't-eczema-foot-86.jpg'},Skin_desease_(Perbaikan)_dataset.coco\train\t-eczema-foot-86_jpg.rf.Yd1bDFQCdWlOULNQTuW3.jpg,Eczema
61,1,chickenpox57_png.rf.yHkww00XpBuYZ41j2ycZ.png,224,224,2026-05-25T11:37:05+00:00,"{'user_tags': ['ChickenPox'], 'name': 'chickenpox57.png'}",Skin_desease_(Perbaikan)_dataset.coco\train\chickenpox57_png.rf.yHkww00XpBuYZ41j2ycZ.png,ChickenPox
62,1,t-eczema-fingertips-94_jpg.rf.V4SfWAUUaDQQfkqKBi4a.jpg,720,477,2026-05-25T11:37:05+00:00,{'name': 't-eczema-fingertips-94.jpg'},Skin_desease_(Perbaikan)_dataset.coco\train\t-eczema-fingertips-94_jpg.rf.V4SfWAUUaDQQfkqKBi4a.jpg,Eczema
63,1,chickenpox102_png.rf.NkX7oA0biKTC2oMNzmnz.png,224,224,2026-05-25T11:37:05+00:00,"{'user_tags': ['ChickenPox'], 'name': 'chickenpox102.png'}",Skin_desease_(Perbaikan)_dataset.coco\train\chickenpox102_png.rf.NkX7oA0biKTC2oMNzmnz.png,ChickenPox
64,1,t-hives-Urticaria-Acute-70_jpg.rf.ysVCTF8lFnT49LHEhF3w.jpg,720,471,2026-05-25T11:37:05+00:00,{'name': 't-hives-Urticaria-Acute-70.jpg'},Skin_desease_(Perbaikan)_dataset.coco\train\t-hives-Urticaria-Acute-70_jpg.rf.ysVCTF8lFnT49LHEhF3w.jpg,Hives
65,1,9_132_jpg.rf.QIb3i822aLTnd8P1hKry.jpg,222,294,2026-05-25T11:37:05+00:00,{'name': '9_132.jpg'},Skin_desease_(Perbaikan)_dataset.coco\train\9_132_jpg.rf.QIb3i822aLTnd8P1hKry.jpg,Melanoma
66,1,t-eczema-fingertips-24_jpg.rf.85t8WQM1VZcsQijdgIcw.jpg,472,720,2026-05-25T11:37:05+00:00,{'name': 't-eczema-fingertips-24.jpg'},Skin_desease_(Perbaikan)_dataset.coco\train\t-eczema-fingertips-24_jpg.rf.85t8WQM1VZcsQijdgIcw.jpg,Eczema
67,1,v-stasis-dermatitis-85_jpg.rf.AnxPJp2EomxyPH0Adhsg.jpg,472,720,2026-05-25T11:37:05+00:00,{'name': 'v-stasis-dermatitis-85.jpg'},Skin_desease_(Perbaikan)_dataset.coco\train\v-stasis-dermatitis-85_jpg.rf.AnxPJp2EomxyPH0Adhsg.jpg,Eczema
68,1,t-eczema-hand-173_jpg.rf.NJC3HHszUrfVWsuWhdsa.jpg,720,477,2026-05-25T11:37:05+00:00,{'name': 't-eczema-hand-173.jpg'},Skin_desease_(Perbaikan)_dataset.coco\train\t-eczema-hand-173_jpg.rf.NJC3HHszUrfVWsuWhdsa.jpg,Eczema
69,1,t-Urticaria-Vasculitis-18_jpg.rf.iltO8x6vqUWKHXyY3m9A.jpg,477,720,2026-05-25T11:37:05+00:00,{'name': 't-Urticaria-Vasculitis-18.jpg'},Skin_desease_(Perbaikan)_dataset.coco\train\t-Urticaria-Vasculitis-18_jpg.rf.iltO8x6vqUWKHXyY3m9A.jpg,Hives
70,1,t-hives-Urticaria-Acute-6_jpg.rf.vdUxrbH24WZWgkjYJeev.jpg,720,480,2026-05-25T11:37:05+00:00,{'name': 't-hives-Urticaria-Acute-6.jpg'},Skin_desease_(Perbaikan)_dataset.coco\train\t-hives-Urticaria-Acute-6_jpg.rf.vdUxrbH24WZWgkjYJeev.jpg,Hives
71,1,t-eczema-hand-121_jpg.rf.dAivo8wuDHdLxK8sOYqg.jpg,480,720,2026-05-25T11:37:05+00:00,{'name': 't-eczema-hand-121.jpg'},Skin_desease_(Perbaikan)_dataset.coco\train\t-eczema-hand-121_jpg.rf.dAivo8wuDHdLxK8sOYqg.jpg,Eczema
72,1,l-intro-1669734823_jpg.rf.WbTqTElWZ4G3oI4nrkGD.jpg,900,1600,2026-05-25T11:37:05+00:00,{'name': 'l-intro-1669734823.jpg'},Skin_desease_(Perbaikan)_dataset.coco\train\l-intro-1669734823_jpg.rf.WbTqTElWZ4G3oI4nrkGD.jpg,ChickenPox
73,1,t-eczema-subacute-35_jpg.rf.TNBuWJa9Zp01da0X1BTp.jpg,480,720,2026-05-25T11:37:05+00:00,{'name': 't-eczema-subacute-35.jpg'},Skin_desease_(Perbaikan)_dataset.coco\train\t-eczema-subacute-35_jpg.rf.TNBuWJa9Zp01da0X1BTp.jpg,Eczema
74,1,t-stasis-dermatitis-155_jpg.rf.YHGOMdKytcLkhCX1TARk.jpg,480,720,2026-05-25T11:37:05+00:00,{'name': 't-stasis-dermatitis-155.jpg'},Skin_desease_(Perbaikan)_dataset.coco\train\t-stasis-dermatitis-155_jpg.rf.YHGOMdKytcLkhCX1TARk.jpg,Eczema
75,1,t-eczema-fingertips-7_jpg.rf.paanoRApbpcmnVPVmABV.jpg,480,720,2026-05-25T11:37:05+00:00,{'name': 't-eczema-fingertips-7.jpg'},Skin_desease_(Perbaikan)_dataset.coco\train\t-eczema-fingertips-7_jpg.rf.paanoRApbpcmnVPVmABV.jpg,Eczema
76,1,varicella104_1_jpg.rf.SmVJJmlI92xLvAkkDX1N.jpg,1536,2038,2026-05-25T11:37:05+00:00,{'name': 'varicella104_1.jpg'},Skin_desease_(Perbaikan)_dataset.coco\train\varicella104_1_jpg.rf.SmVJJmlI92xLvAkkDX1N.jpg,ChickenPox
77,1,chickenpox44_png.rf.OYkRVS9MkoITTWzUtgmI.png,224,224,2026-05-25T11:37:05+00:00,"{'user_tags': ['ChickenPox'], 'name': 'chickenpox44.png'}",Skin_desease_(Perbaikan)_dataset.coco\train\chickenpox44_png.rf.OYkRVS9MkoITTWzUtgmI.png,ChickenPox
78,1,9_14_jpg.rf.RwU6unmshzl8BGHMvty4.jpg,222,294,2026-05-25T11:37:05+00:00,{'name': '9_14.jpg'},Skin_desease_(Perbaikan)_dataset.coco\train\9_14_jpg.rf.RwU6unmshzl8BGHMvty4.jpg,Melanoma
79,1,m1300898-800px-wm_jpg.rf.TvpjKT87FBF0OKJuWKkr.jpg,800,531,2026-05-25T11:37:05+00:00,{'name': 'm1300898-800px-wm.jpg'},Skin_desease_(Perbaikan)_dataset.coco\train\m1300898-800px-wm_jpg.rf.TvpjKT87FBF0OKJuWKkr.jpg,ChickenPox
80,1,0_6_jpg.rf.8uiiVXJs3T54BjqpAp6p.jpg,222,294,2026-05-25T11:37:05+00:00,{'name': '0_6.jpg'},Skin_desease_(Perbaikan)_dataset.coco\train\0_6_jpg.rf.8uiiVXJs3T54BjqpAp6p.jpg,Eczema
81,1,v-eczema-hand-116_jpg.rf.Md0N57eyNiTXDBKSW3yb.jpg,480,720,2026-05-25T11:37:05+00:00,{'name': 'v-eczema-hand-116.jpg'},Skin_desease_(Perbaikan)_dataset.coco\train\v-eczema-hand-116_jpg.rf.Md0N57eyNiTXDBKSW3yb.jpg,Eczema
82,1,m1300602-400px-wm_jpg.rf.go6bTCI1wa39j9UaI4IP.jpg,400,281,2026-05-25T11:37:05+00:00,{'name': 'm1300602-400px-wm.jpg'},Skin_desease_(Perbaikan)_dataset.coco\train\m1300602-400px-wm_jpg.rf.go6bTCI1wa39j9UaI4IP.jpg,ChickenPox
83,1,t-eczema-foot-29_jpg.rf.2QzrD7clWnnb4vizZPT9.jpg,480,720,2026-05-25T11:37:05+00:00,{'name': 't-eczema-foot-29.jpg'},Skin_desease_(Perbaikan)_dataset.coco\train\t-eczema-foot-29_jpg.rf.2QzrD7clWnnb4vizZPT9.jpg,Eczema
84,1,baby-chicken-pox-rash-varicella-virus-chickenpox-bubble-child-dermatology-concept-skin-110269031_jpg.rf.X9MLMN7rjEN8iKblc5SE.jpg,900,600,2026-05-25T11:37:05+00:00,{'name': 'baby-chicken-pox-rash-varicella-virus-chickenpox-bubble-child-dermatology-concept-skin-110269031.jpg'},Skin_desease_(Perbaikan)_dataset.coco\train\baby-chicken-pox-rash-varicella-virus-chickenpox-bubble-child-dermatology-concept-skin-110269031_jpg.rf.X9MLMN7rjEN8iKblc5SE.jpg,ChickenPox
85,1,t-PUPPP-23_jpg.rf.hIcKm4bYpMJ9oq780som.jpg,720,606,2026-05-25T11:37:05+00:00,{'name': 't-PUPPP-23.jpg'},Skin_desease_(Perbaikan)_dataset.coco\train\t-PUPPP-23_jpg.rf.hIcKm4bYpMJ9oq780som.jpg,Hives
86,1,t-eczema-leg-17_jpg.rf.Pu2vs5H22gKop0zWNPQQ.jpg,472,720,2026-05-25T11:37:05+00:00,{'name': 't-eczema-leg-17.jpg'},Skin_desease_(Perbaikan)_dataset.coco\train\t-eczema-leg-17_jpg.rf.Pu2vs5H22gKop0zWNPQQ.jpg,Eczema
87,1,t-eczema-hand-106_jpg.rf.Z3G1DtAyTJRGYvICbohZ.jpg,480,720,2026-05-25T11:37:05+00:00,{'name': 't-eczema-hand-106.jpg'},Skin_desease_(Perbaikan)_dataset.coco\train\t-eczema-hand-106_jpg.rf.Z3G1DtAyTJRGYvICbohZ.jpg,Eczema
88,1,t-Urticaria-Vasculitis-6_jpg.rf.jKJzTFwE31bn50KnULmk.jpg,472,720,2026-05-25T11:37:05+00:00,{'name': 't-Urticaria-Vasculitis-6.jpg'},Skin_desease_(Perbaikan)_dataset.coco\train\t-Urticaria-Vasculitis-6_jpg.rf.jKJzTFwE31bn50KnULmk.jpg,Hives
89,1,t-eczema-hand-163_jpg.rf.YHbQes8HaJbhr6LA1ey1.jpg,720,477,2026-05-25T11:37:05+00:00,{'name': 't-eczema-hand-163.jpg'},Skin_desease_(Perbaikan)_dataset.coco\train\t-eczema-hand-163_jpg.rf.YHbQes8HaJbhr6LA1ey1.jpg,Eczema
90,1,boy-chickenpox-back-rash-blisters-studio-shot-black-background-indoors-81651491 (1)_jpg.rf.haZG5GKvMHQ79jyjhO4c.jpg,900,600,2026-05-25T11:37:05+00:00,{'name': 'boy-chickenpox-back-rash-blisters-studio-shot-black-background-indoors-81651491 (1).jpg'},Skin_desease_(Perbaikan)_dataset.coco\train\boy-chickenpox-back-rash-blisters-studio-shot-black-background-indoors-81651491 (1)_jpg.rf.haZG5GKvMHQ79jyjhO4c.jpg,ChickenPox
91,1,t-eczema-foot-3_jpg.rf.sueOxr7cGHxK082uHACM.jpg,480,720,2026-05-25T11:37:05+00:00,{'name': 't-eczema-foot-3.jpg'},Skin_desease_(Perbaikan)_dataset.coco\train\t-eczema-foot-3_jpg.rf.sueOxr7cGHxK082uHACM.jpg,Eczema
92,1,t-eczema-foot-27_jpg.rf.f8EOuLdYVmEu4iJIe4qY.jpg,480,720,2026-05-25T11:37:05+00:00,{'name': 't-eczema-foot-27.jpg'},Skin_desease_(Perbaikan)_dataset.coco\train\t-eczema-foot-27_jpg.rf.f8EOuLdYVmEu4iJIe4qY.jpg,Eczema
93,1,dims-healthgrades_jpg.rf.ffOwVJfEzmdvQaBrfQ5O.jpg,898,1600,2026-05-25T11:37:05+00:00,{'name': 'dims-healthgrades.jpg'},Skin_desease_(Perbaikan)_dataset.coco\train\dims-healthgrades_jpg.rf.ffOwVJfEzmdvQaBrfQ5O.jpg,ChickenPox
94,1,t-stasis-dermatitis-150_jpg.rf.Y6fWHnGxs4OmH3IKlfJo.jpg,480,720,2026-05-25T11:37:05+00:00,{'name': 't-stasis-dermatitis-150.jpg'},Skin_desease_(Perbaikan)_dataset.coco\train\t-stasis-dermatitis-150_jpg.rf.Y6fWHnGxs4OmH3IKlfJo.jpg,Eczema
95,1,chickenpox59_png.rf.B7LerF7YWOw9HK697k2g.png,224,224,2026-05-25T11:37:05+00:00,"{'user_tags': ['ChickenPox'], 'name': 'chickenpox59.png'}",Skin_desease_(Perbaikan)_dataset.coco\train\chickenpox59_png.rf.B7LerF7YWOw9HK697k2g.png,ChickenPox
96,1,t-hives-Urticaria-Acute-30_jpg.rf.xe1ybl9BbLeyVM2hmyMK.jpg,720,494,2026-05-25T11:37:05+00:00,{'name': 't-hives-Urticaria-Acute-30.jpg'},Skin_desease_(Perbaikan)_dataset.coco\train\t-hives-Urticaria-Acute-30_jpg.rf.xe1ybl9BbLeyVM2hmyMK.jpg,Hives
97,1,t-eczema-foot-12_jpg.rf.eXq63eZUZPuMNSbGVFCs.jpg,720,480,2026-05-25T11:37:05+00:00,{'name': 't-eczema-foot-12.jpg'},Skin_desease_(Perbaikan)_dataset.coco\train\t-eczema-foot-12_jpg.rf.eXq63eZUZPuMNSbGVFCs.jpg,Eczema
98,1,t-eczema-fingertips-8_jpg.rf.iwKHmuLYkT1fOAY3fKgG.jpg,480,720,2026-05-25T11:37:05+00:00,{'name': 't-eczema-fingertips-8.jpg'},Skin_desease_(Perbaikan)_dataset.coco\train\t-eczema-fingertips-8_jpg.rf.iwKHmuLYkT1fOAY3fKgG.jpg,Eczema
99,1,0_15_jpg.rf.3mwPdKEzFQmLwaCCf5rt.jpg,222,294,2026-05-25T11:37:05+00:00,{'name': '0_15.jpg'},Skin_desease_(Perbaikan)_dataset.coco\train\0_15_jpg.rf.3mwPdKEzFQmLwaCCf5rt.jpg,Eczema
100,1,t-hives-Urticaria-Acute-92_jpg.rf.z9ihyJyrIdqyffrrZaMA.jpg,593,720,2026-05-25T11:37:05+00:00,{'name': 't-hives-Urticaria-Acute-92.jpg'},Skin_desease_(Perbaikan)_dataset.coco\train\t-hives-Urticaria-Acute-92_jpg.rf.z9ihyJyrIdqyffrrZaMA.jpg,Hives
101,1,v-stasis-dermatitis-92_jpg.rf.dFMSDdlG2iHp4MSPstfR.jpg,480,720,2026-05-25T11:37:05+00:00,{'name': 'v-stasis-dermatitis-92.jpg'},Skin_desease_(Perbaikan)_dataset.coco\train\v-stasis-dermatitis-92_jpg.rf.dFMSDdlG2iHp4MSPstfR.jpg,Eczema
102,1,t-hives-Urticaria-Acute-37_jpg.rf.wG6beZIreYvrFvynjbKL.jpg,720,481,2026-05-25T11:37:05+00:00,{'name': 't-hives-Urticaria-Acute-37.jpg'},Skin_desease_(Perbaikan)_dataset.coco\train\t-hives-Urticaria-Acute-37_jpg.rf.wG6beZIreYvrFvynjbKL.jpg,Hives
103,1,t-hives-Urticaria-Acute-29_jpg.rf.AhIlAvd6t4yMm37JEb2a.jpg,720,459,2026-05-25T11:37:05+00:00,{'name': 't-hives-Urticaria-Acute-29.jpg'},Skin_desease_(Perbaikan)_dataset.coco\train\t-hives-Urticaria-Acute-29_jpg.rf.AhIlAvd6t4yMm37JEb2a.jpg,Hives
104,1,t-eczema-hand-171_jpg.rf.49vBAfvX0DRtKUTvI7x8.jpg,720,477,2026-05-25T11:37:05+00:00,{'name': 't-eczema-hand-171.jpg'},Skin_desease_(Perbaikan)_dataset.coco\train\t-eczema-hand-171_jpg.rf.49vBAfvX0DRtKUTvI7x8.jpg,Eczema
105,1,9_229_jpg.rf.T8PjMvwdKEL8IZn5KBTp.jpg,222,294,2026-05-25T11:37:05+00:00,{'name': '9_229.jpg'},Skin_desease_(Perbaikan)_dataset.coco\train\9_229_jpg.rf.T8PjMvwdKEL8IZn5KBTp.jpg,Melanoma
106,1,0_35_jpg.rf.4LrUwNKzznF5o95ScH3C.jpg,222,294,2026-05-25T11:37:05+00:00,{'name': '0_35.jpg'},Skin_desease_(Perbaikan)_dataset.coco\train\0_35_jpg.rf.4LrUwNKzznF5o95ScH3C.jpg,Eczema
108,1,boy-suffers-chickenpox-22950522_jpg.rf.oXEg0VLIA1sZxlsCkGBG.jpg,900,600,2026-05-25T11:37:05+00:00,{'name': 'boy-suffers-chickenpox-22950522.jpg'},Skin_desease_(Perbaikan)_dataset.coco\train\boy-suffers-chickenpox-22950522_jpg.rf.oXEg0VLIA1sZxlsCkGBG.jpg,ChickenPox
109,1,chickenpox62_png.rf.OoXThoC7yUE3jSHcdCjs.png,224,224,2026-05-25T11:37:05+00:00,"{'user_tags': ['ChickenPox'], 'name': 'chickenpox62.png'}",Skin_desease_(Perbaikan)_dataset.coco\train\chickenpox62_png.rf.OoXThoC7yUE3jSHcdCjs.png,ChickenPox
110,1,the-back-of-a-30-year-old-male-suffering-from-chickenpox-image-credit-f-malan-2010_jpg.rf.kO8v0iGORPg0vbA14aFK.jpg,826,1100,2026-05-25T11:37:05+00:00,{'name': 'the-back-of-a-30-year-old-male-suffering-from-chickenpox-image-credit-f-malan-2010.jpg'},Skin_desease_(Perbaikan)_dataset.coco\train\the-back-of-a-30-year-old-male-suffering-from-chickenpox-image-credit-f-malan-2010_jpg.rf.kO8v0iGORPg0vbA14aFK.jpg,ChickenPox
111,1,9_116_jpg.rf.TojfYAEjaKnlzNHfWxva.jpg,222,294,2026-05-25T11:37:05+00:00,{'name': '9_116.jpg'},Skin_desease_(Perbaikan)_dataset.coco\train\9_116_jpg.rf.TojfYAEjaKnlzNHfWxva.jpg,Melanoma
112,1,urticaria-treatment-omalizumab-696x320_webp.rf.BoKtBUELWZOH5Bc4AJkA.webp,320,696,2026-05-25T11:37:05+00:00,{'name': 'urticaria-treatment-omalizumab-696x320.webp'},Skin_desease_(Perbaikan)_dataset.coco\train\urticaria-treatment-omalizumab-696x320_webp.rf.BoKtBUELWZOH5Bc4AJkA.webp,Hives
113,1,boy-chicken-pox-28734043_jpg.rf.rrLoQbyJVX8G7Cbi5y7b.jpg,533,800,2026-05-25T11:37:05+00:00,{'name': 'boy-chicken-pox-28734043.jpg'},Skin_desease_(Perbaikan)_dataset.coco\train\boy-chicken-pox-28734043_jpg.rf.rrLoQbyJVX8G7Cbi5y7b.jpg,ChickenPox
114,1,t-eczema-hand-117_jpg.rf.kPBzzoQRrgZlCoRak6mH.jpg,480,720,2026-05-25T11:37:05+00:00,{'name': 't-eczema-hand-117.jpg'},Skin_desease_(Perbaikan)_dataset.coco\train\t-eczema-hand-117_jpg.rf.kPBzzoQRrgZlCoRak6mH.jpg,Eczema
115,1,v-eczema-nummular-157_jpg.rf.oDOwEg1osqBrZBktY4vv.jpg,480,720,2026-05-25T11:37:05+00:00,{'name': 'v-eczema-nummular-157.jpg'},Skin_desease_(Perbaikan)_dataset.coco\train\v-eczema-nummular-157_jpg.rf.oDOwEg1osqBrZBktY4vv.jpg,Eczema
116,1,chickenpox75_png.rf.zqYlMRvC47luZgu6nv4E.png,224,224,2026-05-25T11:37:05+00:00,"{'user_tags': ['ChickenPox'], 'name': 'chickenpox75.png'}",Skin_desease_(Perbaikan)_dataset.coco\train\chickenpox75_png.rf.zqYlMRvC47luZgu6nv4E.png,ChickenPox
117,1,t-PUPPP-17_jpg.rf.oRrOUfZHo9i4ybeI3BD5.jpg,485,720,2026-05-25T11:37:05+00:00,{'name': 't-PUPPP-17.jpg'},Skin_desease_(Perbaikan)_dataset.coco\train\t-PUPPP-17_jpg.rf.oRrOUfZHo9i4ybeI3BD5.jpg,Hives
118,1,boy-chicken-pox-28733999_jpg.rf.z7VzxRWMRQxuTkh2rfA2.jpg,900,600,2026-05-25T11:37:05+00:00,{'name': 'boy-chicken-pox-28733999.jpg'},Skin_desease_(Perbaikan)_dataset.coco\train\boy-chicken-pox-28733999_jpg.rf.z7VzxRWMRQxuTkh2rfA2.jpg,ChickenPox
119,1,t-eczema-hand-194_jpg.rf.mW8qXZVaKvELmvLQa1uC.jpg,477,720,2026-05-25T11:37:05+00:00,{'name': 't-eczema-hand-194.jpg'},Skin_desease_(Perbaikan)_dataset.coco\train\t-eczema-hand-194_jpg.rf.mW8qXZVaKvELmvLQa1uC.jpg,Eczema
120,1,0_28_jpg.rf.LCefXT4bCx3G0B0II0KH.jpg,222,294,2026-05-25T11:37:05+00:00,{'name': '0_28.jpg'},Skin_desease_(Perbaikan)_dataset.coco\train\0_28_jpg.rf.LCefXT4bCx3G0B0II0KH.jpg,Eczema
121,1,t-eczema-asteatotic-57_jpg.rf.g4DJyteR8Ru66OElMp3T.jpg,485,720,2026-05-25T11:37:05+00:00,{'name': 't-eczema-asteatotic-57.jpg'},Skin_desease_(Perbaikan)_dataset.coco\train\t-eczema-asteatotic-57_jpg.rf.g4DJyteR8Ru66OElMp3T.jpg,Eczema
122,1,istockphoto-489634516-612x612_jpg.rf.oghRIEcbfRuiMMfy1bob.jpg,408,612,2026-05-25T11:37:05+00:00,{'name': 'istockphoto-489634516-612x612.jpg'},Skin_desease_(Perbaikan)_dataset.coco\train\istockphoto-489634516-612x612_jpg.rf.oghRIEcbfRuiMMfy1bob.jpg,ChickenPox
123,1,v-eczema-subacute-110_jpg.rf.cPv63ZJYLS7IhUgCPno4.jpg,474,720,2026-05-25T11:37:05+00:00,{'name': 'v-eczema-subacute-110.jpg'},Skin_desease_(Perbaikan)_dataset.coco\train\v-eczema-subacute-110_jpg.rf.cPv63ZJYLS7IhUgCPno4.jpg,Eczema
124,1,v-stasis-dermatitis-79_jpg.rf.kpOU9aM8LvtkVHxwprA0.jpg,472,720,2026-05-25T11:37:05+00:00,{'name': 'v-stasis-dermatitis-79.jpg'},Skin_desease_(Perbaikan)_dataset.coco\train\v-stasis-dermatitis-79_jpg.rf.kpOU9aM8LvtkVHxwprA0.jpg,Eczema
125,1,chickenpox37_png.rf.P2YNLM5pwODE5Jh5aAoU.png,224,224,2026-05-25T11:37:05+00:00,"{'user_tags': ['ChickenPox'], 'name': 'chickenpox37.png'}",Skin_desease_(Perbaikan)_dataset.coco\train\chickenpox37_png.rf.P2YNLM5pwODE5Jh5aAoU.png,ChickenPox
126,1,1_1_jpg.rf.GR25qucUUA0VZfpNmMoK.jpg,222,294,2026-05-25T11:37:05+00:00,{'name': '1_1.jpg'},Skin_desease_(Perbaikan)_dataset.coco\train\1_1_jpg.rf.GR25qucUUA0VZfpNmMoK.jpg,Eczema
127,1,t-eczema-foot-83_jpg.rf.4fxVazbULSYWyZTZfIB7.jpg,720,477,2026-05-25T11:37:05+00:00,{'name': 't-eczema-foot-83.jpg'},Skin_desease_(Perbaikan)_dataset.coco\train\t-eczema-foot-83_jpg.rf.4fxVazbULSYWyZTZfIB7.jpg,Eczema
128,1,1_10_jpg.rf.BkMxM9GXPJdGVQO2tqiH.jpg,222,294,2026-05-25T11:37:05+00:00,{'name': '1_10.jpg'},Skin_desease_(Perbaikan)_dataset.coco\train\1_10_jpg.rf.BkMxM9GXPJdGVQO2tqiH.jpg,Eczema
129,1,chickenpox_jpg.rf.kdkRK7fWnS4okynW6yN2.jpg,720,1280,2026-05-25T11:37:05+00:00,{'name': 'chickenpox.jpg'},Skin_desease_(Perbaikan)_dataset.coco\train\chickenpox_jpg.rf.kdkRK7fWnS4okynW6yN2.jpg,ChickenPox
130,1,t-eczema-leg-6_jpg.rf.mCvUUYxpLb0SycAegnVd.jpg,472,720,2026-05-25T11:37:05+00:00,{'name': 't-eczema-leg-6.jpg'},Skin_desease_(Perbaikan)_dataset.coco\train\t-eczema-leg-6_jpg.rf.mCvUUYxpLb0SycAegnVd.jpg,Eczema
131,1,boy-scratching-me-his-chickenpox_jpg.rf.xYiBcgBnZJaEXuuIxBd4.jpg,1200,1200,2026-05-25T11:37:05+00:00,{'name': 'boy-scratching-me-his-chickenpox.jpg'},Skin_desease_(Perbaikan)_dataset.coco\train\boy-scratching-me-his-chickenpox_jpg.rf.xYiBcgBnZJaEXuuIxBd4.jpg,ChickenPox
132,1,t-hives-Urticaria-Acute-62_jpg.rf.y7UAtGAzPdaX2g3qrXIz.jpg,720,476,2026-05-25T11:37:05+00:00,{'name': 't-hives-Urticaria-Acute-62.jpg'},Skin_desease_(Perbaikan)_dataset.coco\train\t-hives-Urticaria-Acute-62_jpg.rf.y7UAtGAzPdaX2g3qrXIz.jpg,Hives
133,1,melanoma_jpg.rf.0JoCDSArRkhKi42U7TuH.jpg,406,650,2026-05-25T11:37:05+00:00,{'name': 'melanoma.jpg'},Skin_desease_(Perbaikan)_dataset.coco\train\melanoma_jpg.rf.0JoCDSArRkhKi42U7TuH.jpg,Melanoma
134,1,urticaria-exchange-post_png.rf.BIC2h7n8LOGrXycyOlCl.png,360,540,2026-05-25T11:37:05+00:00,{'name': 'urticaria-exchange-post.png'},Skin_desease_(Perbaikan)_dataset.coco\train\urticaria-exchange-post_png.rf.BIC2h7n8LOGrXycyOlCl.png,Hives
135,1,chicken-pox-child-skin-97008891_jpg.rf.sGe0GtegApyNGWcIakeA.jpg,900,600,2026-05-25T11:37:05+00:00,{'name': 'chicken-pox-child-skin-97008891.jpg'},Skin_desease_(Perbaikan)_dataset.coco\train\chicken-pox-child-skin-97008891_jpg.rf.sGe0GtegApyNGWcIakeA.jpg,ChickenPox
136,1,0_38_jpg.rf.C82JRAK0KvZsCmBu53tR.jpg,222,294,2026-05-25T11:37:05+00:00,{'name': '0_38.jpg'},Skin_desease_(Perbaikan)_dataset.coco\train\0_38_jpg.rf.C82JRAK0KvZsCmBu53tR.jpg,Eczema
137,1,0_13_jpg.rf.DbgeToqZ8LpFvhAHIYha.jpg,222,294,2026-05-25T11:37:05+00:00,{'name': '0_13.jpg'},Skin_desease_(Perbaikan)_dataset.coco\train\0_13_jpg.rf.DbgeToqZ8LpFvhAHIYha.jpg,Eczema
138,1,t-eczema-hand-137_jpg.rf.5DeahWGC8Ai3JGaMdObB.jpg,720,477,2026-05-25T11:37:05+00:00,{'name': 't-eczema-hand-137.jpg'},Skin_desease_(Perbaikan)_dataset.coco\train\t-eczema-hand-137_jpg.rf.5DeahWGC8Ai3JGaMdObB.jpg,Eczema
139,1,0_41_jpg.rf.MmAqoChgOuK5LG4u4RXz.jpg,222,294,2026-05-25T11:37:05+00:00,{'name': '0_41.jpg'},Skin_desease_(Perbaikan)_dataset.coco\train\0_41_jpg.rf.MmAqoChgOuK5LG4u4RXz.jpg,Eczema
140,1,chickenpox29_png.rf.Cb9kUoz0o6Tw9rjYMAD5.png,224,224,2026-05-25T11:37:05+00:00,"{'user_tags': ['ChickenPox'], 'name': 'chickenpox29.png'}",Skin_desease_(Perbaikan)_dataset.coco\train\chickenpox29_png.rf.Cb9kUoz0o6Tw9rjYMAD5.png,ChickenPox
141,1,t-hives-Urticaria-Acute-45_jpg.rf.EJpxOqDu1C8A08Bj62yZ.jpg,720,462,2026-05-25T11:37:05+00:00,{'name': 't-hives-Urticaria-Acute-45.jpg'},Skin_desease_(Perbaikan)_dataset.coco\train\t-hives-Urticaria-Acute-45_jpg.rf.EJpxOqDu1C8A08Bj62yZ.jpg,Hives
142,1,t-eczema-asteatotic-14_jpg.rf.lVrwEaHGW8C1vi5Pjqpd.jpg,472,720,2026-05-25T11:37:05+00:00,{'name': 't-eczema-asteatotic-14.jpg'},Skin_desease_(Perbaikan)_dataset.coco\train\t-eczema-asteatotic-14_jpg.rf.lVrwEaHGW8C1vi5Pjqpd.jpg,Eczema
143,1,t-06HivesPolycyclic1_jpg.rf.rr7nylNLIZfIElyVylBJ.jpg,472,720,2026-05-25T11:37:05+00:00,{'name': 't-06HivesPolycyclic1.jpg'},Skin_desease_(Perbaikan)_dataset.coco\train\t-06HivesPolycyclic1_jpg.rf.rr7nylNLIZfIElyVylBJ.jpg,Hives
144,1,t-eczema-hand-167_jpg.rf.zqEeJbvmZc29PX72j1ci.jpg,720,477,2026-05-25T11:37:05+00:00,{'name': 't-eczema-hand-167.jpg'},Skin_desease_(Perbaikan)_dataset.coco\train\t-eczema-hand-167_jpg.rf.zqEeJbvmZc29PX72j1ci.jpg,Eczema
145,1,t-PUPPP-12_jpg.rf.s67OKR8IsXz4K3nBUDNg.jpg,477,720,2026-05-25T11:37:05+00:00,{'name': 't-PUPPP-12.jpg'},Skin_desease_(Perbaikan)_dataset.coco\train\t-PUPPP-12_jpg.rf.s67OKR8IsXz4K3nBUDNg.jpg,Hives
146,1,breast-belly-small-child-chickenpox-skin-case-disease-breast-belly-small-child-chickenpox-skin-132228325_jpg.rf.x2jL5ks6EnCJQH1JNT2W.jpg,437,800,2026-05-25T11:37:05+00:00,{'name': 'breast-belly-small-child-chickenpox-skin-case-disease-breast-belly-small-child-chickenpox-skin-132228325.jpg'},Skin_desease_(Perbaikan)_dataset.coco\train\breast-belly-small-child-chickenpox-skin-case-disease-breast-belly-small-child-chickenpox-skin-132228325_jpg.rf.x2jL5ks6EnCJQH1JNT2W.jpg,ChickenPox
147,1,t-hives-Urticaria-Acute-50_jpg.rf.zf0FiIa0D1kEEYe2Zbpy.jpg,457,720,2026-05-25T11:37:05+00:00,{'name': 't-hives-Urticaria-Acute-50.jpg'},Skin_desease_(Perbaikan)_dataset.coco\train\t-hives-Urticaria-Acute-50_jpg.rf.zf0FiIa0D1kEEYe2Zbpy.jpg,Hives
148,1,t-melanocytic-nevi-21_jpg.rf.24S7lyjwodr7HRiHTDIl.jpg,472,720,2026-05-25T11:37:05+00:00,{'name': 't-melanocytic-nevi-21.jpg'},Skin_desease_(Perbaikan)_dataset.coco\train\t-melanocytic-nevi-21_jpg.rf.24S7lyjwodr7HRiHTDIl.jpg,Melanoma
149,1,urticaria_skin_webp.rf.CtzUfd4jMzRffxKXAgze.webp,790,1404,2026-05-25T11:37:05+00:00,{'name': 'urticaria_skin.webp'},Skin_desease_(Perbaikan)_dataset.coco\train\urticaria_skin_webp.rf.CtzUfd4jMzRffxKXAgze.webp,Hives
150,1,t-PUPPP-20_jpg.rf.ndKvhz8Sqmh0Y5tqZakA.jpg,720,471,2026-05-25T11:37:05+00:00,{'name': 't-PUPPP-20.jpg'},Skin_desease_(Perbaikan)_dataset.coco\train\t-PUPPP-20_jpg.rf.ndKvhz8Sqmh0Y5tqZakA.jpg,Hives
151,1,t-eczema-hand-141_jpg.rf.s4QC0CqHrs6wK6m4RLpQ.jpg,477,720,2026-05-25T11:37:05+00:00,{'name': 't-eczema-hand-141.jpg'},Skin_desease_(Perbaikan)_dataset.coco\train\t-eczema-hand-141_jpg.rf.s4QC0CqHrs6wK6m4RLpQ.jpg,Eczema
152,1,t-eczema-fingertips-95_jpg.rf.AncjshTmnVGqY57T99o4.jpg,477,720,2026-05-25T11:37:05+00:00,{'name': 't-eczema-fingertips-95.jpg'},Skin_desease_(Perbaikan)_dataset.coco\train\t-eczema-fingertips-95_jpg.rf.AncjshTmnVGqY57T99o4.jpg,Eczema
153,1,t-hives-Urticaria-Acute-46_jpg.rf.yGb99hnYifpMeuqOeWPH.jpg,720,469,2026-05-25T11:37:05+00:00,{'name': 't-hives-Urticaria-Acute-46.jpg'},Skin_desease_(Perbaikan)_dataset.coco\train\t-hives-Urticaria-Acute-46_jpg.rf.yGb99hnYifpMeuqOeWPH.jpg,Hives
154,1,0_20_jpg.rf.QKIyCKFbwPwzB7YVfcwe.jpg,222,294,2026-05-25T11:37:05+00:00,{'name': '0_20.jpg'},Skin_desease_(Perbaikan)_dataset.coco\train\0_20_jpg.rf.QKIyCKFbwPwzB7YVfcwe.jpg,Eczema
155,1,bearded-man-chickenpox-varicella-virus-man-chickenpox-134314964_jpg.rf.npNtXv6rZZlcMSFWV2uz.jpg,900,600,2026-05-25T11:37:05+00:00,{'name': 'bearded-man-chickenpox-varicella-virus-man-chickenpox-134314964.jpg'},Skin_desease_(Perbaikan)_dataset.coco\train\bearded-man-chickenpox-varicella-virus-man-chickenpox-134314964_jpg.rf.npNtXv6rZZlcMSFWV2uz.jpg,ChickenPox
156,1,t-hives-Urticaria-Acute-4_jpg.rf.zSavVqs3JfknZL3zd5wM.jpg,472,720,2026-05-25T11:37:05+00:00,{'name': 't-hives-Urticaria-Acute-4.jpg'},Skin_desease_(Perbaikan)_dataset.coco\train\t-hives-Urticaria-Acute-4_jpg.rf.zSavVqs3JfknZL3zd5wM.jpg,Hives
157,1,t-melanocytic-nevi-53_jpg.rf.78Z52dCKqgm4KvwpdNWK.jpg,472,720,2026-05-25T11:37:05+00:00,{'name': 't-melanocytic-nevi-53.jpg'},Skin_desease_(Perbaikan)_dataset.coco\train\t-melanocytic-nevi-53_jpg.rf.78Z52dCKqgm4KvwpdNWK.jpg,Melanoma
158,1,ch1500-fig1__jpg.rf.PKxPjrpBqUZUTqV6Mgwp.jpg,546,402,2026-05-25T11:37:05+00:00,{'name': 'ch1500-fig1_.jpg'},Skin_desease_(Perbaikan)_dataset.coco\train\ch1500-fig1__jpg.rf.PKxPjrpBqUZUTqV6Mgwp.jpg,Hives
159,1,t-melanocytic-nevi-52_jpg.rf.56uuxrUf5fLkQdL9Yczg.jpg,472,720,2026-05-25T11:37:05+00:00,{'name': 't-melanocytic-nevi-52.jpg'},Skin_desease_(Perbaikan)_dataset.coco\train\t-melanocytic-nevi-52_jpg.rf.56uuxrUf5fLkQdL9Yczg.jpg,Melanoma
160,1,t-melanocytic-nevi-23_jpg.rf.9FqeOiNghl9ppKiWkP1g.jpg,472,720,2026-05-25T11:37:05+00:00,{'name': 't-melanocytic-nevi-23.jpg'},Skin_desease_(Perbaikan)_dataset.coco\train\t-melanocytic-nevi-23_jpg.rf.9FqeOiNghl9ppKiWkP1g.jpg,Melanoma
161,1,9_167_jpg.rf.VSvujtItJoWo0Bnlzztq.jpg,222,294,2026-05-25T11:37:05+00:00,{'name': '9_167.jpg'},Skin_desease_(Perbaikan)_dataset.coco\train\9_167_jpg.rf.VSvujtItJoWo0Bnlzztq.jpg,Melanoma
162,1,t-melanocytic-nevi-43_jpg.rf.FlMwHUWGp7WSBetQOUKH.jpg,472,720,2026-05-25T11:37:05+00:00,{'name': 't-melanocytic-nevi-43.jpg'},Skin_desease_(Perbaikan)_dataset.coco\train\t-melanocytic-nevi-43_jpg.rf.FlMwHUWGp7WSBetQOUKH.jpg,Melanoma
163,1,089056200_1612266979-Melanoma_webp.rf.6RhL5D08ygZ6nWHtknZL.webp,675,1200,2026-05-25T11:37:05+00:00,{'name': '089056200_1612266979-Melanoma.webp'},Skin_desease_(Perbaikan)_dataset.coco\train\089056200_1612266979-Melanoma_webp.rf.6RhL5D08ygZ6nWHtknZL.webp,Melanoma
164,1,0_2_jpg.rf.UhT22DfnraD4Hbe1Tp92.jpg,222,294,2026-05-25T11:37:05+00:00,{'name': '0_2.jpg'},Skin_desease_(Perbaikan)_dataset.coco\train\0_2_jpg.rf.UhT22DfnraD4Hbe1Tp92.jpg,Eczema
165,1,nodular-melanoma-br-image-credit-dermnet-new-zealand-br_jpg.rf.7KfTvnEmmR911iGZQvEU.jpg,618,1100,2026-05-25T11:37:05+00:00,{'name': 'nodular-melanoma-br-image-credit-dermnet-new-zealand-br.jpg'},Skin_desease_(Perbaikan)_dataset.coco\train\nodular-melanoma-br-image-credit-dermnet-new-zealand-br_jpg.rf.7KfTvnEmmR911iGZQvEU.jpg,Melanoma
166,1,9_111_jpg.rf.eTOS58NTXv8bOmuKws9G.jpg,222,294,2026-05-25T11:37:05+00:00,{'name': '9_111.jpg'},Skin_desease_(Perbaikan)_dataset.coco\train\9_111_jpg.rf.eTOS58NTXv8bOmuKws9G.jpg,Melanoma
167,1,chickenpox43_png.rf.DwC7lbDFRkikWh4HQjBq.png,224,224,2026-05-25T11:37:05+00:00,"{'user_tags': ['ChickenPox'], 'name': 'chickenpox43.png'}",Skin_desease_(Perbaikan)_dataset.coco\train\chickenpox43_png.rf.DwC7lbDFRkikWh4HQjBq.png,ChickenPox
168,1,0_42_jpg.rf.LbKNp9ZfhqXWBLquqZMs.jpg,222,294,2026-05-25T11:37:05+00:00,{'name': '0_42.jpg'},Skin_desease_(Perbaikan)_dataset.coco\train\0_42_jpg.rf.LbKNp9ZfhqXWBLquqZMs.jpg,Eczema
169,1,gettyimages-802282232-1527782738_jpg.rf.GpBvdQJMHllBwGHlHfnG.jpg,673,671,2026-05-25T11:37:05+00:00,{'name': 'gettyimages-802282232-1527782738.jpg'},Skin_desease_(Perbaikan)_dataset.coco\train\gettyimages-802282232-1527782738_jpg.rf.GpBvdQJMHllBwGHlHfnG.jpg,Melanoma
170,1,t-eczema-subacute-70_jpg.rf.mxUOuVtRIxgFd20M1qyp.jpg,720,477,2026-05-25T11:37:05+00:00,{'name': 't-eczema-subacute-70.jpg'},Skin_desease_(Perbaikan)_dataset.coco\train\t-eczema-subacute-70_jpg.rf.mxUOuVtRIxgFd20M1qyp.jpg,Eczema
171,1,t-eczema-asteatotic-5_jpg.rf.fR83CATx5ugnRYEe0tKA.jpg,472,720,2026-05-25T11:37:05+00:00,{'name': 't-eczema-asteatotic-5.jpg'},Skin_desease_(Perbaikan)_dataset.coco\train\t-eczema-asteatotic-5_jpg.rf.fR83CATx5ugnRYEe0tKA.jpg,Eczema
172,1,0_32_jpg.rf.Td7MHSUmEwKWPgWJjDAt.jpg,222,294,2026-05-25T11:37:05+00:00,{'name': '0_32.jpg'},Skin_desease_(Perbaikan)_dataset.coco\train\0_32_jpg.rf.Td7MHSUmEwKWPgWJjDAt.jpg,Eczema
173,1,lentigo_maligna-e30823b757e30ecbc3f16a6ea013c4bc_webp.rf.94GhBnvRlYrfHgbXQT70.webp,480,621,2026-05-25T11:37:05+00:00,{'name': 'lentigo_maligna-e30823b757e30ecbc3f16a6ea013c4bc.webp'},Skin_desease_(Perbaikan)_dataset.coco\train\lentigo_maligna-e30823b757e30ecbc3f16a6ea013c4bc_webp.rf.94GhBnvRlYrfHgbXQT70.webp,Melanoma
174,1,0_29_jpg.rf.UwDd7wYTciXZ8m6sjega.jpg,222,294,2026-05-25T11:37:05+00:00,{'name': '0_29.jpg'},Skin_desease_(Perbaikan)_dataset.coco\train\0_29_jpg.rf.UwDd7wYTciXZ8m6sjega.jpg,Eczema
175,1,t-melanocytic-nevi-20_jpg.rf.B0H3vgmhpOVlXzqSZpnc.jpg,472,720,2026-05-25T11:37:05+00:00,{'name': 't-melanocytic-nevi-20.jpg'},Skin_desease_(Perbaikan)_dataset.coco\train\t-melanocytic-nevi-20_jpg.rf.B0H3vgmhpOVlXzqSZpnc.jpg,Melanoma
176,1,t-melanocytic-nevi-42_jpg.rf.GnWdLxNyRbCWDbHGr9Mp.jpg,472,720,2026-05-25T11:37:05+00:00,{'name': 't-melanocytic-nevi-42.jpg'},Skin_desease_(Perbaikan)_dataset.coco\train\t-melanocytic-nevi-42_jpg.rf.GnWdLxNyRbCWDbHGr9Mp.jpg,Melanoma
177,1,t-melanocytic-nevi-30_jpg.rf.IqLKc0b9BK0gBJr0WHWE.jpg,472,720,2026-05-25T11:37:05+00:00,{'name': 't-melanocytic-nevi-30.jpg'},Skin_desease_(Perbaikan)_dataset.coco\train\t-melanocytic-nevi-30_jpg.rf.IqLKc0b9BK0gBJr0WHWE.jpg,Melanoma
178,1,nodular_melanoma_dark_skin-cfa6c441f7093eecc6dd5fd1d06121ca_webp.rf.JVFXpk931FjtBDgBl2wP.webp,598,700,2026-05-25T11:37:05+00:00,{'name': 'nodular_melanoma_dark_skin-cfa6c441f7093eecc6dd5fd1d06121ca.webp'},Skin_desease_(Perbaikan)_dataset.coco\train\nodular_melanoma_dark_skin-cfa6c441f7093eecc6dd5fd1d06121ca_webp.rf.JVFXpk931FjtBDgBl2wP.webp,Melanoma
179,1,9_276_jpg.rf.dINW0WuFO1ezzoBEJr0j.jpg,222,294,2026-05-25T11:37:05+00:00,{'name': '9_276.jpg'},Skin_desease_(Perbaikan)_dataset.coco\train\9_276_jpg.rf.dINW0WuFO1ezzoBEJr0j.jpg,Melanoma
180,1,nodular_melanoma-4d6d03f51523f6ce7b305d25afec01b2_webp.rf.GztmZUt9ZNtf7whiUJLK.webp,480,640,2026-05-25T11:37:05+00:00,{'name': 'nodular_melanoma-4d6d03f51523f6ce7b305d25afec01b2.webp'},Skin_desease_(Perbaikan)_dataset.coco\train\nodular_melanoma-4d6d03f51523f6ce7b305d25afec01b2_webp.rf.GztmZUt9ZNtf7whiUJLK.webp,Melanoma
181,1,0_12_jpg.rf.jjoqxI2lnLazYtDWWgGf.jpg,222,294,2026-05-25T11:37:05+00:00,{'name': '0_12.jpg'},Skin_desease_(Perbaikan)_dataset.coco\train\0_12_jpg.rf.jjoqxI2lnLazYtDWWgGf.jpg,Eczema
182,1,chickenpox78_png.rf.DcyKpq4JiDLEuLBPPku5.png,224,224,2026-05-25T11:37:05+00:00,"{'user_tags': ['ChickenPox'], 'name': 'chickenpox78.png'}",Skin_desease_(Perbaikan)_dataset.coco\train\chickenpox78_png.rf.DcyKpq4JiDLEuLBPPku5.png,ChickenPox
183,1,chickenpox99_png.rf.PbwdDQNvqYCesKRK1O1e.png,224,224,2026-05-25T11:37:05+00:00,"{'user_tags': ['ChickenPox'], 'name': 'chickenpox99.png'}",Skin_desease_(Perbaikan)_dataset.coco\train\chickenpox99_png.rf.PbwdDQNvqYCesKRK1O1e.png,ChickenPox
184,1,t-eczema-foot-70_jpg.rf.DT1usAsJiJAOxCv5vxrx.jpg,477,720,2026-05-25T11:37:05+00:00,{'name': 't-eczema-foot-70.jpg'},Skin_desease_(Perbaikan)_dataset.coco\train\t-eczema-foot-70_jpg.rf.DT1usAsJiJAOxCv5vxrx.jpg,Eczema
185,1,v-stasis-dermatitis-2_jpg.rf.v6sBGNKSo9fwU0r3ZszS.jpg,720,600,2026-05-25T11:37:05+00:00,{'name': 'v-stasis-dermatitis-2.jpg'},Skin_desease_(Perbaikan)_dataset.coco\train\v-stasis-dermatitis-2_jpg.rf.v6sBGNKSo9fwU0r3ZszS.jpg,Eczema
186,1,t-hives-Urticaria-Acute-24_jpg.rf.ztLeCY3wcwASjOfSub2J.jpg,480,720,2026-05-25T11:37:05+00:00,{'name': 't-hives-Urticaria-Acute-24.jpg'},Skin_desease_(Perbaikan)_dataset.coco\train\t-hives-Urticaria-Acute-24_jpg.rf.ztLeCY3wcwASjOfSub2J.jpg,Hives
187,1,superficial_spreading_melanoma-08227ba50cc78c4ff54bb3ba9e26db31_webp.rf.HVFuwiwzggRT5YyDvHHE.webp,480,640,2026-05-25T11:37:05+00:00,{'name': 'superficial_spreading_melanoma-08227ba50cc78c4ff54bb3ba9e26db31.webp'},Skin_desease_(Perbaikan)_dataset.coco\train\superficial_spreading_melanoma-08227ba50cc78c4ff54bb3ba9e26db31_webp.rf.HVFuwiwzggRT5YyDvHHE.webp,Melanoma
188,1,chickenpox19_png.rf.EIdPb54jQMYuTseu0jzR.png,224,224,2026-05-25T11:37:05+00:00,"{'user_tags': ['ChickenPox'], 'name': 'chickenpox19.png'}",Skin_desease_(Perbaikan)_dataset.coco\train\chickenpox19_png.rf.EIdPb54jQMYuTseu0jzR.png,ChickenPox
189,1,t-melanocytic-nevi-54_jpg.rf.KbkXLwYPMJUSMW9D5kCq.jpg,472,720,2026-05-25T11:37:05+00:00,{'name': 't-melanocytic-nevi-54.jpg'},Skin_desease_(Perbaikan)_dataset.coco\train\t-melanocytic-nevi-54_jpg.rf.KbkXLwYPMJUSMW9D5kCq.jpg,Melanoma
190,1,0_33_jpg.rf.PZH7SfF0G4DPRAEW5vXy.jpg,222,294,2026-05-25T11:37:05+00:00,{'name': '0_33.jpg'},Skin_desease_(Perbaikan)_dataset.coco\train\0_33_jpg.rf.PZH7SfF0G4DPRAEW5vXy.jpg,Eczema
191,1,t-hives-Urticaria-Acute-35_jpg.rf.HlKXSrAc7XqvMfsgI3wg.jpg,720,470,2026-05-25T11:37:05+00:00,{'name': 't-hives-Urticaria-Acute-35.jpg'},Skin_desease_(Perbaikan)_dataset.coco\train\t-hives-Urticaria-Acute-35_jpg.rf.HlKXSrAc7XqvMfsgI3wg.jpg,Hives
192,1,t-melanocytic-nevi-45_jpg.rf.R1z7jzN9k1n1sSu6jnHJ.jpg,472,720,2026-05-25T11:37:05+00:00,{'name': 't-melanocytic-nevi-45.jpg'},Skin_desease_(Perbaikan)_dataset.coco\train\t-melanocytic-nevi-45_jpg.rf.R1z7jzN9k1n1sSu6jnHJ.jpg,Melanoma
193,1,t-melanocytic-nevi-27_jpg.rf.LlT3n1BR1eUuJhesGxNj.jpg,472,720,2026-05-25T11:37:05+00:00,{'name': 't-melanocytic-nevi-27.jpg'},Skin_desease_(Perbaikan)_dataset.coco\train\t-melanocytic-nevi-27_jpg.rf.LlT3n1BR1eUuJhesGxNj.jpg,Melanoma
194,1,1_0_jpg.rf.QWhX0i45sPhVWvv8AljB.jpg,222,294,2026-05-25T11:37:05+00:00,{'name': '1_0.jpg'},Skin_desease_(Perbaikan)_dataset.coco\train\1_0_jpg.rf.QWhX0i45sPhVWvv8AljB.jpg,Eczema
195,1,Invasive+Nodal+Melanoma+Picture_webp.rf.KIOsWbGJ3YaMLbeK4lst.webp,577,653,2026-05-25T11:37:05+00:00,{'name': 'Invasive+Nodal+Melanoma+Picture.webp'},Skin_desease_(Perbaikan)_dataset.coco\train\Invasive+Nodal+Melanoma+Picture_webp.rf.KIOsWbGJ3YaMLbeK4lst.webp,Melanoma
196,1,D2BX3G-original-278461f6-fill-1125x750_jpg.rf.7c7JEELeH8W518qUes8u.jpg,750,1125,2026-05-25T11:37:05+00:00,{'name': 'D2BX3G-original-278461f6-fill-1125x750.jpg'},Skin_desease_(Perbaikan)_dataset.coco\train\D2BX3G-original-278461f6-fill-1125x750_jpg.rf.7c7JEELeH8W518qUes8u.jpg,ChickenPox
197,1,t-hives-Urticaria-Acute-38_jpg.rf.F2vhVMEla6eXjVswvURC.jpg,720,484,2026-05-25T11:37:05+00:00,{'name': 't-hives-Urticaria-Acute-38.jpg'},Skin_desease_(Perbaikan)_dataset.coco\train\t-hives-Urticaria-Acute-38_jpg.rf.F2vhVMEla6eXjVswvURC.jpg,Hives
198,1,upload_297a66a908066848f67d311ea37afa5d_28f3ce82-6a84-4bcd-a758-05008915d6ef_jpg.rf.cCaskEvlPvyJ6DwFodTC.jpg,666,1000,2026-05-25T11:37:05+00:00,{'name': 'upload_297a66a908066848f67d311ea37afa5d_28f3ce82-6a84-4bcd-a758-05008915d6ef.jpg'},Skin_desease_(Perbaikan)_dataset.coco\train\upload_297a66a908066848f67d311ea37afa5d_28f3ce82-6a84-4bcd-a758-05008915d6ef_jpg.rf.cCaskEvlPvyJ6DwFodTC.jpg,Melanoma
199,1,0_31_jpg.rf.in2BkI6vKmC5QXUtd33K.jpg,222,294,2026-05-25T11:37:05+00:00,{'name': '0_31.jpg'},Skin_desease_(Perbaikan)_dataset.coco\train\0_31_jpg.rf.in2BkI6vKmC5QXUtd33K.jpg,Eczema
200,1,t-nevus-spilus-27_jpg.rf.RvFvttcWSY5A91f4HS3b.jpg,480,720,2026-05-25T11:37:05+00:00,{'name': 't-nevus-spilus-27.jpg'},Skin_desease_(Perbaikan)_dataset.coco\train\t-nevus-spilus-27_jpg.rf.RvFvttcWSY5A91f4HS3b.jpg,Melanoma
201,1,t-eczema-foot-88_jpg.rf.EiEN4HiXx6FcyYSeinqz.jpg,720,477,2026-05-25T11:37:05+00:00,{'name': 't-eczema-foot-88.jpg'},Skin_desease_(Perbaikan)_dataset.coco\train\t-eczema-foot-88_jpg.rf.EiEN4HiXx6FcyYSeinqz.jpg,Eczema
202,1,Person-with-batches-of-red-hives-on-their-upper-back-1024x683_jpg.rf.DnVkELiYSufNtCI58u3n.jpg,683,1024,2026-05-25T11:37:05+00:00,{'name': 'Person-with-batches-of-red-hives-on-their-upper-back-1024x683.jpg'},Skin_desease_(Perbaikan)_dataset.coco\train\Person-with-batches-of-red-hives-on-their-upper-back-1024x683_jpg.rf.DnVkELiYSufNtCI58u3n.jpg,Hives
203,1,t-melanocytic-nevi-44_jpg.rf.PbA3EqF5ZqDUh7gJu4ue.jpg,472,720,2026-05-25T11:37:05+00:00,{'name': 't-melanocytic-nevi-44.jpg'},Skin_desease_(Perbaikan)_dataset.coco\train\t-melanocytic-nevi-44_jpg.rf.PbA3EqF5ZqDUh7gJu4ue.jpg,Melanoma
204,1,spitzoid_melanoma_child-3ceca503ddb9fa9ddccad324198922dc_webp.rf.LuMaTxmSI1Z85pQiAPQW.webp,480,640,2026-05-25T11:37:05+00:00,{'name': 'spitzoid_melanoma_child-3ceca503ddb9fa9ddccad324198922dc.webp'},Skin_desease_(Perbaikan)_dataset.coco\train\spitzoid_melanoma_child-3ceca503ddb9fa9ddccad324198922dc_webp.rf.LuMaTxmSI1Z85pQiAPQW.webp,Melanoma
205,1,t-eczema-foot-30_jpg.rf.DuuZiXqtvlpw9vF8q8sc.jpg,720,480,2026-05-25T11:37:05+00:00,{'name': 't-eczema-foot-30.jpg'},Skin_desease_(Perbaikan)_dataset.coco\train\t-eczema-foot-30_jpg.rf.DuuZiXqtvlpw9vF8q8sc.jpg,Eczema
206,1,t-hives-Urticaria-Acute-5_jpg.rf.NR5KpwRfRyUPzDe1jVlp.jpg,720,480,2026-05-25T11:37:05+00:00,{'name': 't-hives-Urticaria-Acute-5.jpg'},Skin_desease_(Perbaikan)_dataset.coco\train\t-hives-Urticaria-Acute-5_jpg.rf.NR5KpwRfRyUPzDe1jVlp.jpg,Hives
207,1,t-PUPPP-2_jpg.rf.tolE6b8NxVRAzIMmU5yg.jpg,480,720,2026-05-25T11:37:05+00:00,{'name': 't-PUPPP-2.jpg'},Skin_desease_(Perbaikan)_dataset.coco\train\t-PUPPP-2_jpg.rf.tolE6b8NxVRAzIMmU5yg.jpg,Hives
208,1,chickenpox88_png.rf.EM07w3x1kphptqSE5G5l.png,224,224,2026-05-25T11:37:05+00:00,"{'user_tags': ['ChickenPox'], 'name': 'chickenpox88.png'}",Skin_desease_(Perbaikan)_dataset.coco\train\chickenpox88_png.rf.EM07w3x1kphptqSE5G5l.png,ChickenPox
209,1,0_10_jpg.rf.ZAk1P4j7wL4e6hBG4qca.jpg,222,294,2026-05-25T11:37:05+00:00,{'name': '0_10.jpg'},Skin_desease_(Perbaikan)_dataset.coco\train\0_10_jpg.rf.ZAk1P4j7wL4e6hBG4qca.jpg,Eczema
210,1,nodular-melanoma_jpg.rf.PjEiXg7Im7a7On1dCYS5.jpg,900,900,2026-05-25T11:37:05+00:00,{'name': 'nodular-melanoma.jpg'},Skin_desease_(Perbaikan)_dataset.coco\train\nodular-melanoma_jpg.rf.PjEiXg7Im7a7On1dCYS5.jpg,Melanoma
211,1,Ploketes_d'_aiwe_dj5_timpe_JPG.rf.2mkBtZyIy9BYtMc8xvSf.JPG,752,500,2026-05-25T11:37:05+00:00,"{'name': ""Ploketes_d'_aiwe_dj5_timpe.JPG""}",Skin_desease_(Perbaikan)_dataset.coco\train\Ploketes_d'_aiwe_dj5_timpe_JPG.rf.2mkBtZyIy9BYtMc8xvSf.JPG,ChickenPox
212,1,acral-lentiginous-melanoma_jpg.rf.JRKqogEBY760BI7BbhTH.jpg,900,900,2026-05-25T11:37:05+00:00,{'name': 'acral-lentiginous-melanoma.jpg'},Skin_desease_(Perbaikan)_dataset.coco\train\acral-lentiginous-melanoma_jpg.rf.JRKqogEBY760BI7BbhTH.jpg,Melanoma
213,1,0_14_jpg.rf.fQS3Lu3cO3icvnovMJaO.jpg,222,294,2026-05-25T11:37:05+00:00,{'name': '0_14.jpg'},Skin_desease_(Perbaikan)_dataset.coco\train\0_14_jpg.rf.fQS3Lu3cO3icvnovMJaO.jpg,Eczema
214,1,t-melanocytic-nevi-29_jpg.rf.d8BCa4ekG7aInMXfsJ8U.jpg,472,720,2026-05-25T11:37:05+00:00,{'name': 't-melanocytic-nevi-29.jpg'},Skin_desease_(Perbaikan)_dataset.coco\train\t-melanocytic-nevi-29_jpg.rf.d8BCa4ekG7aInMXfsJ8U.jpg,Melanoma
215,1,0_9_jpg.rf.YwzKrq0XnD3E1iraAjmP.jpg,222,294,2026-05-25T11:37:05+00:00,{'name': '0_9.jpg'},Skin_desease_(Perbaikan)_dataset.coco\train\0_9_jpg.rf.YwzKrq0XnD3E1iraAjmP.jpg,Eczema
216,1,0_17_jpg.rf.JUuFkqnSDXgn52vQ7vqL.jpg,222,294,2026-05-25T11:37:05+00:00,{'name': '0_17.jpg'},Skin_desease_(Perbaikan)_dataset.coco\train\0_17_jpg.rf.JUuFkqnSDXgn52vQ7vqL.jpg,Eczema
217,1,9_261_jpg.rf.cEWj3S2sF9HjWvsxckS7.jpg,222,294,2026-05-25T11:37:05+00:00,{'name': '9_261.jpg'},Skin_desease_(Perbaikan)_dataset.coco\train\9_261_jpg.rf.cEWj3S2sF9HjWvsxckS7.jpg,Melanoma
218,1,melanoma-symptoms-age-spot-1_webp.rf.S5jttAXjJWhDqGN5RNMQ.webp,295,450,2026-05-25T11:37:05+00:00,{'name': 'melanoma-symptoms-age-spot-1.webp'},Skin_desease_(Perbaikan)_dataset.coco\train\melanoma-symptoms-age-spot-1_webp.rf.S5jttAXjJWhDqGN5RNMQ.webp,Melanoma
219,1,v-melanocytic-nevi-73_jpg.rf.jeErg1MZQ5aGRvB8Tzbb.jpg,472,720,2026-05-25T11:37:05+00:00,{'name': 'v-melanocytic-nevi-73.jpg'},Skin_desease_(Perbaikan)_dataset.coco\train\v-melanocytic-nevi-73_jpg.rf.jeErg1MZQ5aGRvB8Tzbb.jpg,Melanoma
220,1,0b3245405367fa17c8dad441f4408496_png.rf.F46urxEBKpKDsdWTXDy6.png,630,960,2026-05-25T11:37:05+00:00,{'name': '0b3245405367fa17c8dad441f4408496.png'},Skin_desease_(Perbaikan)_dataset.coco\train\0b3245405367fa17c8dad441f4408496_png.rf.F46urxEBKpKDsdWTXDy6.png,Hives
221,1,can_adults_get_chickenpox_varicella_4486326_jpg.rf.6BT7ZE9G0M3qm7DwirwJ.jpg,702,936,2026-05-25T11:37:05+00:00,{'name': 'can_adults_get_chickenpox_varicella_4486326.jpg'},Skin_desease_(Perbaikan)_dataset.coco\train\can_adults_get_chickenpox_varicella_4486326_jpg.rf.6BT7ZE9G0M3qm7DwirwJ.jpg,ChickenPox
222,1,t-melanocytic-nevi-37_jpg.rf.Z2BeEcsRZWOiGqtXWBVw.jpg,480,720,2026-05-25T11:37:05+00:00,{'name': 't-melanocytic-nevi-37.jpg'},Skin_desease_(Perbaikan)_dataset.coco\train\t-melanocytic-nevi-37_jpg.rf.Z2BeEcsRZWOiGqtXWBVw.jpg,Melanoma
223,1,0_23_jpg.rf.mXsutzK2iiZ3WuFoCfWe.jpg,222,294,2026-05-25T11:37:05+00:00,{'name': '0_23.jpg'},Skin_desease_(Perbaikan)_dataset.coco\train\0_23_jpg.rf.mXsutzK2iiZ3WuFoCfWe.jpg,Eczema
224,1,t-melanocytic-nevi-40_jpg.rf.LlhlWYfG9Kw2Wzx0GU1Y.jpg,472,720,2026-05-25T11:37:05+00:00,{'name': 't-melanocytic-nevi-40.jpg'},Skin_desease_(Perbaikan)_dataset.coco\train\t-melanocytic-nevi-40_jpg.rf.LlhlWYfG9Kw2Wzx0GU1Y.jpg,Melanoma
225,1,t-PUPPP-27_jpg.rf.weITVnv8MSVPAOYvLC6P.jpg,492,720,2026-05-25T11:37:05+00:00,{'name': 't-PUPPP-27.jpg'},Skin_desease_(Perbaikan)_dataset.coco\train\t-PUPPP-27_jpg.rf.weITVnv8MSVPAOYvLC6P.jpg,Hives
226,1,t-dermagraphism-39_jpg.rf.0uEh4oI2WXSw67uBoD5x.jpg,472,720,2026-05-25T11:37:05+00:00,{'name': 't-dermagraphism-39.jpg'},Skin_desease_(Perbaikan)_dataset.coco\train\t-dermagraphism-39_jpg.rf.0uEh4oI2WXSw67uBoD5x.jpg,Hives
227,1,t-melanocytic-nevi-26_jpg.rf.1jiFRo0ZdHI6H82G1EyW.jpg,472,720,2026-05-25T11:37:05+00:00,{'name': 't-melanocytic-nevi-26.jpg'},Skin_desease_(Perbaikan)_dataset.coco\train\t-melanocytic-nevi-26_jpg.rf.1jiFRo0ZdHI6H82G1EyW.jpg,Melanoma
228,1,melanoma-symptoms-raised-growth-1_webp.rf.edoq6LyVgNtGakkko3rH.webp,292,450,2026-05-25T11:37:05+00:00,{'name': 'melanoma-symptoms-raised-growth-1.webp'},Skin_desease_(Perbaikan)_dataset.coco\train\melanoma-symptoms-raised-growth-1_webp.rf.edoq6LyVgNtGakkko3rH.webp,Melanoma
229,1,0_16_jpg.rf.0iOZpvYEuV4A6VwlSVlF.jpg,222,294,2026-05-25T11:37:05+00:00,{'name': '0_16.jpg'},Skin_desease_(Perbaikan)_dataset.coco\train\0_16_jpg.rf.0iOZpvYEuV4A6VwlSVlF.jpg,Eczema
230,1,t-melanocytic-nevi-46_jpg.rf.Dr0g7hXIRKMCbkiqoysL.jpg,472,720,2026-05-25T11:37:05+00:00,{'name': 't-melanocytic-nevi-46.jpg'},Skin_desease_(Perbaikan)_dataset.coco\train\t-melanocytic-nevi-46_jpg.rf.Dr0g7hXIRKMCbkiqoysL.jpg,Melanoma
231,1,article_9aab1871c23f7d131dc18daeff824b5c81b01ba5_jpg.rf.OPzaXd59hgMtQVRVr2Jy.jpg,699,1080,2026-05-25T11:37:05+00:00,{'name': 'article_9aab1871c23f7d131dc18daeff824b5c81b01ba5.jpg'},Skin_desease_(Perbaikan)_dataset.coco\train\article_9aab1871c23f7d131dc18daeff824b5c81b01ba5_jpg.rf.OPzaXd59hgMtQVRVr2Jy.jpg,Melanoma
232,1,angioedema-allergy-clinic-south-africa_jpg.rf.FsXSZWgGlhX0PiHYjmxt.jpg,638,930,2026-05-25T11:37:05+00:00,{'name': 'angioedema-allergy-clinic-south-africa.jpg'},Skin_desease_(Perbaikan)_dataset.coco\train\angioedema-allergy-clinic-south-africa_jpg.rf.FsXSZWgGlhX0PiHYjmxt.jpg,Hives
233,1,t-PUPPP-15_jpg.rf.vj34k0V0fFAE14xwInKI.jpg,720,481,2026-05-25T11:37:05+00:00,{'name': 't-PUPPP-15.jpg'},Skin_desease_(Perbaikan)_dataset.coco\train\t-PUPPP-15_jpg.rf.vj34k0V0fFAE14xwInKI.jpg,Hives
234,1,9_139_jpg.rf.keUue9eg42yvhqUAEupM.jpg,222,294,2026-05-25T11:37:05+00:00,{'name': '9_139.jpg'},Skin_desease_(Perbaikan)_dataset.coco\train\9_139_jpg.rf.keUue9eg42yvhqUAEupM.jpg,Melanoma
235,1,t-eczema-foot-37_jpg.rf.qZivIlDLxbvc0kGXlmRR.jpg,480,720,2026-05-25T11:37:05+00:00,{'name': 't-eczema-foot-37.jpg'},Skin_desease_(Perbaikan)_dataset.coco\train\t-eczema-foot-37_jpg.rf.qZivIlDLxbvc0kGXlmRR.jpg,Eczema
236,1,skin-cancer-signs--1024x682_jpg.rf.VjVZQrgYScLeHSNSaT36.jpg,682,1024,2026-05-25T11:37:05+00:00,{'name': 'skin-cancer-signs--1024x682.jpg'},Skin_desease_(Perbaikan)_dataset.coco\train\skin-cancer-signs--1024x682_jpg.rf.VjVZQrgYScLeHSNSaT36.jpg,Melanoma
237,1,t-melanocytic-nevi-36_jpg.rf.Z3HCw7Cccltw1JdTlpXm.jpg,472,720,2026-05-25T11:37:05+00:00,{'name': 't-melanocytic-nevi-36.jpg'},Skin_desease_(Perbaikan)_dataset.coco\train\t-melanocytic-nevi-36_jpg.rf.Z3HCw7Cccltw1JdTlpXm.jpg,Melanoma
238,1,t-melanocytic-nevi-22_jpg.rf.lElYhIljehCIhNLaQKQc.jpg,472,720,2026-05-25T11:37:05+00:00,{'name': 't-melanocytic-nevi-22.jpg'},Skin_desease_(Perbaikan)_dataset.coco\train\t-melanocytic-nevi-22_jpg.rf.lElYhIljehCIhNLaQKQc.jpg,Melanoma
239,1,t-melanocytic-nevi-18_jpg.rf.amtc6qa3GhsyxHZmhwyh.jpg,472,720,2026-05-25T11:37:05+00:00,{'name': 't-melanocytic-nevi-18.jpg'},Skin_desease_(Perbaikan)_dataset.coco\train\t-melanocytic-nevi-18_jpg.rf.amtc6qa3GhsyxHZmhwyh.jpg,Melanoma
240,1,Urticaria-Hives_jpg.rf.EwzDwOHaQIdhMbs7fqux.jpg,300,450,2026-05-25T11:37:05+00:00,{'name': 'Urticaria-Hives.jpg'},Skin_desease_(Perbaikan)_dataset.coco\train\Urticaria-Hives_jpg.rf.EwzDwOHaQIdhMbs7fqux.jpg,Hives
241,1,Chicken pox day 4 tired face_JPG.rf.9Ri4e8YmaUX7fLGOjclM.JPG,768,1024,2026-05-25T11:37:05+00:00,{'name': 'Chicken pox day 4 tired face.JPG'},Skin_desease_(Perbaikan)_dataset.coco\train\Chicken pox day 4 tired face_JPG.rf.9Ri4e8YmaUX7fLGOjclM.JPG,ChickenPox
242,1,0_37_jpg.rf.XXqmSxIVUAcH9lA1RRvZ.jpg,222,294,2026-05-25T11:37:05+00:00,{'name': '0_37.jpg'},Skin_desease_(Perbaikan)_dataset.coco\train\0_37_jpg.rf.XXqmSxIVUAcH9lA1RRvZ.jpg,Eczema
243,1,0_3_jpg.rf.tcSdiVkygSsT5bLEYmTy.jpg,222,294,2026-05-25T11:37:05+00:00,{'name': '0_3.jpg'},Skin_desease_(Perbaikan)_dataset.coco\train\0_3_jpg.rf.tcSdiVkygSsT5bLEYmTy.jpg,Eczema
244,1,0_40_jpg.rf.zOKSGeqoynLcbyfAI1cD.jpg,222,294,2026-05-25T11:37:05+00:00,{'name': '0_40.jpg'},Skin_desease_(Perbaikan)_dataset.coco\train\0_40_jpg.rf.zOKSGeqoynLcbyfAI1cD.jpg,Eczema
245,1,t-melanocytic-nevi-39_jpg.rf.mNm8kqrcBoStlMRAcBra.jpg,720,480,2026-05-25T11:37:05+00:00,{'name': 't-melanocytic-nevi-39.jpg'},Skin_desease_(Perbaikan)_dataset.coco\train\t-melanocytic-nevi-39_jpg.rf.mNm8kqrcBoStlMRAcBra.jpg,Melanoma
246,1,t-melanocytic-nevi-19_jpg.rf.PlBsKziAcpLxEORZ04AL.jpg,472,720,2026-05-25T11:37:05+00:00,{'name': 't-melanocytic-nevi-19.jpg'},Skin_desease_(Perbaikan)_dataset.coco\train\t-melanocytic-nevi-19_jpg.rf.PlBsKziAcpLxEORZ04AL.jpg,Melanoma
247,1,t-melanocytic-nevi-56_jpg.rf.jCavWGJvXYJXlgaGqssD.jpg,480,720,2026-05-25T11:37:05+00:00,{'name': 't-melanocytic-nevi-56.jpg'},Skin_desease_(Perbaikan)_dataset.coco\train\t-melanocytic-nevi-56_jpg.rf.jCavWGJvXYJXlgaGqssD.jpg,Melanoma
248,1,t-hives-Urticaria-Acute-21_jpg.rf.3grOlB9ELyB1WhFOKGVf.jpg,472,720,2026-05-25T11:37:05+00:00,{'name': 't-hives-Urticaria-Acute-21.jpg'},Skin_desease_(Perbaikan)_dataset.coco\train\t-hives-Urticaria-Acute-21_jpg.rf.3grOlB9ELyB1WhFOKGVf.jpg,Hives
249,1,t-melanocytic-nevi-38_jpg.rf.LC4tLjGy33eaHLAlC1VJ.jpg,480,720,2026-05-25T11:37:05+00:00,{'name': 't-melanocytic-nevi-38.jpg'},Skin_desease_(Perbaikan)_dataset.coco\train\t-melanocytic-nevi-38_jpg.rf.LC4tLjGy33eaHLAlC1VJ.jpg,Melanoma
250,1,chronic-spontaneous-urticaria-after-long-covid-2_jpg.rf.FWuU0Amlsby3tFmg31x5.jpg,1035,1380,2026-05-25T11:37:05+00:00,{'name': 'chronic-spontaneous-urticaria-after-long-covid-2.jpg'},Skin_desease_(Perbaikan)_dataset.coco\train\chronic-spontaneous-urticaria-after-long-covid-2_jpg.rf.FWuU0Amlsby3tFmg31x5.jpg,Hives
251,1,images_jpg.rf.Fau2R2WHKRATG65q9n5j.jpg,173,291,2026-05-25T11:37:05+00:00,{'name': 'images.jpg'},Skin_desease_(Perbaikan)_dataset.coco\train\images_jpg.rf.Fau2R2WHKRATG65q9n5j.jpg,ChickenPox
252,1,melanoma-prevention_png.rf.One15h0mu19b6QjUOPU5.png,865,1300,2026-05-25T11:37:05+00:00,{'name': 'melanoma-prevention.png'},Skin_desease_(Perbaikan)_dataset.coco\train\melanoma-prevention_png.rf.One15h0mu19b6QjUOPU5.png,Melanoma
253,1,images_jpg.rf.Wh2FfiC72h2oEnEt9Edh.jpg,183,275,2026-05-25T11:37:05+00:00,{'name': 'images.jpg'},Skin_desease_(Perbaikan)_dataset.coco\train\images_jpg.rf.Wh2FfiC72h2oEnEt9Edh.jpg,Melanoma
254,1,9_102_jpg.rf.mbI42MZF0RYtZcqeTGZk.jpg,222,294,2026-05-25T11:37:05+00:00,{'name': '9_102.jpg'},Skin_desease_(Perbaikan)_dataset.coco\train\9_102_jpg.rf.mbI42MZF0RYtZcqeTGZk.jpg,Melanoma
255,1,t-melanocytic-nevi-50_jpg.rf.raOUxsASVoqW1jx1P13l.jpg,472,720,2026-05-25T11:37:05+00:00,{'name': 't-melanocytic-nevi-50.jpg'},Skin_desease_(Perbaikan)_dataset.coco\train\t-melanocytic-nevi-50_jpg.rf.raOUxsASVoqW1jx1P13l.jpg,Melanoma
256,1,0_21_jpg.rf.t6TyfsBjXc6U3W2IbjFe.jpg,222,294,2026-05-25T11:37:05+00:00,{'name': '0_21.jpg'},Skin_desease_(Perbaikan)_dataset.coco\train\0_21_jpg.rf.t6TyfsBjXc6U3W2IbjFe.jpg,Eczema
257,1,63-urticaria-1024x1024_jpg.rf.FyCLQLN0ct0v8udabnwS.jpg,1024,1024,2026-05-25T11:37:05+00:00,{'name': '63-urticaria-1024x1024.jpg'},Skin_desease_(Perbaikan)_dataset.coco\train\63-urticaria-1024x1024_jpg.rf.FyCLQLN0ct0v8udabnwS.jpg,Hives
258,1,chickenpox-pimples-skin-child-back-theme-childhood-diseases-chickenpox-pimples-skin-164738327_jpg.rf.0vpb2tnDLqQeElaey9JK.jpg,900,600,2026-05-25T11:37:05+00:00,{'name': 'chickenpox-pimples-skin-child-back-theme-childhood-diseases-chickenpox-pimples-skin-164738327.jpg'},Skin_desease_(Perbaikan)_dataset.coco\train\chickenpox-pimples-skin-child-back-theme-childhood-diseases-chickenpox-pimples-skin-164738327_jpg.rf.0vpb2tnDLqQeElaey9JK.jpg,ChickenPox
259,1,t-nevus-spilus-29_jpg.rf.pXybFsJSekeYC70yrhsY.jpg,573,720,2026-05-25T11:37:05+00:00,{'name': 't-nevus-spilus-29.jpg'},Skin_desease_(Perbaikan)_dataset.coco\train\t-nevus-spilus-29_jpg.rf.pXybFsJSekeYC70yrhsY.jpg,Melanoma
260,1,t-dermagraphism-8_jpg.rf.8viQF2vbwYObfsujGHTZ.jpg,466,720,2026-05-25T11:37:05+00:00,{'name': 't-dermagraphism-8.jpg'},Skin_desease_(Perbaikan)_dataset.coco\train\t-dermagraphism-8_jpg.rf.8viQF2vbwYObfsujGHTZ.jpg,Hives
261,1,chickenpox-23285565_jpg.rf.60G9KxeVDXYomlW8tlq5.jpg,533,800,2026-05-25T11:37:05+00:00,{'name': 'chickenpox-23285565.jpg'},Skin_desease_(Perbaikan)_dataset.coco\train\chickenpox-23285565_jpg.rf.60G9KxeVDXYomlW8tlq5.jpg,ChickenPox
262,1,t-hives-Urticaria-Acute-10_jpg.rf.IZlAu9qK9S8EVVq1tEMt.jpg,472,720,2026-05-25T11:37:05+00:00,{'name': 't-hives-Urticaria-Acute-10.jpg'},Skin_desease_(Perbaikan)_dataset.coco\train\t-hives-Urticaria-Acute-10_jpg.rf.IZlAu9qK9S8EVVq1tEMt.jpg,Hives
263,1,t-melanocytic-nevi-32_jpg.rf.wESkpgTB2UePSvWOXUXL.jpg,472,720,2026-05-25T11:37:05+00:00,{'name': 't-melanocytic-nevi-32.jpg'},Skin_desease_(Perbaikan)_dataset.coco\train\t-melanocytic-nevi-32_jpg.rf.wESkpgTB2UePSvWOXUXL.jpg,Melanoma
264,1,t-erythema-annulare-centrifugum-2_jpg.rf.BnIff73utNBAMU1aOqn4.jpg,500,720,2026-05-25T11:37:05+00:00,{'name': 't-erythema-annulare-centrifugum-2.jpg'},Skin_desease_(Perbaikan)_dataset.coco\train\t-erythema-annulare-centrifugum-2_jpg.rf.BnIff73utNBAMU1aOqn4.jpg,Hives
265,1,gettyimages-626265970-1527780741_jpg.rf.xRfcjYmYAEKAEkhBfP0f.jpg,640,640,2026-05-25T11:37:05+00:00,{'name': 'gettyimages-626265970-1527780741.jpg'},Skin_desease_(Perbaikan)_dataset.coco\train\gettyimages-626265970-1527780741_jpg.rf.xRfcjYmYAEKAEkhBfP0f.jpg,Melanoma
266,1,Ploketes_d'_aiwe_dj3_timpe_jpg.rf.XYSMXwiUv5RNAqXgE5h9.jpg,754,500,2026-05-25T11:37:05+00:00,"{'name': ""Ploketes_d'_aiwe_dj3_timpe.jpg""}",Skin_desease_(Perbaikan)_dataset.coco\train\Ploketes_d'_aiwe_dj3_timpe_jpg.rf.XYSMXwiUv5RNAqXgE5h9.jpg,ChickenPox
267,1,t-dermagraphism-9_jpg.rf.PMq0MKN3fzuv6NTOvugw.jpg,720,455,2026-05-25T11:37:05+00:00,{'name': 't-dermagraphism-9.jpg'},Skin_desease_(Perbaikan)_dataset.coco\train\t-dermagraphism-9_jpg.rf.PMq0MKN3fzuv6NTOvugw.jpg,Hives
268,1,t-melanocytic-nevi-28_jpg.rf.uG99xBwGnjoSfLGbRJcB.jpg,472,720,2026-05-25T11:37:05+00:00,{'name': 't-melanocytic-nevi-28.jpg'},Skin_desease_(Perbaikan)_dataset.coco\train\t-melanocytic-nevi-28_jpg.rf.uG99xBwGnjoSfLGbRJcB.jpg,Melanoma
269,1,Superficial_Spreading_Melanoma_dark_skin1-e2239946a8361e5dc3c443395c3a628c_webp.rf.jNRLMbNEuOzgpR1viV3I.webp,564,700,2026-05-25T11:37:05+00:00,{'name': 'Superficial_Spreading_Melanoma_dark_skin1-e2239946a8361e5dc3c443395c3a628c.webp'},Skin_desease_(Perbaikan)_dataset.coco\train\Superficial_Spreading_Melanoma_dark_skin1-e2239946a8361e5dc3c443395c3a628c_webp.rf.jNRLMbNEuOzgpR1viV3I.webp,Melanoma
270,1,t-melanocytic-nevi-25_jpg.rf.rPwSfngJyVawQZ6bIMnY.jpg,480,720,2026-05-25T11:37:05+00:00,{'name': 't-melanocytic-nevi-25.jpg'},Skin_desease_(Perbaikan)_dataset.coco\train\t-melanocytic-nevi-25_jpg.rf.rPwSfngJyVawQZ6bIMnY.jpg,Melanoma
271,1,Ploketes_d'_aiwe29-01-02-4_jpg.rf.HQnuzpFSfo0CtTlSRqnT.jpg,640,480,2026-05-25T11:37:05+00:00,"{'name': ""Ploketes_d'_aiwe29-01-02-4.jpg""}",Skin_desease_(Perbaikan)_dataset.coco\train\Ploketes_d'_aiwe29-01-02-4_jpg.rf.HQnuzpFSfo0CtTlSRqnT.jpg,ChickenPox
272,1,Nodular+Melanoma+Picture_webp.rf.MnnU0g0s4ToiQEddxL2A.webp,633,744,2026-05-25T11:37:05+00:00,{'name': 'Nodular+Melanoma+Picture.webp'},Skin_desease_(Perbaikan)_dataset.coco\train\Nodular+Melanoma+Picture_webp.rf.MnnU0g0s4ToiQEddxL2A.webp,Melanoma
274,1,t-PUPPP-22_jpg.rf.xtMFl9ANlDKIQEuwGXJX.jpg,591,720,2026-05-25T11:37:05+00:00,{'name': 't-PUPPP-22.jpg'},Skin_desease_(Perbaikan)_dataset.coco\train\t-PUPPP-22_jpg.rf.xtMFl9ANlDKIQEuwGXJX.jpg,Hives
275,1,t-eczema-foot-1_jpg.rf.ItQXVb1a3kx9J4Bf17Kg.jpg,480,720,2026-05-25T11:37:05+00:00,{'name': 't-eczema-foot-1.jpg'},Skin_desease_(Perbaikan)_dataset.coco\train\t-eczema-foot-1_jpg.rf.ItQXVb1a3kx9J4Bf17Kg.jpg,Eczema
276,1,t-melanocytic-nevi-35_jpg.rf.xQKf2X9bs8mOM6kbrug5.jpg,472,720,2026-05-25T11:37:05+00:00,{'name': 't-melanocytic-nevi-35.jpg'},Skin_desease_(Perbaikan)_dataset.coco\train\t-melanocytic-nevi-35_jpg.rf.xQKf2X9bs8mOM6kbrug5.jpg,Melanoma
277,1,0_4_jpg.rf.lj9SpcQ46ziF7YdbPPyW.jpg,222,294,2026-05-25T11:37:05+00:00,{'name': '0_4.jpg'},Skin_desease_(Perbaikan)_dataset.coco\train\0_4_jpg.rf.lj9SpcQ46ziF7YdbPPyW.jpg,Eczema
278,1,9dbe8576678fbaf638cbd6b3a4bee4c4_jpg.rf.MziFAv0X3KKpGjsIFt9r.jpg,1691,1200,2026-05-25T11:37:05+00:00,{'name': '9dbe8576678fbaf638cbd6b3a4bee4c4.jpg'},Skin_desease_(Perbaikan)_dataset.coco\train\9dbe8576678fbaf638cbd6b3a4bee4c4_jpg.rf.MziFAv0X3KKpGjsIFt9r.jpg,ChickenPox
279,1,t-hives-Urticaria-Acute-14_jpg.rf.X9XqxVnfgv00JwSGa4MQ.jpg,720,480,2026-05-25T11:37:05+00:00,{'name': 't-hives-Urticaria-Acute-14.jpg'},Skin_desease_(Perbaikan)_dataset.coco\train\t-hives-Urticaria-Acute-14_jpg.rf.X9XqxVnfgv00JwSGa4MQ.jpg,Hives
280,1,t-erythema-annulare-centrifugum-6_jpg.rf.LecywIt3dTpyBfin7s3Q.jpg,720,477,2026-05-25T11:37:05+00:00,{'name': 't-erythema-annulare-centrifugum-6.jpg'},Skin_desease_(Perbaikan)_dataset.coco\train\t-erythema-annulare-centrifugum-6_jpg.rf.LecywIt3dTpyBfin7s3Q.jpg,Hives
281,1,t-hives-Urticaria-Acute-17_jpg.rf.YRPHxaSHYHwDSICc2gaw.jpg,472,720,2026-05-25T11:37:05+00:00,{'name': 't-hives-Urticaria-Acute-17.jpg'},Skin_desease_(Perbaikan)_dataset.coco\train\t-hives-Urticaria-Acute-17_jpg.rf.YRPHxaSHYHwDSICc2gaw.jpg,Hives
282,1,chickenpox34_png.rf.H7wySiyyOuqk8m57JDLZ.png,224,224,2026-05-25T11:37:05+00:00,"{'user_tags': ['ChickenPox'], 'name': 'chickenpox34.png'}",Skin_desease_(Perbaikan)_dataset.coco\train\chickenpox34_png.rf.H7wySiyyOuqk8m57JDLZ.png,ChickenPox
283,1,t-melanocytic-nevi-47_jpg.rf.zRxAR2dRSqEa7dwOOKD5.jpg,472,720,2026-05-25T11:37:05+00:00,{'name': 't-melanocytic-nevi-47.jpg'},Skin_desease_(Perbaikan)_dataset.coco\train\t-melanocytic-nevi-47_jpg.rf.zRxAR2dRSqEa7dwOOKD5.jpg,Melanoma
284,1,1800x1200_malignant_melanoma_ref_guide_webp.rf.vnZMzUUsR5u0PgMvwcdx.webp,1200,1800,2026-05-25T11:37:05+00:00,{'name': '1800x1200_malignant_melanoma_ref_guide.webp'},Skin_desease_(Perbaikan)_dataset.coco\train\1800x1200_malignant_melanoma_ref_guide_webp.rf.vnZMzUUsR5u0PgMvwcdx.webp,Melanoma
285,1,t-dermagraphism-6_jpg.rf.fInysndrCrsfXEEnKYq8.jpg,720,483,2026-05-25T11:37:05+00:00,{'name': 't-dermagraphism-6.jpg'},Skin_desease_(Perbaikan)_dataset.coco\train\t-dermagraphism-6_jpg.rf.fInysndrCrsfXEEnKYq8.jpg,Hives
286,1,t-melanocytic-nevi-31_jpg.rf.zQZIDNtsM2hLjWXXydV3.jpg,472,720,2026-05-25T11:37:05+00:00,{'name': 't-melanocytic-nevi-31.jpg'},Skin_desease_(Perbaikan)_dataset.coco\train\t-melanocytic-nevi-31_jpg.rf.zQZIDNtsM2hLjWXXydV3.jpg,Melanoma
287,1,chicken-pox-rash-young-boy-body-chickenpox-infection-caused-varicella-zoster-virus-begins-as-blister-like-153847560_jpg.rf.AwmY0IhQuerzWSM2jPVI.jpg,900,600,2026-05-25T11:37:05+00:00,{'name': 'chicken-pox-rash-young-boy-body-chickenpox-infection-caused-varicella-zoster-virus-begins-as-blister-like-153847560.jpg'},Skin_desease_(Perbaikan)_dataset.coco\train\chicken-pox-rash-young-boy-body-chickenpox-infection-caused-varicella-zoster-virus-begins-as-blister-like-153847560_jpg.rf.AwmY0IhQuerzWSM2jPVI.jpg,ChickenPox
288,1,asymmetry-mole-b-1527710252_jpg.rf.fgHvYbtPy9X7PbTBNQbn.jpg,283,768,2026-05-25T11:37:05+00:00,{'name': 'asymmetry-mole-b-1527710252.jpg'},Skin_desease_(Perbaikan)_dataset.coco\train\asymmetry-mole-b-1527710252_jpg.rf.fgHvYbtPy9X7PbTBNQbn.jpg,Melanoma
289,1,t-malignant-melanoma-123_jpg.rf.TPCFs2Hw14rHfla1IWR5.jpg,477,720,2026-05-25T11:37:05+00:00,{'name': 't-malignant-melanoma-123.jpg'},Skin_desease_(Perbaikan)_dataset.coco\train\t-malignant-melanoma-123_jpg.rf.TPCFs2Hw14rHfla1IWR5.jpg,Melanoma
290,1,R_png.rf.DpQxc1PHdttsWvzKpxxf.png,500,1000,2026-05-25T11:37:05+00:00,{'name': 'R.png'},Skin_desease_(Perbaikan)_dataset.coco\train\R_png.rf.DpQxc1PHdttsWvzKpxxf.png,ChickenPox
291,1,images_jpg.rf.Q2sWa5anmiSbR7A4CenP.jpg,194,259,2026-05-25T11:37:05+00:00,{'name': 'images.jpg'},Skin_desease_(Perbaikan)_dataset.coco\train\images_jpg.rf.Q2sWa5anmiSbR7A4CenP.jpg,Hives
292,1,acral_lentiginous_melanoma-0a32f30e301e66d82cbe9773cc75431d_webp.rf.UIyTEJFOs8LvotAugFXN.webp,480,640,2026-05-25T11:37:05+00:00,{'name': 'acral_lentiginous_melanoma-0a32f30e301e66d82cbe9773cc75431d.webp'},Skin_desease_(Perbaikan)_dataset.coco\train\acral_lentiginous_melanoma-0a32f30e301e66d82cbe9773cc75431d_webp.rf.UIyTEJFOs8LvotAugFXN.webp,Melanoma
293,1,t-melanocytic-nevi-34_jpg.rf.UP4HUtRO5Y3nu3zBMHJs.jpg,472,720,2026-05-25T11:37:05+00:00,{'name': 't-melanocytic-nevi-34.jpg'},Skin_desease_(Perbaikan)_dataset.coco\train\t-melanocytic-nevi-34_jpg.rf.UP4HUtRO5Y3nu3zBMHJs.jpg,Melanoma
294,1,t-malignant-melanoma-112_jpg.rf.EALl3GulAqBb9mu4FMka.jpg,469,720,2026-05-25T11:37:05+00:00,{'name': 't-malignant-melanoma-112.jpg'},Skin_desease_(Perbaikan)_dataset.coco\train\t-malignant-melanoma-112_jpg.rf.EALl3GulAqBb9mu4FMka.jpg,Melanoma
295,1,t-erythema-annulare-centrifugum-3_jpg.rf.PaWxBwjebrOIUb4BXgoz.jpg,720,582,2026-05-25T11:37:05+00:00,{'name': 't-erythema-annulare-centrifugum-3.jpg'},Skin_desease_(Perbaikan)_dataset.coco\train\t-erythema-annulare-centrifugum-3_jpg.rf.PaWxBwjebrOIUb4BXgoz.jpg,Hives
296,1,t-lentigo-maligna-22_jpg.rf.EHlwXTaVw4tCTRQSauj5.jpg,480,720,2026-05-25T11:37:05+00:00,{'name': 't-lentigo-maligna-22.jpg'},Skin_desease_(Perbaikan)_dataset.coco\train\t-lentigo-maligna-22_jpg.rf.EHlwXTaVw4tCTRQSauj5.jpg,Melanoma
297,1,chicken-pox-rash-young-boy-body-chickenpox-infection-caused-varicella-zoster-virus-begins-as-blister-like-150247403_jpg.rf.6vG5RZDmjQ5uNX6A0lNn.jpg,533,800,2026-05-25T11:37:05+00:00,{'name': 'chicken-pox-rash-young-boy-body-chickenpox-infection-caused-varicella-zoster-virus-begins-as-blister-like-150247403.jpg'},Skin_desease_(Perbaikan)_dataset.coco\train\chicken-pox-rash-young-boy-body-chickenpox-infection-caused-varicella-zoster-virus-begins-as-blister-like-150247403_jpg.rf.6vG5RZDmjQ5uNX6A0lNn.jpg,ChickenPox
298,1,t-eczema-hand-108_jpg.rf.KUfVZqKzjozg8lzpLWxU.jpg,472,720,2026-05-25T11:37:05+00:00,{'name': 't-eczema-hand-108.jpg'},Skin_desease_(Perbaikan)_dataset.coco\train\t-eczema-hand-108_jpg.rf.KUfVZqKzjozg8lzpLWxU.jpg,Eczema
299,1,chickenpox-disease-chickenpox-virus-chicken-pox-outbreak-children-concept-contagion-chickenpox-disease-chickenpox-virus-178802952_jpg.rf.Ibhd8PMS6pPTtIXYqgmV.jpg,531,800,2026-05-25T11:37:05+00:00,{'name': 'chickenpox-disease-chickenpox-virus-chicken-pox-outbreak-children-concept-contagion-chickenpox-disease-chickenpox-virus-178802952.jpg'},Skin_desease_(Perbaikan)_dataset.coco\train\chickenpox-disease-chickenpox-virus-chicken-pox-outbreak-children-concept-contagion-chickenpox-disease-chickenpox-virus-178802952_jpg.rf.Ibhd8PMS6pPTtIXYqgmV.jpg,ChickenPox
300,1,v-melanocytic-nevi-57_jpg.rf.pqgpJ8o13Zw8c7vragnJ.jpg,472,720,2026-05-25T11:37:05+00:00,{'name': 'v-melanocytic-nevi-57.jpg'},Skin_desease_(Perbaikan)_dataset.coco\train\v-melanocytic-nevi-57_jpg.rf.pqgpJ8o13Zw8c7vragnJ.jpg,Melanoma
301,1,t-hives-Urticaria-Acute-103_jpg.rf.k1P2dCGFnnFmuCSgXKbW.jpg,477,720,2026-05-25T11:37:05+00:00,{'name': 't-hives-Urticaria-Acute-103.jpg'},Skin_desease_(Perbaikan)_dataset.coco\train\t-hives-Urticaria-Acute-103_jpg.rf.k1P2dCGFnnFmuCSgXKbW.jpg,Hives
302,1,urt_child_fee391183f15cb4d62773032fe0be92d_jpg.rf.Gg9IcT3Q2XEMOf52U5lm.jpg,900,592,2026-05-25T11:37:05+00:00,{'name': 'urt_child_fee391183f15cb4d62773032fe0be92d.jpg'},Skin_desease_(Perbaikan)_dataset.coco\train\urt_child_fee391183f15cb4d62773032fe0be92d_jpg.rf.Gg9IcT3Q2XEMOf52U5lm.jpg,Hives
303,1,t-PUPPP-13_jpg.rf.wpmiwJjAkwX5N1BVsLUe.jpg,478,720,2026-05-25T11:37:05+00:00,{'name': 't-PUPPP-13.jpg'},Skin_desease_(Perbaikan)_dataset.coco\train\t-PUPPP-13_jpg.rf.wpmiwJjAkwX5N1BVsLUe.jpg,Hives
304,1,t-erythema-annulare-centrifugum-16_jpg.rf.aBZhQspOLEZzCiXJP6ZV.jpg,720,480,2026-05-25T11:37:05+00:00,{'name': 't-erythema-annulare-centrifugum-16.jpg'},Skin_desease_(Perbaikan)_dataset.coco\train\t-erythema-annulare-centrifugum-16_jpg.rf.aBZhQspOLEZzCiXJP6ZV.jpg,Hives
305,1,varicella-chicken-pox1_thumb_jpg.rf.QGCNMmsxDmHdTSnT6oAc.jpg,220,292,2026-05-25T11:37:05+00:00,{'name': 'varicella-chicken-pox1_thumb.jpg'},Skin_desease_(Perbaikan)_dataset.coco\train\varicella-chicken-pox1_thumb_jpg.rf.QGCNMmsxDmHdTSnT6oAc.jpg,ChickenPox
306,1,Varicela_Aranzales_jpg.rf.OEsi3dXhj6mH2HS9U43F.jpg,2236,1960,2026-05-25T11:37:05+00:00,{'name': 'Varicela_Aranzales.jpg'},Skin_desease_(Perbaikan)_dataset.coco\train\Varicela_Aranzales_jpg.rf.OEsi3dXhj6mH2HS9U43F.jpg,ChickenPox
307,1,t-hives-Urticaria-Acute-100_jpg.rf.bCSlYM19lv3PAaDrUjX7.jpg,720,594,2026-05-25T11:37:05+00:00,{'name': 't-hives-Urticaria-Acute-100.jpg'},Skin_desease_(Perbaikan)_dataset.coco\train\t-hives-Urticaria-Acute-100_jpg.rf.bCSlYM19lv3PAaDrUjX7.jpg,Hives
308,1,t-erythema-annulare-centrifugum-8_jpg.rf.cB3BJVOJjYqJgSb23Dmk.jpg,720,459,2026-05-25T11:37:05+00:00,{'name': 't-erythema-annulare-centrifugum-8.jpg'},Skin_desease_(Perbaikan)_dataset.coco\train\t-erythema-annulare-centrifugum-8_jpg.rf.cB3BJVOJjYqJgSb23Dmk.jpg,Hives
309,1,imagesd_jpg.rf.QeCXwuAEdifpZMDYSD8n.jpg,194,259,2026-05-25T11:37:05+00:00,{'name': 'imagesd.jpg'},Skin_desease_(Perbaikan)_dataset.coco\train\imagesd_jpg.rf.QeCXwuAEdifpZMDYSD8n.jpg,Melanoma
310,1,chickenpox52_png.rf.Hp9n5IicbTXaraAdpmT8.png,224,224,2026-05-25T11:37:05+00:00,"{'user_tags': ['ChickenPox'], 'name': 'chickenpox52.png'}",Skin_desease_(Perbaikan)_dataset.coco\train\chickenpox52_png.rf.Hp9n5IicbTXaraAdpmT8.png,ChickenPox
311,1,chicken-pox-rash-young-boy-body-chickenpox-infection-caused-varicella-zoster-virus-begins-as-blister-like-146813715_jpg.rf.5DUXOs3yGKc7XSIGVDHp.jpg,533,800,2026-05-25T11:37:05+00:00,{'name': 'chicken-pox-rash-young-boy-body-chickenpox-infection-caused-varicella-zoster-virus-begins-as-blister-like-146813715.jpg'},Skin_desease_(Perbaikan)_dataset.coco\train\chicken-pox-rash-young-boy-body-chickenpox-infection-caused-varicella-zoster-virus-begins-as-blister-like-146813715_jpg.rf.5DUXOs3yGKc7XSIGVDHp.jpg,ChickenPox
312,1,t-hives-Urticaria-Acute-15_jpg.rf.tXmDklZEyIbTdKxXXTaC.jpg,720,480,2026-05-25T11:37:05+00:00,{'name': 't-hives-Urticaria-Acute-15.jpg'},Skin_desease_(Perbaikan)_dataset.coco\train\t-hives-Urticaria-Acute-15_jpg.rf.tXmDklZEyIbTdKxXXTaC.jpg,Hives
313,1,t-lentigo-maligna-20_jpg.rf.KBd7dNUTEHYbZjxgQ4kk.jpg,472,720,2026-05-25T11:37:05+00:00,{'name': 't-lentigo-maligna-20.jpg'},Skin_desease_(Perbaikan)_dataset.coco\train\t-lentigo-maligna-20_jpg.rf.KBd7dNUTEHYbZjxgQ4kk.jpg,Melanoma
314,1,chickenpox-baby-details-aged-months-old-has-38955062 (1)_jpg.rf.I66MyTHoXk8GWi1WD61O.jpg,533,800,2026-05-25T11:37:05+00:00,{'name': 'chickenpox-baby-details-aged-months-old-has-38955062 (1).jpg'},Skin_desease_(Perbaikan)_dataset.coco\train\chickenpox-baby-details-aged-months-old-has-38955062 (1)_jpg.rf.I66MyTHoXk8GWi1WD61O.jpg,ChickenPox
315,1,chickenpox-bubble-rash-boy-varicella-zoster-virus-chickenpox-bubble-rash-boy-121630018_jpg.rf.9BaZWS8bSphyfDMq2Vuq.jpg,533,800,2026-05-25T11:37:05+00:00,{'name': 'chickenpox-bubble-rash-boy-varicella-zoster-virus-chickenpox-bubble-rash-boy-121630018.jpg'},Skin_desease_(Perbaikan)_dataset.coco\train\chickenpox-bubble-rash-boy-varicella-zoster-virus-chickenpox-bubble-rash-boy-121630018_jpg.rf.9BaZWS8bSphyfDMq2Vuq.jpg,ChickenPox
316,1,t-malignant-melanoma-105_jpg.rf.EPKWYjo3CNW54taBw1Z7.jpg,479,720,2026-05-25T11:37:05+00:00,{'name': 't-malignant-melanoma-105.jpg'},Skin_desease_(Perbaikan)_dataset.coco\train\t-malignant-melanoma-105_jpg.rf.EPKWYjo3CNW54taBw1Z7.jpg,Melanoma
317,1,chickenpox-back-view-days-infection-69218138_jpg.rf.4fcidcL7bxEepLxTIkIZ.jpg,533,800,2026-05-25T11:37:05+00:00,{'name': 'chickenpox-back-view-days-infection-69218138.jpg'},Skin_desease_(Perbaikan)_dataset.coco\train\chickenpox-back-view-days-infection-69218138_jpg.rf.4fcidcL7bxEepLxTIkIZ.jpg,ChickenPox
318,1,Figure_6-11_jpg.rf.GfqyOVpezbElDsInkbhF.jpg,549,645,2026-05-25T11:37:05+00:00,{'name': 'Figure_6-11.jpg'},Skin_desease_(Perbaikan)_dataset.coco\train\Figure_6-11_jpg.rf.GfqyOVpezbElDsInkbhF.jpg,Hives
319,1,chickenpox-1_jpeg.rf.9EAe6U8QLGO1dPgcGR3S.jpeg,3595,5393,2026-05-25T11:37:05+00:00,{'name': 'chickenpox-1.jpeg'},Skin_desease_(Perbaikan)_dataset.coco\train\chickenpox-1_jpeg.rf.9EAe6U8QLGO1dPgcGR3S.jpeg,ChickenPox
320,1,t-malignant-melanoma-18_jpg.rf.VlwnlHGkzJqsNdnKf8H3.jpg,472,720,2026-05-25T11:37:05+00:00,{'name': 't-malignant-melanoma-18.jpg'},Skin_desease_(Perbaikan)_dataset.coco\train\t-malignant-melanoma-18_jpg.rf.VlwnlHGkzJqsNdnKf8H3.jpg,Melanoma
321,1,chickenpox-baby-details-aged-months-old-has-43520219 (1)_jpg.rf.IgpdsU6vBNhIZyAtnQXF.jpg,533,800,2026-05-25T11:37:05+00:00,{'name': 'chickenpox-baby-details-aged-months-old-has-43520219 (1).jpg'},Skin_desease_(Perbaikan)_dataset.coco\train\chickenpox-baby-details-aged-months-old-has-43520219 (1)_jpg.rf.IgpdsU6vBNhIZyAtnQXF.jpg,ChickenPox
322,1,t-hives-Urticaria-Acute-1_jpg.rf.g9hNIkWRDqMjAXeD3nuG.jpg,720,473,2026-05-25T11:37:05+00:00,{'name': 't-hives-Urticaria-Acute-1.jpg'},Skin_desease_(Perbaikan)_dataset.coco\train\t-hives-Urticaria-Acute-1_jpg.rf.g9hNIkWRDqMjAXeD3nuG.jpg,Hives
323,1,t-malignant-melanoma-111_jpg.rf.dUsl1BJlARvcQ8MKA5XP.jpg,479,720,2026-05-25T11:37:05+00:00,{'name': 't-malignant-melanoma-111.jpg'},Skin_desease_(Perbaikan)_dataset.coco\train\t-malignant-melanoma-111_jpg.rf.dUsl1BJlARvcQ8MKA5XP.jpg,Melanoma
324,1,v-melanocytic-nevi-75_jpg.rf.oYdBubymhKe9IJ3e6hGw.jpg,720,480,2026-05-25T11:37:05+00:00,{'name': 'v-melanocytic-nevi-75.jpg'},Skin_desease_(Perbaikan)_dataset.coco\train\v-melanocytic-nevi-75_jpg.rf.oYdBubymhKe9IJ3e6hGw.jpg,Melanoma
325,1,t-hives-Urticaria-Acute-16_jpg.rf.oaiA6wDLhTWgoFxdzNGB.jpg,480,720,2026-05-25T11:37:05+00:00,{'name': 't-hives-Urticaria-Acute-16.jpg'},Skin_desease_(Perbaikan)_dataset.coco\train\t-hives-Urticaria-Acute-16_jpg.rf.oaiA6wDLhTWgoFxdzNGB.jpg,Hives
326,1,chickenpox-body-little-girl-year-old-87879066_jpg.rf.8SAYMzpQU5mTeE43W0Yz.jpg,800,800,2026-05-25T11:37:05+00:00,{'name': 'chickenpox-body-little-girl-year-old-87879066.jpg'},Skin_desease_(Perbaikan)_dataset.coco\train\chickenpox-body-little-girl-year-old-87879066_jpg.rf.8SAYMzpQU5mTeE43W0Yz.jpg,ChickenPox
327,1,t-hives-Urticaria-Acute-11_jpg.rf.lZel0B519DpoQyGv5A5b.jpg,472,720,2026-05-25T11:37:05+00:00,{'name': 't-hives-Urticaria-Acute-11.jpg'},Skin_desease_(Perbaikan)_dataset.coco\train\t-hives-Urticaria-Acute-11_jpg.rf.lZel0B519DpoQyGv5A5b.jpg,Hives
328,1,t-malignant-melanoma-102_jpg.rf.dPWeukcK51ppdK9P0NJW.jpg,472,720,2026-05-25T11:37:05+00:00,{'name': 't-malignant-melanoma-102.jpg'},Skin_desease_(Perbaikan)_dataset.coco\train\t-malignant-melanoma-102_jpg.rf.dPWeukcK51ppdK9P0NJW.jpg,Melanoma
329,1,t-erythema-annulare-centrifugum-5_jpg.rf.aLNZqsUy3yC3BWNU3Pso.jpg,493,720,2026-05-25T11:37:05+00:00,{'name': 't-erythema-annulare-centrifugum-5.jpg'},Skin_desease_(Perbaikan)_dataset.coco\train\t-erythema-annulare-centrifugum-5_jpg.rf.aLNZqsUy3yC3BWNU3Pso.jpg,Hives
330,1,severe-chickenpox-varicella_jpg.rf.0PeWukkAjvio2yhvRqyA.jpg,700,1100,2026-05-25T11:37:05+00:00,{'name': 'severe-chickenpox-varicella.jpg'},Skin_desease_(Perbaikan)_dataset.coco\train\severe-chickenpox-varicella_jpg.rf.0PeWukkAjvio2yhvRqyA.jpg,ChickenPox
331,1,symptoms-of-chicken-pox-2-1585553959-lb_jpg.rf.4z9NadUj8BfagKGa6HDe.jpg,425,740,2026-05-25T11:37:05+00:00,{'name': 'symptoms-of-chicken-pox-2-1585553959-lb.jpg'},Skin_desease_(Perbaikan)_dataset.coco\train\symptoms-of-chicken-pox-2-1585553959-lb_jpg.rf.4z9NadUj8BfagKGa6HDe.jpg,ChickenPox
332,1,t-erythema-annulare-centrifugum-10_jpg.rf.vYC2GrIIB7kfrevbQz2V.jpg,720,480,2026-05-25T11:37:05+00:00,{'name': 't-erythema-annulare-centrifugum-10.jpg'},Skin_desease_(Perbaikan)_dataset.coco\train\t-erythema-annulare-centrifugum-10_jpg.rf.vYC2GrIIB7kfrevbQz2V.jpg,Hives
333,1,chicken-pox-rash-viral-infections-chickenpox-disease-closeup-103118096_jpg.rf.PN1DqX8n0USnIkiZROsL.jpg,900,600,2026-05-25T11:37:05+00:00,{'name': 'chicken-pox-rash-viral-infections-chickenpox-disease-closeup-103118096.jpg'},Skin_desease_(Perbaikan)_dataset.coco\train\chicken-pox-rash-viral-infections-chickenpox-disease-closeup-103118096_jpg.rf.PN1DqX8n0USnIkiZROsL.jpg,ChickenPox
334,1,chicken-pox-close-up-child-skin-spots-30937114_jpg.rf.FWLHfspAhOIeAW2xGHWO.jpg,534,800,2026-05-25T11:37:05+00:00,{'name': 'chicken-pox-close-up-child-skin-spots-30937114.jpg'},Skin_desease_(Perbaikan)_dataset.coco\train\chicken-pox-close-up-child-skin-spots-30937114_jpg.rf.FWLHfspAhOIeAW2xGHWO.jpg,ChickenPox
335,1,t-malignant-melanoma-116_jpg.rf.G6v11rO0Rrhgmd8AhiPH.jpg,483,720,2026-05-25T11:37:05+00:00,{'name': 't-malignant-melanoma-116.jpg'},Skin_desease_(Perbaikan)_dataset.coco\train\t-malignant-melanoma-116_jpg.rf.G6v11rO0Rrhgmd8AhiPH.jpg,Melanoma
336,1,chicken-pox-rash-young-boy-body-chickenpox-infection-caused-varicella-zoster-virus-begins-as-blister-like-153847538_jpg.rf.XYF17fkj0tRXIAIGqe1y.jpg,533,800,2026-05-25T11:37:05+00:00,{'name': 'chicken-pox-rash-young-boy-body-chickenpox-infection-caused-varicella-zoster-virus-begins-as-blister-like-153847538.jpg'},Skin_desease_(Perbaikan)_dataset.coco\train\chicken-pox-rash-young-boy-body-chickenpox-infection-caused-varicella-zoster-virus-begins-as-blister-like-153847538_jpg.rf.XYF17fkj0tRXIAIGqe1y.jpg,ChickenPox
337,1,can-you-get-hives-from-stress-natracure_webp.rf.JWp7bWUIdwcw0KMLEIZw.webp,2047,3071,2026-05-25T11:37:05+00:00,{'name': 'can-you-get-hives-from-stress-natracure.webp'},Skin_desease_(Perbaikan)_dataset.coco\train\can-you-get-hives-from-stress-natracure_webp.rf.JWp7bWUIdwcw0KMLEIZw.webp,Hives
338,1,chickenpox-disease-boy-sick-his-back-chickenpox-virus-chicken-pox-outbreak-children-concept-contagion-chickenpox-disease-176492919_jpg.rf.Fl9JxRCXAZ2niI5FQOu2.jpg,631,800,2026-05-25T11:37:05+00:00,{'name': 'chickenpox-disease-boy-sick-his-back-chickenpox-virus-chicken-pox-outbreak-children-concept-contagion-chickenpox-disease-176492919.jpg'},Skin_desease_(Perbaikan)_dataset.coco\train\chickenpox-disease-boy-sick-his-back-chickenpox-virus-chicken-pox-outbreak-children-concept-contagion-chickenpox-disease-176492919_jpg.rf.Fl9JxRCXAZ2niI5FQOu2.jpg,ChickenPox
339,1,closeup_child_in_diaper_with_chicken_pox_1478102344_jpg.rf.5WkeelePfRYntVdYZdFS.jpg,1350,2400,2026-05-25T11:37:05+00:00,{'name': 'closeup_child_in_diaper_with_chicken_pox_1478102344.jpg'},Skin_desease_(Perbaikan)_dataset.coco\train\closeup_child_in_diaper_with_chicken_pox_1478102344_jpg.rf.5WkeelePfRYntVdYZdFS.jpg,ChickenPox
340,1,chickenpox-baby-details-aged-months-old-has-43508960_jpg.rf.5m1CzvKDUwneuzDez48F.jpg,900,600,2026-05-25T11:37:05+00:00,{'name': 'chickenpox-baby-details-aged-months-old-has-43508960.jpg'},Skin_desease_(Perbaikan)_dataset.coco\train\chickenpox-baby-details-aged-months-old-has-43508960_jpg.rf.5m1CzvKDUwneuzDez48F.jpg,ChickenPox
341,1,t-malignant-melanoma-149_jpg.rf.ZavU6chYxBHPZ4qvurmp.jpg,494,720,2026-05-25T11:37:05+00:00,{'name': 't-malignant-melanoma-149.jpg'},Skin_desease_(Perbaikan)_dataset.coco\train\t-malignant-melanoma-149_jpg.rf.ZavU6chYxBHPZ4qvurmp.jpg,Melanoma
342,1,4017-chickenpox-1223012541_jpg.rf.dHvd3bYb1HUpAmdBtyg8.jpg,415,720,2026-05-25T11:37:05+00:00,{'name': '4017-chickenpox-1223012541.jpg'},Skin_desease_(Perbaikan)_dataset.coco\train\4017-chickenpox-1223012541_jpg.rf.dHvd3bYb1HUpAmdBtyg8.jpg,ChickenPox
343,1,t-malignant-melanoma-147_jpg.rf.Z3JJHE2saDX0WBF8dAGc.jpg,472,720,2026-05-25T11:37:05+00:00,{'name': 't-malignant-melanoma-147.jpg'},Skin_desease_(Perbaikan)_dataset.coco\train\t-malignant-melanoma-147_jpg.rf.Z3JJHE2saDX0WBF8dAGc.jpg,Melanoma
344,1,chickenpox-rash-shingles-varicella-zoster-virus-skin-rash-blisters-body-skin-infected-herpes-zoster-virus-herpes-virus-231143126_jpg.rf.SeTjUZVBHhyDnfEHtaN5.jpg,532,800,2026-05-25T11:37:05+00:00,{'name': 'chickenpox-rash-shingles-varicella-zoster-virus-skin-rash-blisters-body-skin-infected-herpes-zoster-virus-herpes-virus-231143126.jpg'},Skin_desease_(Perbaikan)_dataset.coco\train\chickenpox-rash-shingles-varicella-zoster-virus-skin-rash-blisters-body-skin-infected-herpes-zoster-virus-herpes-virus-231143126_jpg.rf.SeTjUZVBHhyDnfEHtaN5.jpg,ChickenPox
345,1,hives-symptoms-722x406-tmb-0_jpg.rf.RlP30a1oCtmas8TYdrvn.jpg,160,284,2026-05-25T11:37:05+00:00,{'name': 'hives-symptoms-722x406-tmb-0.jpg'},Skin_desease_(Perbaikan)_dataset.coco\train\hives-symptoms-722x406-tmb-0_jpg.rf.RlP30a1oCtmas8TYdrvn.jpg,Hives
346,1,t-malignant-melanoma-151_jpg.rf.aB7cg7PlrfTnULysxue7.jpg,489,720,2026-05-25T11:37:05+00:00,{'name': 't-malignant-melanoma-151.jpg'},Skin_desease_(Perbaikan)_dataset.coco\train\t-malignant-melanoma-151_jpg.rf.aB7cg7PlrfTnULysxue7.jpg,Melanoma
347,1,t-eczema-foot-47_jpg.rf.LGpsHkZiuIY24ffhbYNs.jpg,472,720,2026-05-25T11:37:05+00:00,{'name': 't-eczema-foot-47.jpg'},Skin_desease_(Perbaikan)_dataset.coco\train\t-eczema-foot-47_jpg.rf.LGpsHkZiuIY24ffhbYNs.jpg,Eczema
348,1,t-hives-Urticaria-Acute-32_jpg.rf.PXYIftiZcWDklwwPvKt6.jpg,720,480,2026-05-25T11:37:05+00:00,{'name': 't-hives-Urticaria-Acute-32.jpg'},Skin_desease_(Perbaikan)_dataset.coco\train\t-hives-Urticaria-Acute-32_jpg.rf.PXYIftiZcWDklwwPvKt6.jpg,Hives
349,1,chickenpox54_png_png.rf.IrKCK8Jsf70VXfyZroZa.png,224,224,2026-05-25T11:37:05+00:00,{'name': 'chickenpox54_png.png'},Skin_desease_(Perbaikan)_dataset.coco\train\chickenpox54_png_png.rf.IrKCK8Jsf70VXfyZroZa.png,ChickenPox
350,1,t-malignant-melanoma-13_jpg.rf.fKfabN8ZlcCMFP8jzUXz.jpg,472,720,2026-05-25T11:37:05+00:00,{'name': 't-malignant-melanoma-13.jpg'},Skin_desease_(Perbaikan)_dataset.coco\train\t-malignant-melanoma-13_jpg.rf.fKfabN8ZlcCMFP8jzUXz.jpg,Melanoma
351,1,t-hives-Urticaria-Acute-44_jpg.rf.OY510OsjW6mgcavq9LVE.jpg,720,467,2026-05-25T11:37:05+00:00,{'name': 't-hives-Urticaria-Acute-44.jpg'},Skin_desease_(Perbaikan)_dataset.coco\train\t-hives-Urticaria-Acute-44_jpg.rf.OY510OsjW6mgcavq9LVE.jpg,Hives
352,1,chicken-pox-rash-viral-infections-chickenpox-disease-closeup-90697654_jpg.rf.MUaAmcmlYPIDXJ3oK0NF.jpg,533,800,2026-05-25T11:37:05+00:00,{'name': 'chicken-pox-rash-viral-infections-chickenpox-disease-closeup-90697654.jpg'},Skin_desease_(Perbaikan)_dataset.coco\train\chicken-pox-rash-viral-infections-chickenpox-disease-closeup-90697654_jpg.rf.MUaAmcmlYPIDXJ3oK0NF.jpg,ChickenPox
353,1,t-malignant-melanoma-171_jpg.rf.6b6Mk0V4HsHzqvgJdwdc.jpg,474,720,2026-05-25T11:37:05+00:00,{'name': 't-malignant-melanoma-171.jpg'},Skin_desease_(Perbaikan)_dataset.coco\train\t-malignant-melanoma-171_jpg.rf.6b6Mk0V4HsHzqvgJdwdc.jpg,Melanoma
354,1,t-eczema-hand-172_jpg.rf.JWnQYfT8Lr7cUXpR3ssj.jpg,477,720,2026-05-25T11:37:05+00:00,{'name': 't-eczema-hand-172.jpg'},Skin_desease_(Perbaikan)_dataset.coco\train\t-eczema-hand-172_jpg.rf.JWnQYfT8Lr7cUXpR3ssj.jpg,Eczema
355,1,chickenpox-on-a-babies-face-image-credit-yvind-holmstad-2014_jpg.rf.5p4dHVM70IbyfbwY7JaA.jpg,734,1100,2026-05-25T11:37:05+00:00,{'name': 'chickenpox-on-a-babies-face-image-credit-yvind-holmstad-2014.jpg'},Skin_desease_(Perbaikan)_dataset.coco\train\chickenpox-on-a-babies-face-image-credit-yvind-holmstad-2014_jpg.rf.5p4dHVM70IbyfbwY7JaA.jpg,ChickenPox
356,1,chickenpox-front-view-days-infection-69218153_jpg.rf.JqM8iT4fabvYRQj9lIHF.jpg,533,800,2026-05-25T11:37:05+00:00,{'name': 'chickenpox-front-view-days-infection-69218153.jpg'},Skin_desease_(Perbaikan)_dataset.coco\train\chickenpox-front-view-days-infection-69218153_jpg.rf.JqM8iT4fabvYRQj9lIHF.jpg,ChickenPox
357,1,cacar-air-130716b_jpg.rf.dwZSxG55ZVYsktNFpp2s.jpg,675,1200,2026-05-25T11:37:05+00:00,{'name': 'cacar-air-130716b.jpg'},Skin_desease_(Perbaikan)_dataset.coco\train\cacar-air-130716b_jpg.rf.dwZSxG55ZVYsktNFpp2s.jpg,ChickenPox
358,1,hives_png.rf.Jt3nhJBjpRhXXOsjZaQj.png,420,640,2026-05-25T11:37:05+00:00,{'name': 'hives.png'},Skin_desease_(Perbaikan)_dataset.coco\train\hives_png.rf.Jt3nhJBjpRhXXOsjZaQj.png,Hives
359,1,images_jpg.rf.JsFyh4njHbzAzcErKaNc.jpg,225,225,2026-05-25T11:37:05+00:00,{'name': 'images.jpg'},Skin_desease_(Perbaikan)_dataset.coco\train\images_jpg.rf.JsFyh4njHbzAzcErKaNc.jpg,Hives
360,1,t-hives-Urticaria-Acute-101_jpg.rf.zA6WbzfU058rT2zxIGRO.jpg,608,720,2026-05-25T11:37:05+00:00,{'name': 't-hives-Urticaria-Acute-101.jpg'},Skin_desease_(Perbaikan)_dataset.coco\train\t-hives-Urticaria-Acute-101_jpg.rf.zA6WbzfU058rT2zxIGRO.jpg,Hives
361,1,Chickenpox rash face_png.rf.cOPWfIkrKM8JgyoDg1B9.png,360,500,2026-05-25T11:37:05+00:00,{'name': 'Chickenpox rash face.png'},Skin_desease_(Perbaikan)_dataset.coco\train\Chickenpox rash face_png.rf.cOPWfIkrKM8JgyoDg1B9.png,ChickenPox
362,1,urticaria_jpg.rf.I9VQY32OFsBezgUx3QpQ.jpg,500,700,2026-05-25T11:37:05+00:00,{'name': 'urticaria.jpg'},Skin_desease_(Perbaikan)_dataset.coco\train\urticaria_jpg.rf.I9VQY32OFsBezgUx3QpQ.jpg,Hives
363,1,t-malignant-melanoma-103_jpg.rf.T39utzIaifAfZNTyTuHE.jpg,720,594,2026-05-25T11:37:05+00:00,{'name': 't-malignant-melanoma-103.jpg'},Skin_desease_(Perbaikan)_dataset.coco\train\t-malignant-melanoma-103_jpg.rf.T39utzIaifAfZNTyTuHE.jpg,Melanoma
364,1,t-eczema-fingertips-12_jpg.rf.0aKFglbNegnyRFP2sKLM.jpg,472,720,2026-05-25T11:37:05+00:00,{'name': 't-eczema-fingertips-12.jpg'},Skin_desease_(Perbaikan)_dataset.coco\train\t-eczema-fingertips-12_jpg.rf.0aKFglbNegnyRFP2sKLM.jpg,Eczema
365,1,t-malignant-melanoma-17_jpg.rf.ohIMLvw3qVq9XydhnWnL.jpg,472,720,2026-05-25T11:37:05+00:00,{'name': 't-malignant-melanoma-17.jpg'},Skin_desease_(Perbaikan)_dataset.coco\train\t-malignant-melanoma-17_jpg.rf.ohIMLvw3qVq9XydhnWnL.jpg,Melanoma
366,1,How-Long-Does-Chickenpox-Last-Understanding-The-Duration-And-Stages-Of-The-Virus-2048x1365_jpg.rf.bCLV4AMGw7yLCzzQMXtN.jpg,1365,2048,2026-05-25T11:37:05+00:00,{'name': 'How-Long-Does-Chickenpox-Last-Understanding-The-Duration-And-Stages-Of-The-Virus-2048x1365.jpg'},Skin_desease_(Perbaikan)_dataset.coco\train\How-Long-Does-Chickenpox-Last-Understanding-The-Duration-And-Stages-Of-The-Virus-2048x1365_jpg.rf.bCLV4AMGw7yLCzzQMXtN.jpg,ChickenPox
367,1,t-eczema-asteatotic-7_jpg.rf.4z4XUz4Ao0IWIRj06tGk.jpg,480,720,2026-05-25T11:37:05+00:00,{'name': 't-eczema-asteatotic-7.jpg'},Skin_desease_(Perbaikan)_dataset.coco\train\t-eczema-asteatotic-7_jpg.rf.4z4XUz4Ao0IWIRj06tGk.jpg,Eczema
368,1,can_adults_get_chickenpox_varicella_7656067_webp.rf.ASUS2Vsyl9YenxNLmyPA.webp,702,936,2026-05-25T11:37:05+00:00,{'name': 'can_adults_get_chickenpox_varicella_7656067.webp'},Skin_desease_(Perbaikan)_dataset.coco\train\can_adults_get_chickenpox_varicella_7656067_webp.rf.ASUS2Vsyl9YenxNLmyPA.webp,ChickenPox
369,1,t-eczema-chronic-37_jpg.rf.7qmGiU4Uaa105qaM7LoS.jpg,472,720,2026-05-25T11:37:05+00:00,{'name': 't-eczema-chronic-37.jpg'},Skin_desease_(Perbaikan)_dataset.coco\train\t-eczema-chronic-37_jpg.rf.7qmGiU4Uaa105qaM7LoS.jpg,Eczema
370,1,chickenpox106_png.rf.HTpuendUl1C0YIdeyY9O.png,224,224,2026-05-25T11:37:05+00:00,"{'user_tags': ['ChickenPox'], 'name': 'chickenpox106.png'}",Skin_desease_(Perbaikan)_dataset.coco\train\chickenpox106_png.rf.HTpuendUl1C0YIdeyY9O.png,ChickenPox
371,1,man-chickenpox-bearded-man-chickenpox-varicella-virus-134326154_jpg.rf.0E6zjKbw3mkPHFDEoMLm.jpg,900,600,2026-05-25T11:37:05+00:00,{'name': 'man-chickenpox-bearded-man-chickenpox-varicella-virus-134326154.jpg'},Skin_desease_(Perbaikan)_dataset.coco\train\man-chickenpox-bearded-man-chickenpox-varicella-virus-134326154_jpg.rf.0E6zjKbw3mkPHFDEoMLm.jpg,ChickenPox
372,1,t-hives-Urticaria-Acute-19_jpg.rf.hEgBH9AG02Kg4CXry7fQ.jpg,472,720,2026-05-25T11:37:05+00:00,{'name': 't-hives-Urticaria-Acute-19.jpg'},Skin_desease_(Perbaikan)_dataset.coco\train\t-hives-Urticaria-Acute-19_jpg.rf.hEgBH9AG02Kg4CXry7fQ.jpg,Hives
373,1,chickenpox89_png.rf.KJJ9uQC8IVdZvVTha7cD.png,224,224,2026-05-25T11:37:05+00:00,"{'user_tags': ['ChickenPox'], 'name': 'chickenpox89.png'}",Skin_desease_(Perbaikan)_dataset.coco\train\chickenpox89_png.rf.KJJ9uQC8IVdZvVTha7cD.png,ChickenPox
374,1,t-malignant-melanoma-155_jpg.rf.skaaM64Av9ctO0LnE3wi.jpg,477,720,2026-05-25T11:37:05+00:00,{'name': 't-malignant-melanoma-155.jpg'},Skin_desease_(Perbaikan)_dataset.coco\train\t-malignant-melanoma-155_jpg.rf.skaaM64Av9ctO0LnE3wi.jpg,Melanoma
375,1,A-Z_hives-2_21012020_jpg.rf.0KTq0stLRncWI4D1v9CW.jpg,200,300,2026-05-25T11:37:05+00:00,{'name': 'A-Z_hives-2_21012020.jpg'},Skin_desease_(Perbaikan)_dataset.coco\train\A-Z_hives-2_21012020_jpg.rf.0KTq0stLRncWI4D1v9CW.jpg,Hives
376,1,chickenpox67_png_png.rf.hxwAbh6wH6WvdLiSREsg.png,224,224,2026-05-25T11:37:05+00:00,{'name': 'chickenpox67_png.png'},Skin_desease_(Perbaikan)_dataset.coco\train\chickenpox67_png_png.rf.hxwAbh6wH6WvdLiSREsg.png,ChickenPox
377,1,eczema-lids-12_jpg.rf.B0sOWDJ4hzWgc4JgTUbs.jpg,480,720,2026-05-25T11:37:05+00:00,{'name': 'eczema-lids-12.jpg'},Skin_desease_(Perbaikan)_dataset.coco\train\eczema-lids-12_jpg.rf.B0sOWDJ4hzWgc4JgTUbs.jpg,Eczema
378,1,UrticariaSamlaska8-683x1024_jpg.rf.0e6TW0lL5gtpyQZftfb8.jpg,1024,683,2026-05-25T11:37:05+00:00,{'name': 'UrticariaSamlaska8-683x1024.jpg'},Skin_desease_(Perbaikan)_dataset.coco\train\UrticariaSamlaska8-683x1024_jpg.rf.0e6TW0lL5gtpyQZftfb8.jpg,Hives
379,1,chickenpox61_png.rf.S3xUVzoonNNey3I8uYYu.png,224,224,2026-05-25T11:37:05+00:00,"{'user_tags': ['ChickenPox'], 'name': 'chickenpox61.png'}",Skin_desease_(Perbaikan)_dataset.coco\train\chickenpox61_png.rf.S3xUVzoonNNey3I8uYYu.png,ChickenPox
380,1,t-malignant-melanoma-120_jpg.rf.YlSThzIGrgM5e37ZLiBx.jpg,485,720,2026-05-25T11:37:05+00:00,{'name': 't-malignant-melanoma-120.jpg'},Skin_desease_(Perbaikan)_dataset.coco\train\t-malignant-melanoma-120_jpg.rf.YlSThzIGrgM5e37ZLiBx.jpg,Melanoma
381,1,t-hives-Urticaria-Acute-23_jpg.rf.tnIZsCPogswirw3pKSW6.jpg,472,720,2026-05-25T11:37:05+00:00,{'name': 't-hives-Urticaria-Acute-23.jpg'},Skin_desease_(Perbaikan)_dataset.coco\train\t-hives-Urticaria-Acute-23_jpg.rf.tnIZsCPogswirw3pKSW6.jpg,Hives
382,1,chickenpox62_png_png.rf.ZMGIZLaO8fy25uHzAP2J.png,224,224,2026-05-25T11:37:05+00:00,{'name': 'chickenpox62_png.png'},Skin_desease_(Perbaikan)_dataset.coco\train\chickenpox62_png_png.rf.ZMGIZLaO8fy25uHzAP2J.png,ChickenPox
383,1,t-malignant-melanoma-166_jpg.rf.mrveyn4aIde2UOGmXa9d.jpg,474,720,2026-05-25T11:37:05+00:00,{'name': 't-malignant-melanoma-166.jpg'},Skin_desease_(Perbaikan)_dataset.coco\train\t-malignant-melanoma-166_jpg.rf.mrveyn4aIde2UOGmXa9d.jpg,Melanoma
384,1,t-eczema-fingertips-54_jpg.rf.9924hPm8jL9AhNicq53f.jpg,472,720,2026-05-25T11:37:05+00:00,{'name': 't-eczema-fingertips-54.jpg'},Skin_desease_(Perbaikan)_dataset.coco\train\t-eczema-fingertips-54_jpg.rf.9924hPm8jL9AhNicq53f.jpg,Eczema
385,1,natural-vaccination-contagious-disease-natural-vaccination-contagious-disease-sick-child-chickenpox-varicella-virus-250854605_jpg.rf.5c7FJ4omXUGwXYTHho0I.jpg,533,800,2026-05-25T11:37:05+00:00,{'name': 'natural-vaccination-contagious-disease-natural-vaccination-contagious-disease-sick-child-chickenpox-varicella-virus-250854605.jpg'},Skin_desease_(Perbaikan)_dataset.coco\train\natural-vaccination-contagious-disease-natural-vaccination-contagious-disease-sick-child-chickenpox-varicella-virus-250854605_jpg.rf.5c7FJ4omXUGwXYTHho0I.jpg,ChickenPox
386,1,0_7_jpg.rf.ttFOo3zXw9Rxbq7vOSdv.jpg,222,294,2026-05-25T11:37:05+00:00,{'name': '0_7.jpg'},Skin_desease_(Perbaikan)_dataset.coco\train\0_7_jpg.rf.ttFOo3zXw9Rxbq7vOSdv.jpg,Eczema
387,1,CHP_12_01_ORIGINAL_jpg.rf.BNaJe8NZw0r3w1l97uyW.jpg,224,224,2026-05-25T11:37:05+00:00,{'name': 'CHP_12_01_ORIGINAL.jpg'},Skin_desease_(Perbaikan)_dataset.coco\train\CHP_12_01_ORIGINAL_jpg.rf.BNaJe8NZw0r3w1l97uyW.jpg,ChickenPox
388,1,t-lentigo-maligna-28_jpg.rf.xEDBOJJyRVDgKpKLZMyD.jpg,472,720,2026-05-25T11:37:05+00:00,{'name': 't-lentigo-maligna-28.jpg'},Skin_desease_(Perbaikan)_dataset.coco\train\t-lentigo-maligna-28_jpg.rf.xEDBOJJyRVDgKpKLZMyD.jpg,Melanoma
389,1,hives-symptoms-722x406_jpg.rf.KDH1iwzfvAtnFuFKGm7E.jpg,406,722,2026-05-25T11:37:05+00:00,{'name': 'hives-symptoms-722x406.jpg'},Skin_desease_(Perbaikan)_dataset.coco\train\hives-symptoms-722x406_jpg.rf.KDH1iwzfvAtnFuFKGm7E.jpg,Hives
390,1,t-erythema-annulare-centrifugum-14_jpg.rf.vvUj1j5q13dZJv8uxW5q.jpg,720,480,2026-05-25T11:37:05+00:00,{'name': 't-erythema-annulare-centrifugum-14.jpg'},Skin_desease_(Perbaikan)_dataset.coco\train\t-erythema-annulare-centrifugum-14_jpg.rf.vvUj1j5q13dZJv8uxW5q.jpg,Hives
391,1,chickenpox-baby-details-aged-months-old-has-43520133_jpg.rf.cFBmfcQIN8H32nyMLuC4.jpg,533,800,2026-05-25T11:37:05+00:00,{'name': 'chickenpox-baby-details-aged-months-old-has-43520133.jpg'},Skin_desease_(Perbaikan)_dataset.coco\train\chickenpox-baby-details-aged-months-old-has-43520133_jpg.rf.cFBmfcQIN8H32nyMLuC4.jpg,ChickenPox
392,1,chicken-pox-25619875_jpg.rf.SaTrlCGL99S3hXvpvxvc.jpg,900,742,2026-05-25T11:37:05+00:00,{'name': 'chicken-pox-25619875.jpg'},Skin_desease_(Perbaikan)_dataset.coco\train\chicken-pox-25619875_jpg.rf.SaTrlCGL99S3hXvpvxvc.jpg,ChickenPox
393,1,chickenpox-rash-on-adults-face-dr-hcrobinsonscience-photo-library_jpg.rf.AdjiWp1aDkvkcIncpUx9.jpg,900,612,2026-05-25T11:37:05+00:00,{'name': 'chickenpox-rash-on-adults-face-dr-hcrobinsonscience-photo-library.jpg'},Skin_desease_(Perbaikan)_dataset.coco\train\chickenpox-rash-on-adults-face-dr-hcrobinsonscience-photo-library_jpg.rf.AdjiWp1aDkvkcIncpUx9.jpg,ChickenPox
394,1,t-eczema-fingertips-38_jpg.rf.DljZArGHGVC8rwvv4H8C.jpg,480,720,2026-05-25T11:37:05+00:00,{'name': 't-eczema-fingertips-38.jpg'},Skin_desease_(Perbaikan)_dataset.coco\train\t-eczema-fingertips-38_jpg.rf.DljZArGHGVC8rwvv4H8C.jpg,Eczema
395,1,chicken-pox-rash-viral-infections-chickenpox-disease-closeup-90697674_jpg.rf.luEPqdPBYUfvm8T60soS.jpg,450,800,2026-05-25T11:37:05+00:00,{'name': 'chicken-pox-rash-viral-infections-chickenpox-disease-closeup-90697674.jpg'},Skin_desease_(Perbaikan)_dataset.coco\train\chicken-pox-rash-viral-infections-chickenpox-disease-closeup-90697674_jpg.rf.luEPqdPBYUfvm8T60soS.jpg,ChickenPox
396,1,t-hives-Urticaria-Acute-41_jpg.rf.VEdneR8kJ5DPZIsgRI2x.jpg,720,470,2026-05-25T11:37:05+00:00,{'name': 't-hives-Urticaria-Acute-41.jpg'},Skin_desease_(Perbaikan)_dataset.coco\train\t-hives-Urticaria-Acute-41_jpg.rf.VEdneR8kJ5DPZIsgRI2x.jpg,Hives
397,1,t-lentigo-maligna-2_jpg.rf.gbTaoihAWCctq25wOSWs.jpg,474,720,2026-05-25T11:37:05+00:00,{'name': 't-lentigo-maligna-2.jpg'},Skin_desease_(Perbaikan)_dataset.coco\train\t-lentigo-maligna-2_jpg.rf.gbTaoihAWCctq25wOSWs.jpg,Melanoma
398,1,t-eczema-arms-2_jpg.rf.74Vbpb33sN9oAUFRxtyk.jpg,472,720,2026-05-25T11:37:05+00:00,{'name': 't-eczema-arms-2.jpg'},Skin_desease_(Perbaikan)_dataset.coco\train\t-eczema-arms-2_jpg.rf.74Vbpb33sN9oAUFRxtyk.jpg,Eczema
399,1,Individual-with-chickenpox_jpg.rf.jEeGuPQdYTsaoPrt3zeC.jpg,1200,1200,2026-05-25T11:37:05+00:00,{'name': 'Individual-with-chickenpox.jpg'},Skin_desease_(Perbaikan)_dataset.coco\train\Individual-with-chickenpox_jpg.rf.jEeGuPQdYTsaoPrt3zeC.jpg,ChickenPox
400,1,t-lentigo-maligna-13_jpg.rf.tSYjL3dHSeTjgTo2RG4S.jpg,483,720,2026-05-25T11:37:05+00:00,{'name': 't-lentigo-maligna-13.jpg'},Skin_desease_(Perbaikan)_dataset.coco\train\t-lentigo-maligna-13_jpg.rf.tSYjL3dHSeTjgTo2RG4S.jpg,Melanoma
401,1,6c61c759e7d7eb6c5fa68f6d9c592c7cc77f0ce9-967x967_avif.rf.S5VBGjXCTHJx1SqryPGD.avif,967,967,2026-05-25T11:37:05+00:00,{'name': '6c61c759e7d7eb6c5fa68f6d9c592c7cc77f0ce9-967x967.avif'},Skin_desease_(Perbaikan)_dataset.coco\train\6c61c759e7d7eb6c5fa68f6d9c592c7cc77f0ce9-967x967_avif.rf.S5VBGjXCTHJx1SqryPGD.avif,Hives
402,1,varicella-zoster-virus-chickenpox-bubble-rash-boy-chickenpox-bubble-rash-boy-121630242_jpg.rf.0StKyw5m57pIRmVOlksb.jpg,589,800,2026-05-25T11:37:05+00:00,{'name': 'varicella-zoster-virus-chickenpox-bubble-rash-boy-chickenpox-bubble-rash-boy-121630242.jpg'},Skin_desease_(Perbaikan)_dataset.coco\train\varicella-zoster-virus-chickenpox-bubble-rash-boy-chickenpox-bubble-rash-boy-121630242_jpg.rf.0StKyw5m57pIRmVOlksb.jpg,ChickenPox
403,1,t-malignant-melanoma-159_jpg.rf.vn74OSOXfyV8fCQ4VTRe.jpg,474,720,2026-05-25T11:37:05+00:00,{'name': 't-malignant-melanoma-159.jpg'},Skin_desease_(Perbaikan)_dataset.coco\train\t-malignant-melanoma-159_jpg.rf.vn74OSOXfyV8fCQ4VTRe.jpg,Melanoma
404,1,portrait-lovely-years-old-little-girl-chickenpox-little-girl-chickenpox-118330346_jpg.rf.Ff6qOkYzrADMVKitCb54.jpg,900,616,2026-05-25T11:37:05+00:00,{'name': 'portrait-lovely-years-old-little-girl-chickenpox-little-girl-chickenpox-118330346.jpg'},Skin_desease_(Perbaikan)_dataset.coco\train\portrait-lovely-years-old-little-girl-chickenpox-little-girl-chickenpox-118330346_jpg.rf.Ff6qOkYzrADMVKitCb54.jpg,ChickenPox
405,1,Ploketes_d'_aiwe_dj3_costé_jpg.rf.fwYGgw7YsVF9OzLhnAlf.jpg,754,500,2026-05-25T11:37:05+00:00,"{'name': ""Ploketes_d'_aiwe_dj3_costé.jpg""}",Skin_desease_(Perbaikan)_dataset.coco\train\Ploketes_d'_aiwe_dj3_costé_jpg.rf.fwYGgw7YsVF9OzLhnAlf.jpg,ChickenPox
406,1,t-eczema-fingertips-59_jpg.rf.1wJ7Qq02wKWCOQWazE31.jpg,472,720,2026-05-25T11:37:05+00:00,{'name': 't-eczema-fingertips-59.jpg'},Skin_desease_(Perbaikan)_dataset.coco\train\t-eczema-fingertips-59_jpg.rf.1wJ7Qq02wKWCOQWazE31.jpg,Eczema
407,1,t-malignant-melanoma-119_jpg.rf.fmgo1VbQvBQK9CYwGyZU.jpg,496,720,2026-05-25T11:37:05+00:00,{'name': 't-malignant-melanoma-119.jpg'},Skin_desease_(Perbaikan)_dataset.coco\train\t-malignant-melanoma-119_jpg.rf.fmgo1VbQvBQK9CYwGyZU.jpg,Melanoma
408,1,v-melanocytic-nevi-9_jpg.rf.qH71XSCcbvw3SeahBRcK.jpg,472,720,2026-05-25T11:37:05+00:00,{'name': 'v-melanocytic-nevi-9.jpg'},Skin_desease_(Perbaikan)_dataset.coco\train\v-melanocytic-nevi-9_jpg.rf.qH71XSCcbvw3SeahBRcK.jpg,Melanoma
409,1,t-eczema-fingertips-127_jpg.rf.HtHLxSZFbm6oZoc7gjyH.jpg,477,720,2026-05-25T11:37:05+00:00,{'name': 't-eczema-fingertips-127.jpg'},Skin_desease_(Perbaikan)_dataset.coco\train\t-eczema-fingertips-127_jpg.rf.HtHLxSZFbm6oZoc7gjyH.jpg,Eczema
410,1,chickenpox100_png_png.rf.tNiyVLRXDQeh5SeVp0FS.png,224,224,2026-05-25T11:37:05+00:00,{'name': 'chickenpox100_png.png'},Skin_desease_(Perbaikan)_dataset.coco\train\chickenpox100_png_png.rf.tNiyVLRXDQeh5SeVp0FS.png,ChickenPox
411,1,varicella-zoster-virus-chickenpox-bubble-rash-child-baby-adoult-closeup-image-fresh-blister-65654508_jpg.rf.JaG1owdClRKX8GBlzKoy.jpg,556,800,2026-05-25T11:37:05+00:00,{'name': 'varicella-zoster-virus-chickenpox-bubble-rash-child-baby-adoult-closeup-image-fresh-blister-65654508.jpg'},Skin_desease_(Perbaikan)_dataset.coco\train\varicella-zoster-virus-chickenpox-bubble-rash-child-baby-adoult-closeup-image-fresh-blister-65654508_jpg.rf.JaG1owdClRKX8GBlzKoy.jpg,ChickenPox
412,1,v-dermagraphism-37_jpg.rf.EaeQMMlOmob1A12PF4HH.jpg,472,720,2026-05-25T11:37:05+00:00,{'name': 'v-dermagraphism-37.jpg'},Skin_desease_(Perbaikan)_dataset.coco\train\v-dermagraphism-37_jpg.rf.EaeQMMlOmob1A12PF4HH.jpg,Hives
413,1,ISIC_6653311_jpg.rf.2kp9XVPWwWcfs2g9C3ha.jpg,512,512,2026-05-25T11:37:05+00:00,{'name': 'ISIC_6653311.jpg'},Skin_desease_(Perbaikan)_dataset.coco\train\ISIC_6653311_jpg.rf.2kp9XVPWwWcfs2g9C3ha.jpg,Melanoma
414,1,t-malignant-melanoma-131_jpg.rf.wVPzz8zGYHu165TpVTTn.jpg,720,478,2026-05-25T11:37:05+00:00,{'name': 't-malignant-melanoma-131.jpg'},Skin_desease_(Perbaikan)_dataset.coco\train\t-malignant-melanoma-131_jpg.rf.wVPzz8zGYHu165TpVTTn.jpg,Melanoma
415,1,v-hives-Urticaria-Acute-54_jpg.rf.66ErRPPxuYYOEERyYpUk.jpg,456,720,2026-05-25T11:37:05+00:00,{'name': 'v-hives-Urticaria-Acute-54.jpg'},Skin_desease_(Perbaikan)_dataset.coco\train\v-hives-Urticaria-Acute-54_jpg.rf.66ErRPPxuYYOEERyYpUk.jpg,Hives
416,1,t-eczema-chronic-19_jpg.rf.8NDJJsGnc3bxj6ZkE2wX.jpg,480,720,2026-05-25T11:37:05+00:00,{'name': 't-eczema-chronic-19.jpg'},Skin_desease_(Perbaikan)_dataset.coco\train\t-eczema-chronic-19_jpg.rf.8NDJJsGnc3bxj6ZkE2wX.jpg,Eczema
417,1,t-eczema-fingertips-63_jpg.rf.Em8Kp3ecjHfBYpVNRmG8.jpg,472,720,2026-05-25T11:37:05+00:00,{'name': 't-eczema-fingertips-63.jpg'},Skin_desease_(Perbaikan)_dataset.coco\train\t-eczema-fingertips-63_jpg.rf.Em8Kp3ecjHfBYpVNRmG8.jpg,Eczema
418,1,t-eczema-acute-21_jpg.rf.MZ69zTpEfPj6GsHpDLqY.jpg,720,477,2026-05-25T11:37:05+00:00,{'name': 't-eczema-acute-21.jpg'},Skin_desease_(Perbaikan)_dataset.coco\train\t-eczema-acute-21_jpg.rf.MZ69zTpEfPj6GsHpDLqY.jpg,Eczema
419,1,t-dermagraphism-43_jpg.rf.lQFJoGKotnmhlha5Vrwm.jpg,475,720,2026-05-25T11:37:05+00:00,{'name': 't-dermagraphism-43.jpg'},Skin_desease_(Perbaikan)_dataset.coco\train\t-dermagraphism-43_jpg.rf.lQFJoGKotnmhlha5Vrwm.jpg,Hives
420,1,82674-004-BC72118B_jpg.rf.kw8xvBPmjBberm7A7Uvb.jpg,450,306,2026-05-25T11:37:05+00:00,{'name': '82674-004-BC72118B.jpg'},Skin_desease_(Perbaikan)_dataset.coco\train\82674-004-BC72118B_jpg.rf.kw8xvBPmjBberm7A7Uvb.jpg,ChickenPox
421,1,Varicelle_importante_chickenpox_jpg.rf.nymr4egCRIpZZs5zIlBi.jpg,861,960,2026-05-25T11:37:05+00:00,{'name': 'Varicelle_importante_chickenpox.jpg'},Skin_desease_(Perbaikan)_dataset.coco\train\Varicelle_importante_chickenpox_jpg.rf.nymr4egCRIpZZs5zIlBi.jpg,ChickenPox
422,1,mother-holding-little-boy-red-pimples-home-chicken-pox-concept-varicella-sick-baby-long-banner-close-up-body-131399733_jpg.rf.EYCoSpWCSQMUlYafaXrT.jpg,474,1600,2026-05-25T11:37:05+00:00,{'name': 'mother-holding-little-boy-red-pimples-home-chicken-pox-concept-varicella-sick-baby-long-banner-close-up-body-131399733.jpg'},Skin_desease_(Perbaikan)_dataset.coco\train\mother-holding-little-boy-red-pimples-home-chicken-pox-concept-varicella-sick-baby-long-banner-close-up-body-131399733_jpg.rf.EYCoSpWCSQMUlYafaXrT.jpg,ChickenPox
423,1,v-dermagraphism-22_jpg.rf.LU9cxxS84xl3XVJ81O2z.jpg,488,720,2026-05-25T11:37:05+00:00,{'name': 'v-dermagraphism-22.jpg'},Skin_desease_(Perbaikan)_dataset.coco\train\v-dermagraphism-22_jpg.rf.LU9cxxS84xl3XVJ81O2z.jpg,Hives
424,1,1000_F_920136791_YvqfQogfqjtaOECVgoYjrJbbCumbWzDC_jpg.rf.eY2Bmlks5Uck20C7cTlU.jpg,563,1000,2026-05-25T11:37:05+00:00,{'name': '1000_F_920136791_YvqfQogfqjtaOECVgoYjrJbbCumbWzDC.jpg'},Skin_desease_(Perbaikan)_dataset.coco\train\1000_F_920136791_YvqfQogfqjtaOECVgoYjrJbbCumbWzDC_jpg.rf.eY2Bmlks5Uck20C7cTlU.jpg,ChickenPox
425,1,eczema-urticaria-arms_webp.rf.SUDwiR8xrf9M7D5MS8uD.webp,2067,3100,2026-05-25T11:37:05+00:00,{'name': 'eczema-urticaria-arms.webp'},Skin_desease_(Perbaikan)_dataset.coco\train\eczema-urticaria-arms_webp.rf.SUDwiR8xrf9M7D5MS8uD.webp,Hives
426,1,Ploketes_d'_aiwe_dj8_tchife_timplis_jpg.rf.p9ubXl4bfAnivj6cAuI0.jpg,377,250,2026-05-25T11:37:05+00:00,"{'name': ""Ploketes_d'_aiwe_dj8_tchife_timplis.jpg""}",Skin_desease_(Perbaikan)_dataset.coco\train\Ploketes_d'_aiwe_dj8_tchife_timplis_jpg.rf.p9ubXl4bfAnivj6cAuI0.jpg,ChickenPox
427,1,t-eczema-chronic-12_jpg.rf.TPl9Yy7fcj6RG44p6t25.jpg,720,480,2026-05-25T11:37:05+00:00,{'name': 't-eczema-chronic-12.jpg'},Skin_desease_(Perbaikan)_dataset.coco\train\t-eczema-chronic-12_jpg.rf.TPl9Yy7fcj6RG44p6t25.jpg,Eczema
428,1,v-dermagraphism-14_jpg.rf.RJQWTjV11sUZsmdvwK90.jpg,472,720,2026-05-25T11:37:05+00:00,{'name': 'v-dermagraphism-14.jpg'},Skin_desease_(Perbaikan)_dataset.coco\train\v-dermagraphism-14_jpg.rf.RJQWTjV11sUZsmdvwK90.jpg,Hives
429,1,t-hives-Urticaria-Acute-36_jpg.rf.ccKSiL1toBdyyk0oU3KA.jpg,720,471,2026-05-25T11:37:05+00:00,{'name': 't-hives-Urticaria-Acute-36.jpg'},Skin_desease_(Perbaikan)_dataset.coco\train\t-hives-Urticaria-Acute-36_jpg.rf.ccKSiL1toBdyyk0oU3KA.jpg,Hives
430,1,t-eczema-face-5_jpg.rf.RdxhN5t6DM6f3yndbqkV.jpg,480,720,2026-05-25T11:37:05+00:00,{'name': 't-eczema-face-5.jpg'},Skin_desease_(Perbaikan)_dataset.coco\train\t-eczema-face-5_jpg.rf.RdxhN5t6DM6f3yndbqkV.jpg,Eczema
431,1,chickenpox_13_png.rf.27NXixcwSWmdsxgf4dTW.png,834,990,2026-05-25T11:37:05+00:00,{'name': 'chickenpox_13.png'},Skin_desease_(Perbaikan)_dataset.coco\train\chickenpox_13_png.rf.27NXixcwSWmdsxgf4dTW.png,ChickenPox
432,1,chicken-pox-rash-young-boy-body-chickenpox-infection-caused-varicella-zoster-virus-begins-as-blister-like-150246732_jpg.rf.nu3zljQ0iKzLvfXJHG7w.jpg,533,800,2026-05-25T11:37:05+00:00,{'name': 'chicken-pox-rash-young-boy-body-chickenpox-infection-caused-varicella-zoster-virus-begins-as-blister-like-150246732.jpg'},Skin_desease_(Perbaikan)_dataset.coco\train\chicken-pox-rash-young-boy-body-chickenpox-infection-caused-varicella-zoster-virus-begins-as-blister-like-150246732_jpg.rf.nu3zljQ0iKzLvfXJHG7w.jpg,ChickenPox
433,1,t-eczema-fingertips-2_jpg.rf.L6MR5jVmJ1VEBKqKhq8F.jpg,472,720,2026-05-25T11:37:05+00:00,{'name': 't-eczema-fingertips-2.jpg'},Skin_desease_(Perbaikan)_dataset.coco\train\t-eczema-fingertips-2_jpg.rf.L6MR5jVmJ1VEBKqKhq8F.jpg,Eczema
434,1,t-hives-Urticaria-Acute-26_jpg.rf.YLjcRXvrVxahCszg418l.jpg,480,720,2026-05-25T11:37:05+00:00,{'name': 't-hives-Urticaria-Acute-26.jpg'},Skin_desease_(Perbaikan)_dataset.coco\train\t-hives-Urticaria-Acute-26_jpg.rf.YLjcRXvrVxahCszg418l.jpg,Hives
435,1,t-erythema-annulare-centrifugum-18_jpg.rf.DGKvHmpneUqvE9fZi8WZ.jpg,480,720,2026-05-25T11:37:05+00:00,{'name': 't-erythema-annulare-centrifugum-18.jpg'},Skin_desease_(Perbaikan)_dataset.coco\train\t-erythema-annulare-centrifugum-18_jpg.rf.DGKvHmpneUqvE9fZi8WZ.jpg,Hives
436,1,chickenpox_2_png.rf.3muTAYX5jAMJjhNzttnL.png,420,446,2026-05-25T11:37:05+00:00,{'name': 'chickenpox_2.png'},Skin_desease_(Perbaikan)_dataset.coco\train\chickenpox_2_png.rf.3muTAYX5jAMJjhNzttnL.png,ChickenPox
437,1,t-eczema-chronic-8_jpg.rf.EqdDPkTrCgVO3BNsJ9cK.jpg,720,480,2026-05-25T11:37:05+00:00,{'name': 't-eczema-chronic-8.jpg'},Skin_desease_(Perbaikan)_dataset.coco\train\t-eczema-chronic-8_jpg.rf.EqdDPkTrCgVO3BNsJ9cK.jpg,Eczema
438,1,chickenpox-baby-details-aged-months-old-has-43508846_jpg.rf.kjMlmSzp1sLYlnWomGZf.jpg,450,800,2026-05-25T11:37:05+00:00,{'name': 'chickenpox-baby-details-aged-months-old-has-43508846.jpg'},Skin_desease_(Perbaikan)_dataset.coco\train\chickenpox-baby-details-aged-months-old-has-43508846_jpg.rf.kjMlmSzp1sLYlnWomGZf.jpg,ChickenPox
439,1,urticaria-1920w_webp.rf.27RxDLrQvcfQ18CoZlev.webp,1280,1920,2026-05-25T11:37:05+00:00,{'name': 'urticaria-1920w.webp'},Skin_desease_(Perbaikan)_dataset.coco\train\urticaria-1920w_webp.rf.27RxDLrQvcfQ18CoZlev.webp,Hives
440,1,young-boy-having-chickenpox-pictures-skin-high-quality-photo-young-boy-having-chickenpox-pictures-skin-249368193_jpg.rf.Io2IaKUd5B6wXwry9zYy.jpg,534,800,2026-05-25T11:37:05+00:00,{'name': 'young-boy-having-chickenpox-pictures-skin-high-quality-photo-young-boy-having-chickenpox-pictures-skin-249368193.jpg'},Skin_desease_(Perbaikan)_dataset.coco\train\young-boy-having-chickenpox-pictures-skin-high-quality-photo-young-boy-having-chickenpox-pictures-skin-249368193_jpg.rf.Io2IaKUd5B6wXwry9zYy.jpg,ChickenPox
441,1,t-hives-Urticaria-Acute-66_jpg.rf.VKoYSSI0XQ2rwk6i1FOz.jpg,490,720,2026-05-25T11:37:05+00:00,{'name': 't-hives-Urticaria-Acute-66.jpg'},Skin_desease_(Perbaikan)_dataset.coco\train\t-hives-Urticaria-Acute-66_jpg.rf.VKoYSSI0XQ2rwk6i1FOz.jpg,Hives
442,1,natural-vaccination-contagious-disease-natural-vaccination-contagious-disease-sick-child-chickenpox-varicella-virus-251139504_jpg.rf.QjDO5dl6oBFChmtCausn.jpg,533,800,2026-05-25T11:37:05+00:00,{'name': 'natural-vaccination-contagious-disease-natural-vaccination-contagious-disease-sick-child-chickenpox-varicella-virus-251139504.jpg'},Skin_desease_(Perbaikan)_dataset.coco\train\natural-vaccination-contagious-disease-natural-vaccination-contagious-disease-sick-child-chickenpox-varicella-virus-251139504_jpg.rf.QjDO5dl6oBFChmtCausn.jpg,ChickenPox
443,1,"cr=t_0%,l_16-7%,w_66_webp.rf.24xLceSJwOMfMpBtR0CY.webp",339,338,2026-05-25T11:37:05+00:00,"{'name': 'cr=t_0%,l_16-7%,w_66.webp'}","Skin_desease_(Perbaikan)_dataset.coco\train\cr=t_0%,l_16-7%,w_66_webp.rf.24xLceSJwOMfMpBtR0CY.webp",Hives
444,1,natural-vaccination-contagious-disease-sick-child-chickenpox-varicella-virus-bubble-rash-body-face-high-quality-251060888_jpg.rf.tYjzGAp9Yw8H6EDaCDZb.jpg,533,800,2026-05-25T11:37:05+00:00,{'name': 'natural-vaccination-contagious-disease-sick-child-chickenpox-varicella-virus-bubble-rash-body-face-high-quality-251060888.jpg'},Skin_desease_(Perbaikan)_dataset.coco\train\natural-vaccination-contagious-disease-sick-child-chickenpox-varicella-virus-bubble-rash-body-face-high-quality-251060888_jpg.rf.tYjzGAp9Yw8H6EDaCDZb.jpg,ChickenPox
445,1,what-is-eczema-02-hand-eczema-722x406_jpg.rf.cwqFtLhTLUZdVp5CYOi2.jpg,406,722,2026-05-25T11:37:05+00:00,{'name': 'what-is-eczema-02-hand-eczema-722x406.jpg'},Skin_desease_(Perbaikan)_dataset.coco\train\what-is-eczema-02-hand-eczema-722x406_jpg.rf.cwqFtLhTLUZdVp5CYOi2.jpg,Eczema
446,1,chickenpox-baby-details-aged-months-old-has-38955135_jpg.rf.k6hvCbF9qLv48DF9lQ6e.jpg,533,800,2026-05-25T11:37:05+00:00,{'name': 'chickenpox-baby-details-aged-months-old-has-38955135.jpg'},Skin_desease_(Perbaikan)_dataset.coco\train\chickenpox-baby-details-aged-months-old-has-38955135_jpg.rf.k6hvCbF9qLv48DF9lQ6e.jpg,ChickenPox
447,1,C0129687-Chickenpox_jpg.rf.vKH7p7JIHuB1iGvX83l1.jpg,566,800,2026-05-25T11:37:05+00:00,{'name': 'C0129687-Chickenpox.jpg'},Skin_desease_(Perbaikan)_dataset.coco\train\C0129687-Chickenpox_jpg.rf.vKH7p7JIHuB1iGvX83l1.jpg,ChickenPox
448,1,portrait-little-boy-chickenpox-22851540_jpg.rf.PdApYS1PfarJYUuLVlIT.jpg,533,800,2026-05-25T11:37:05+00:00,{'name': 'portrait-little-boy-chickenpox-22851540.jpg'},Skin_desease_(Perbaikan)_dataset.coco\train\portrait-little-boy-chickenpox-22851540_jpg.rf.PdApYS1PfarJYUuLVlIT.jpg,ChickenPox
449,1,t-malignant-melanoma-146_jpg.rf.g4lfodgorT1o3fOlVDU6.jpg,467,720,2026-05-25T11:37:05+00:00,{'name': 't-malignant-melanoma-146.jpg'},Skin_desease_(Perbaikan)_dataset.coco\train\t-malignant-melanoma-146_jpg.rf.g4lfodgorT1o3fOlVDU6.jpg,Melanoma
450,1,urticaria1_jpg.rf.3BfrMXia80dtHqaq6lQF.jpg,480,640,2026-05-25T11:37:05+00:00,{'name': 'urticaria1.jpg'},Skin_desease_(Perbaikan)_dataset.coco\train\urticaria1_jpg.rf.3BfrMXia80dtHqaq6lQF.jpg,Hives
451,1,natural-vaccination-contagious-disease-natural-vaccination-contagious-disease-sick-child-chickenpox-varicella-virus-251139497_jpg.rf.9dkofuymIZcleyxHC5Yz.jpg,533,800,2026-05-25T11:37:05+00:00,{'name': 'natural-vaccination-contagious-disease-natural-vaccination-contagious-disease-sick-child-chickenpox-varicella-virus-251139497.jpg'},Skin_desease_(Perbaikan)_dataset.coco\train\natural-vaccination-contagious-disease-natural-vaccination-contagious-disease-sick-child-chickenpox-varicella-virus-251139497_jpg.rf.9dkofuymIZcleyxHC5Yz.jpg,ChickenPox
452,1,v-hives-Urticaria-Acute-53_jpg.rf.fcUZYnOWAzPnNUeWynBO.jpg,460,720,2026-05-25T11:37:05+00:00,{'name': 'v-hives-Urticaria-Acute-53.jpg'},Skin_desease_(Perbaikan)_dataset.coco\train\v-hives-Urticaria-Acute-53_jpg.rf.fcUZYnOWAzPnNUeWynBO.jpg,Hives
453,1,chickenpox56_png.rf.0ztttxrdrQax7qt5baW8.png,224,224,2026-05-25T11:37:05+00:00,"{'user_tags': ['ChickenPox'], 'name': 'chickenpox56.png'}",Skin_desease_(Perbaikan)_dataset.coco\train\chickenpox56_png.rf.0ztttxrdrQax7qt5baW8.png,ChickenPox
454,1,t-hives-Urticaria-Acute-40_jpg.rf.dFg1Wturh4yV0HvKDpEW.jpg,720,478,2026-05-25T11:37:05+00:00,{'name': 't-hives-Urticaria-Acute-40.jpg'},Skin_desease_(Perbaikan)_dataset.coco\train\t-hives-Urticaria-Acute-40_jpg.rf.dFg1Wturh4yV0HvKDpEW.jpg,Hives
455,1,Urticaria-home_jpg.rf.0sU443XPmmQSBkmFEgUW.jpg,300,300,2026-05-25T11:37:05+00:00,{'name': 'Urticaria-home.jpg'},Skin_desease_(Perbaikan)_dataset.coco\train\Urticaria-home_jpg.rf.0sU443XPmmQSBkmFEgUW.jpg,Hives
456,1,chicken-pox_jpg.rf.TrvPMyAJ6tc95Dz6WtIW.jpg,203,300,2026-05-25T11:37:05+00:00,{'name': 'chicken-pox.jpg'},Skin_desease_(Perbaikan)_dataset.coco\train\chicken-pox_jpg.rf.TrvPMyAJ6tc95Dz6WtIW.jpg,ChickenPox
457,1,t-malignant-melanoma-109_jpg.rf.zNwHDaHecU0QYayjFXtn.jpg,462,720,2026-05-25T11:37:05+00:00,{'name': 't-malignant-melanoma-109.jpg'},Skin_desease_(Perbaikan)_dataset.coco\train\t-malignant-melanoma-109_jpg.rf.zNwHDaHecU0QYayjFXtn.jpg,Melanoma
458,1,t-eczema-areola-19_jpg.rf.igzv2qXL4zQFshhLHerc.jpg,605,720,2026-05-25T11:37:05+00:00,{'name': 't-eczema-areola-19.jpg'},Skin_desease_(Perbaikan)_dataset.coco\train\t-eczema-areola-19_jpg.rf.igzv2qXL4zQFshhLHerc.jpg,Eczema
459,1,Vannkopper_chickenpox_JPG.rf.w1sYYo25qmHO5QaBlqgS.JPG,853,1280,2026-05-25T11:37:05+00:00,{'name': 'Vannkopper_chickenpox.JPG'},Skin_desease_(Perbaikan)_dataset.coco\train\Vannkopper_chickenpox_JPG.rf.w1sYYo25qmHO5QaBlqgS.JPG,ChickenPox
460,1,new-and-a-bit-freaked-out-v0-ej0221pvsskc1_webp.rf.SWTwQJLA8Uk1BdK5aJDO.webp,853,640,2026-05-25T11:37:05+00:00,{'name': 'new-and-a-bit-freaked-out-v0-ej0221pvsskc1.webp'},Skin_desease_(Perbaikan)_dataset.coco\train\new-and-a-bit-freaked-out-v0-ej0221pvsskc1_webp.rf.SWTwQJLA8Uk1BdK5aJDO.webp,Hives
461,1,t-eczema-fingertips-145_jpg.rf.yzRQSAnWgQU1I7dzpqIg.jpg,474,720,2026-05-25T11:37:05+00:00,{'name': 't-eczema-fingertips-145.jpg'},Skin_desease_(Perbaikan)_dataset.coco\train\t-eczema-fingertips-145_jpg.rf.yzRQSAnWgQU1I7dzpqIg.jpg,Eczema
462,1,Child_with_chickenpox_jpg.rf.kXHySG9vB3np8qNt4420.jpg,947,904,2026-05-25T11:37:05+00:00,{'name': 'Child_with_chickenpox.jpg'},Skin_desease_(Perbaikan)_dataset.coco\train\Child_with_chickenpox_jpg.rf.kXHySG9vB3np8qNt4420.jpg,ChickenPox
463,1,t-hives-Urticaria-Acute-47_jpg.rf.e8chN8hhgpwHcp8SHvb3.jpg,720,467,2026-05-25T11:37:05+00:00,{'name': 't-hives-Urticaria-Acute-47.jpg'},Skin_desease_(Perbaikan)_dataset.coco\train\t-hives-Urticaria-Acute-47_jpg.rf.e8chN8hhgpwHcp8SHvb3.jpg,Hives
464,1,t-eczema-fingertips-121_jpg.rf.dYz4AzNERrhLTIAFWfOD.jpg,720,477,2026-05-25T11:37:05+00:00,{'name': 't-eczema-fingertips-121.jpg'},Skin_desease_(Perbaikan)_dataset.coco\train\t-eczema-fingertips-121_jpg.rf.dYz4AzNERrhLTIAFWfOD.jpg,Eczema
465,1,chickenpox68_png.rf.38gedt4rZnJbPnnHDe6q.png,224,224,2026-05-25T11:37:05+00:00,"{'user_tags': ['ChickenPox'], 'name': 'chickenpox68.png'}",Skin_desease_(Perbaikan)_dataset.coco\train\chickenpox68_png.rf.38gedt4rZnJbPnnHDe6q.png,ChickenPox
466,1,v-dermagraphism-18_jpg.rf.7ReRyRbaMUQ7Im6M0S3Q.jpg,600,720,2026-05-25T11:37:05+00:00,{'name': 'v-dermagraphism-18.jpg'},Skin_desease_(Perbaikan)_dataset.coco\train\v-dermagraphism-18_jpg.rf.7ReRyRbaMUQ7Im6M0S3Q.jpg,Hives
467,1,t-eczema-fingertips-3_jpg.rf.uBGeSCydLSpdUfJyd71w.jpg,472,720,2026-05-25T11:37:05+00:00,{'name': 't-eczema-fingertips-3.jpg'},Skin_desease_(Perbaikan)_dataset.coco\train\t-eczema-fingertips-3_jpg.rf.uBGeSCydLSpdUfJyd71w.jpg,Eczema
468,1,chickenpox_24_png.rf.lCqGTECjpWemZuVxmTej.png,484,484,2026-05-25T11:37:05+00:00,{'name': 'chickenpox_24.png'},Skin_desease_(Perbaikan)_dataset.coco\train\chickenpox_24_png.rf.lCqGTECjpWemZuVxmTej.png,ChickenPox
469,1,chickenpox55_png_png.rf.ms7XeUx3W1NyeqmA1fjC.png,224,224,2026-05-25T11:37:05+00:00,{'name': 'chickenpox55_png.png'},Skin_desease_(Perbaikan)_dataset.coco\train\chickenpox55_png_png.rf.ms7XeUx3W1NyeqmA1fjC.png,ChickenPox
470,1,v-hives-Urticaria-Acute-94_jpg.rf.aeO9c9LJp7a6f5tgegUX.jpg,720,554,2026-05-25T11:37:05+00:00,{'name': 'v-hives-Urticaria-Acute-94.jpg'},Skin_desease_(Perbaikan)_dataset.coco\train\v-hives-Urticaria-Acute-94_jpg.rf.aeO9c9LJp7a6f5tgegUX.jpg,Hives
471,1,t-eczema-acute-23_jpg.rf.Dn2ZPRCBRPAisnHK1dNU.jpg,474,720,2026-05-25T11:37:05+00:00,{'name': 't-eczema-acute-23.jpg'},Skin_desease_(Perbaikan)_dataset.coco\train\t-eczema-acute-23_jpg.rf.Dn2ZPRCBRPAisnHK1dNU.jpg,Eczema
472,1,chickenpox91_png.rf.K0e8TxgRv3LaEZS5Qep2.png,224,224,2026-05-25T11:37:05+00:00,"{'user_tags': ['ChickenPox'], 'name': 'chickenpox91.png'}",Skin_desease_(Perbaikan)_dataset.coco\train\chickenpox91_png.rf.K0e8TxgRv3LaEZS5Qep2.png,ChickenPox
473,1,t-eczema-areola-1_jpg.rf.Tnncl3etLbsQbZUUhmL8.jpg,472,720,2026-05-25T11:37:05+00:00,{'name': 't-eczema-areola-1.jpg'},Skin_desease_(Perbaikan)_dataset.coco\train\t-eczema-areola-1_jpg.rf.Tnncl3etLbsQbZUUhmL8.jpg,Eczema
474,1,Children_with_chickenpox_-_day_4_breakfast_time_jpg.rf.shA6l9hxiz4M7BnUZhLL.jpg,747,500,2026-05-25T11:37:05+00:00,{'name': 'Children_with_chickenpox_-_day_4_breakfast_time.jpg'},Skin_desease_(Perbaikan)_dataset.coco\train\Children_with_chickenpox_-_day_4_breakfast_time_jpg.rf.shA6l9hxiz4M7BnUZhLL.jpg,ChickenPox
475,1,chickenpox86_png.rf.3C6Eaw59bRLmSIlQAGUy.png,224,224,2026-05-25T11:37:05+00:00,"{'user_tags': ['ChickenPox'], 'name': 'chickenpox86.png'}",Skin_desease_(Perbaikan)_dataset.coco\train\chickenpox86_png.rf.3C6Eaw59bRLmSIlQAGUy.png,ChickenPox
476,1,t-erythema-annulare-centrifugum-13_jpg.rf.mRJS8lCMS7ju3DmKO0Yu.jpg,480,720,2026-05-25T11:37:05+00:00,{'name': 't-erythema-annulare-centrifugum-13.jpg'},Skin_desease_(Perbaikan)_dataset.coco\train\t-erythema-annulare-centrifugum-13_jpg.rf.mRJS8lCMS7ju3DmKO0Yu.jpg,Hives
477,1,v-angioedema-6_jpg.rf.kIzqkPalF6uv8QF60qc3.jpg,479,720,2026-05-25T11:37:05+00:00,{'name': 'v-angioedema-6.jpg'},Skin_desease_(Perbaikan)_dataset.coco\train\v-angioedema-6_jpg.rf.kIzqkPalF6uv8QF60qc3.jpg,Hives
478,1,t-hives-Urticaria-Acute-48_jpg.rf.i92Wa44VKnXSBO3LXa2w.jpg,472,720,2026-05-25T11:37:05+00:00,{'name': 't-hives-Urticaria-Acute-48.jpg'},Skin_desease_(Perbaikan)_dataset.coco\train\t-hives-Urticaria-Acute-48_jpg.rf.i92Wa44VKnXSBO3LXa2w.jpg,Hives
479,1,t-eczema-asteatotic-43_jpg.rf.LDNYZ1j49ZqGkYwNbgR2.jpg,477,720,2026-05-25T11:37:05+00:00,{'name': 't-eczema-asteatotic-43.jpg'},Skin_desease_(Perbaikan)_dataset.coco\train\t-eczema-asteatotic-43_jpg.rf.LDNYZ1j49ZqGkYwNbgR2.jpg,Eczema
480,1,portrait-cute-toddler-chickenpox-funny-baby-boy-varicella-105128547_jpg.rf.Ngblndn9TCT4GZDu8U9l.jpg,533,800,2026-05-25T11:37:05+00:00,{'name': 'portrait-cute-toddler-chickenpox-funny-baby-boy-varicella-105128547.jpg'},Skin_desease_(Perbaikan)_dataset.coco\train\portrait-cute-toddler-chickenpox-funny-baby-boy-varicella-105128547_jpg.rf.Ngblndn9TCT4GZDu8U9l.jpg,ChickenPox
481,1,v-hives-Urticaria-Acute-68_jpg.rf.g889BbhgbcaOoYxDZegg.jpg,720,559,2026-05-25T11:37:05+00:00,{'name': 'v-hives-Urticaria-Acute-68.jpg'},Skin_desease_(Perbaikan)_dataset.coco\train\v-hives-Urticaria-Acute-68_jpg.rf.g889BbhgbcaOoYxDZegg.jpg,Hives
482,1,nchicken-pox-rash-chicken-viral-infections-chickenpox-disease-closeup-103118290_jpg.rf.QtPRb3S4KC9MpPdcLUvV.jpg,450,800,2026-05-25T11:37:05+00:00,{'name': 'nchicken-pox-rash-chicken-viral-infections-chickenpox-disease-closeup-103118290.jpg'},Skin_desease_(Perbaikan)_dataset.coco\train\nchicken-pox-rash-chicken-viral-infections-chickenpox-disease-closeup-103118290_jpg.rf.QtPRb3S4KC9MpPdcLUvV.jpg,ChickenPox
483,1,t-eczema-fingertips-123_jpg.rf.uk8GISIjmES4j1TissPR.jpg,720,477,2026-05-25T11:37:05+00:00,{'name': 't-eczema-fingertips-123.jpg'},Skin_desease_(Perbaikan)_dataset.coco\train\t-eczema-fingertips-123_jpg.rf.uk8GISIjmES4j1TissPR.jpg,Eczema
484,1,smallpox-detail-baby-chicken-pox-rash-51782028 (1)_jpg.rf.wo0I5LgiIVSKX2cbXaAx.jpg,533,800,2026-05-25T11:37:05+00:00,{'name': 'smallpox-detail-baby-chicken-pox-rash-51782028 (1).jpg'},Skin_desease_(Perbaikan)_dataset.coco\train\smallpox-detail-baby-chicken-pox-rash-51782028 (1)_jpg.rf.wo0I5LgiIVSKX2cbXaAx.jpg,ChickenPox
485,1,chickenpox31_png.rf.1WjoSKg5y1tpPRs0bSiK.png,224,224,2026-05-25T11:37:05+00:00,"{'user_tags': ['ChickenPox'], 'name': 'chickenpox31.png'}",Skin_desease_(Perbaikan)_dataset.coco\train\chickenpox31_png.rf.1WjoSKg5y1tpPRs0bSiK.png,ChickenPox
486,1,chickenpox_16_png.rf.tlGScIvwZxEOXCbHIHVD.png,364,434,2026-05-25T11:37:05+00:00,{'name': 'chickenpox_16.png'},Skin_desease_(Perbaikan)_dataset.coco\train\chickenpox_16_png.rf.tlGScIvwZxEOXCbHIHVD.png,ChickenPox
487,1,rashes-boy-chickenpox-gray-rashes-boy-chickenpox-bright-beautiful-gray-background-103338145_jpg.rf.panCBuebbG6fokzc0ByY.jpg,900,629,2026-05-25T11:37:05+00:00,{'name': 'rashes-boy-chickenpox-gray-rashes-boy-chickenpox-bright-beautiful-gray-background-103338145.jpg'},Skin_desease_(Perbaikan)_dataset.coco\train\rashes-boy-chickenpox-gray-rashes-boy-chickenpox-bright-beautiful-gray-background-103338145_jpg.rf.panCBuebbG6fokzc0ByY.jpg,ChickenPox
488,1,Chickenpox_Adult_back_(cropped)_jpg.rf.vkxa66Tts4kzkphFvH4a.jpg,1031,960,2026-05-25T11:37:05+00:00,{'name': 'Chickenpox_Adult_back_(cropped).jpg'},Skin_desease_(Perbaikan)_dataset.coco\train\Chickenpox_Adult_back_(cropped)_jpg.rf.vkxa66Tts4kzkphFvH4a.jpg,ChickenPox
489,1,v-hives-Urticaria-Acute-102_jpg.rf.l3ViiPhnJhGRAulR9taq.jpg,653,720,2026-05-25T11:37:05+00:00,{'name': 'v-hives-Urticaria-Acute-102.jpg'},Skin_desease_(Perbaikan)_dataset.coco\train\v-hives-Urticaria-Acute-102_jpg.rf.l3ViiPhnJhGRAulR9taq.jpg,Hives
490,1,t-spitz-nevus-4_jpg.rf.2G4lKHUNNegrVov5oqVg.jpg,477,720,2026-05-25T11:37:05+00:00,{'name': 't-spitz-nevus-4.jpg'},Skin_desease_(Perbaikan)_dataset.coco\train\t-spitz-nevus-4_jpg.rf.2G4lKHUNNegrVov5oqVg.jpg,Melanoma
491,1,chickenpox3_png.rf.UTTqxwn3X2DybYDwWVyw.png,224,224,2026-05-25T11:37:05+00:00,"{'user_tags': ['ChickenPox'], 'name': 'chickenpox3.png'}",Skin_desease_(Perbaikan)_dataset.coco\train\chickenpox3_png.rf.UTTqxwn3X2DybYDwWVyw.png,ChickenPox
492,1,v-hives-Urticaria-Acute-86_jpg.rf.owDj8xbsnDfr2sKH91sk.jpg,720,480,2026-05-25T11:37:05+00:00,{'name': 'v-hives-Urticaria-Acute-86.jpg'},Skin_desease_(Perbaikan)_dataset.coco\train\v-hives-Urticaria-Acute-86_jpg.rf.owDj8xbsnDfr2sKH91sk.jpg,Hives
493,1,t-eczema-fingertips-133_jpg.rf.mtIe6lR6deBNj67iI4OQ.jpg,477,720,2026-05-25T11:37:05+00:00,{'name': 't-eczema-fingertips-133.jpg'},Skin_desease_(Perbaikan)_dataset.coco\train\t-eczema-fingertips-133_jpg.rf.mtIe6lR6deBNj67iI4OQ.jpg,Eczema
494,1,newborn-baby-chickenpox-lying-hands-doctor-84396441_jpg.rf.J7U51ufpx6XlsDFqtJxt.jpg,495,800,2026-05-25T11:37:05+00:00,{'name': 'newborn-baby-chickenpox-lying-hands-doctor-84396441.jpg'},Skin_desease_(Perbaikan)_dataset.coco\train\newborn-baby-chickenpox-lying-hands-doctor-84396441_jpg.rf.J7U51ufpx6XlsDFqtJxt.jpg,ChickenPox
495,1,v-dermagraphism-32_jpg.rf.1JmQvAotLesMpWJ05e6l.jpg,472,720,2026-05-25T11:37:05+00:00,{'name': 'v-dermagraphism-32.jpg'},Skin_desease_(Perbaikan)_dataset.coco\train\v-dermagraphism-32_jpg.rf.1JmQvAotLesMpWJ05e6l.jpg,Hives
496,1,chickenpox35_png.rf.3RnXpir4oe9xmapNW6sj.png,224,224,2026-05-25T11:37:05+00:00,"{'user_tags': ['ChickenPox'], 'name': 'chickenpox35.png'}",Skin_desease_(Perbaikan)_dataset.coco\train\chickenpox35_png.rf.3RnXpir4oe9xmapNW6sj.png,ChickenPox
497,1,v-cholinergic-uriticaria-12_jpg.rf.n47KH6NmJLMT5MegEVx5.jpg,480,720,2026-05-25T11:37:05+00:00,{'name': 'v-cholinergic-uriticaria-12.jpg'},Skin_desease_(Perbaikan)_dataset.coco\train\v-cholinergic-uriticaria-12_jpg.rf.n47KH6NmJLMT5MegEVx5.jpg,Hives
498,1,t-dermagraphism-5_jpg.rf.sNsi1gX48czjvHwbM1lq.jpg,720,477,2026-05-25T11:37:05+00:00,{'name': 't-dermagraphism-5.jpg'},Skin_desease_(Perbaikan)_dataset.coco\train\t-dermagraphism-5_jpg.rf.sNsi1gX48czjvHwbM1lq.jpg,Hives
499,1,A_child_with_chickenpox_(01)_jpg.rf.kmIm6YgHHwvBZ9y8y4iJ.jpg,960,960,2026-05-25T11:37:05+00:00,{'name': 'A_child_with_chickenpox_(01).jpg'},Skin_desease_(Perbaikan)_dataset.coco\train\A_child_with_chickenpox_(01)_jpg.rf.kmIm6YgHHwvBZ9y8y4iJ.jpg,ChickenPox
500,1,ISIC_6669601_jpg.rf.3SCCB70sQupmcNyEGQW2.jpg,512,512,2026-05-25T11:37:05+00:00,{'name': 'ISIC_6669601.jpg'},Skin_desease_(Perbaikan)_dataset.coco\train\ISIC_6669601_jpg.rf.3SCCB70sQupmcNyEGQW2.jpg,Melanoma
501,1,v-hives-Urticaria-Acute-55_jpg.rf.YTGn9fIZk4HMkm7AGsWH.jpg,720,466,2026-05-25T11:37:05+00:00,{'name': 'v-hives-Urticaria-Acute-55.jpg'},Skin_desease_(Perbaikan)_dataset.coco\train\v-hives-Urticaria-Acute-55_jpg.rf.YTGn9fIZk4HMkm7AGsWH.jpg,Hives
502,1,t-eczema-chronic-49_jpg.rf.dgAaCBxaUu3vgol5dIo4.jpg,720,477,2026-05-25T11:37:05+00:00,{'name': 't-eczema-chronic-49.jpg'},Skin_desease_(Perbaikan)_dataset.coco\train\t-eczema-chronic-49_jpg.rf.dgAaCBxaUu3vgol5dIo4.jpg,Eczema
503,1,varicella-virus-chickenpox-bubble-rash-child-natural-vaccination-contagious-disease-sick-child-chickenpox-varicella-251060856_jpg.rf.tnn3CE0bHc3TGTXUCxf0.jpg,533,800,2026-05-25T11:37:05+00:00,{'name': 'varicella-virus-chickenpox-bubble-rash-child-natural-vaccination-contagious-disease-sick-child-chickenpox-varicella-251060856.jpg'},Skin_desease_(Perbaikan)_dataset.coco\train\varicella-virus-chickenpox-bubble-rash-child-natural-vaccination-contagious-disease-sick-child-chickenpox-varicella-251060856_jpg.rf.tnn3CE0bHc3TGTXUCxf0.jpg,ChickenPox
504,1,Chickenpox-rash_jpg.rf.aicM7IbP9Yqv6fUh5FJB.jpg,1000,1500,2026-05-25T11:37:05+00:00,{'name': 'Chickenpox-rash.jpg'},Skin_desease_(Perbaikan)_dataset.coco\train\Chickenpox-rash_jpg.rf.aicM7IbP9Yqv6fUh5FJB.jpg,ChickenPox
505,1,t-eczema-asteatotic-31_jpg.rf.vemRRKMvjc42NflxqcnD.jpg,720,478,2026-05-25T11:37:05+00:00,{'name': 't-eczema-asteatotic-31.jpg'},Skin_desease_(Perbaikan)_dataset.coco\train\t-eczema-asteatotic-31_jpg.rf.vemRRKMvjc42NflxqcnD.jpg,Eczema
506,1,Urticaria-allergy-skin-reaction-treatment-kudasan-gandhinagar_jpg.rf.2LhIZcj9Tqqpjt5bgWs1.jpg,391,696,2026-05-25T11:37:05+00:00,{'name': 'Urticaria-allergy-skin-reaction-treatment-kudasan-gandhinagar.jpg'},Skin_desease_(Perbaikan)_dataset.coco\train\Urticaria-allergy-skin-reaction-treatment-kudasan-gandhinagar_jpg.rf.2LhIZcj9Tqqpjt5bgWs1.jpg,Hives
507,1,t-hives-Urticaria-Acute-52_jpg.rf.iPpU56ZXEmOaMdkCn8WH.jpg,720,471,2026-05-25T11:37:05+00:00,{'name': 't-hives-Urticaria-Acute-52.jpg'},Skin_desease_(Perbaikan)_dataset.coco\train\t-hives-Urticaria-Acute-52_jpg.rf.iPpU56ZXEmOaMdkCn8WH.jpg,Hives
508,1,v-atypical-nevi-25_jpg.rf.6o5kCXDRa2aHnHjPCvEb.jpg,472,720,2026-05-25T11:37:05+00:00,{'name': 'v-atypical-nevi-25.jpg'},Skin_desease_(Perbaikan)_dataset.coco\train\v-atypical-nevi-25_jpg.rf.6o5kCXDRa2aHnHjPCvEb.jpg,Melanoma
509,1,t-lentigo-maligna-27_jpg.rf.x6odTLXklmxOVLSbX7E6.jpg,464,720,2026-05-25T11:37:05+00:00,{'name': 't-lentigo-maligna-27.jpg'},Skin_desease_(Perbaikan)_dataset.coco\train\t-lentigo-maligna-27_jpg.rf.x6odTLXklmxOVLSbX7E6.jpg,Melanoma
510,1,considerable_jpg.rf.UIHY3XUPCYEsnJxBPlrE.jpg,600,800,2026-05-25T11:37:05+00:00,{'name': 'considerable.jpg'},Skin_desease_(Perbaikan)_dataset.coco\train\considerable_jpg.rf.UIHY3XUPCYEsnJxBPlrE.jpg,Hives
511,1,t-hives-Urticaria-Acute-2_jpg.rf.lPbky3nArf2VUt4MavMJ.jpg,472,720,2026-05-25T11:37:05+00:00,{'name': 't-hives-Urticaria-Acute-2.jpg'},Skin_desease_(Perbaikan)_dataset.coco\train\t-hives-Urticaria-Acute-2_jpg.rf.lPbky3nArf2VUt4MavMJ.jpg,Hives
512,1,Urticaria-191x300_png.rf.13sbgWk8Xb2oEv0cG2Ju.png,300,191,2026-05-25T11:37:05+00:00,{'name': 'Urticaria-191x300.png'},Skin_desease_(Perbaikan)_dataset.coco\train\Urticaria-191x300_png.rf.13sbgWk8Xb2oEv0cG2Ju.png,Hives
513,1,v-cholinergic-uriticaria-2_jpg.rf.XstgORSd5osYfawjeZXJ.jpg,468,720,2026-05-25T11:37:05+00:00,{'name': 'v-cholinergic-uriticaria-2.jpg'},Skin_desease_(Perbaikan)_dataset.coco\train\v-cholinergic-uriticaria-2_jpg.rf.XstgORSd5osYfawjeZXJ.jpg,Hives
514,1,chickenpox1_png.rf.SfuIJrRGP5muNufP4PNX.png,224,224,2026-05-25T11:37:05+00:00,"{'user_tags': ['ChickenPox'], 'name': 'chickenpox1.png'}",Skin_desease_(Perbaikan)_dataset.coco\train\chickenpox1_png.rf.SfuIJrRGP5muNufP4PNX.png,ChickenPox
515,1,1_16_jpg.rf.ZFRlt70C9dW5elCesBtF.jpg,222,294,2026-05-25T11:37:05+00:00,{'name': '1_16.jpg'},Skin_desease_(Perbaikan)_dataset.coco\train\1_16_jpg.rf.ZFRlt70C9dW5elCesBtF.jpg,Eczema
516,1,v-dermagraphism-24_jpg.rf.bm25wP9mqw8usFXUSznh.jpg,480,720,2026-05-25T11:37:05+00:00,{'name': 'v-dermagraphism-24.jpg'},Skin_desease_(Perbaikan)_dataset.coco\train\v-dermagraphism-24_jpg.rf.bm25wP9mqw8usFXUSznh.jpg,Hives
517,1,images_jpg.rf.U7xQSe1IlFTegIhJWzrX.jpg,194,259,2026-05-25T11:37:05+00:00,{'name': 'images.jpg'},Skin_desease_(Perbaikan)_dataset.coco\train\images_jpg.rf.U7xQSe1IlFTegIhJWzrX.jpg,Hives
518,1,Chickenpox_jpg.rf.z5fhU2rdcdiZsqeQHaXh.jpg,410,376,2026-05-25T11:37:05+00:00,{'name': 'Chickenpox.jpg'},Skin_desease_(Perbaikan)_dataset.coco\train\Chickenpox_jpg.rf.z5fhU2rdcdiZsqeQHaXh.jpg,ChickenPox
519,1,t-eczema-face-1_jpg.rf.Wjq6XmLO6ejmHlAWY1Xf.jpg,472,720,2026-05-25T11:37:05+00:00,{'name': 't-eczema-face-1.jpg'},Skin_desease_(Perbaikan)_dataset.coco\train\t-eczema-face-1_jpg.rf.Wjq6XmLO6ejmHlAWY1Xf.jpg,Eczema
520,1,v-hives-Urticaria-Acute-39_jpg.rf.tMrqQaUjwA0iZzS2sd9o.jpg,720,470,2026-05-25T11:37:05+00:00,{'name': 'v-hives-Urticaria-Acute-39.jpg'},Skin_desease_(Perbaikan)_dataset.coco\train\v-hives-Urticaria-Acute-39_jpg.rf.tMrqQaUjwA0iZzS2sd9o.jpg,Hives
521,1,Eczema_orticaria_HEADER_webp.rf.VhLyftHkYrKtcYC9d0us.webp,825,1100,2026-05-25T11:37:05+00:00,{'name': 'Eczema_orticaria_HEADER.webp'},Skin_desease_(Perbaikan)_dataset.coco\train\Eczema_orticaria_HEADER_webp.rf.VhLyftHkYrKtcYC9d0us.webp,Hives
522,1,chickenpox_100_png.rf.vT6Cl44EKSeCErEHGAIe.png,558,586,2026-05-25T11:37:05+00:00,{'name': 'chickenpox_100.png'},Skin_desease_(Perbaikan)_dataset.coco\train\chickenpox_100_png.rf.vT6Cl44EKSeCErEHGAIe.png,ChickenPox
523,1,chickenpox26_png.rf.5PTb1HCHdHPBmBQhqoqo.png,224,224,2026-05-25T11:37:05+00:00,"{'user_tags': ['ChickenPox'], 'name': 'chickenpox26.png'}",Skin_desease_(Perbaikan)_dataset.coco\train\chickenpox26_png.rf.5PTb1HCHdHPBmBQhqoqo.png,ChickenPox
524,1,urticaria_1_high_jpg.rf.S07JGdwRg4qNYGfAdWel.jpg,480,313,2026-05-25T11:37:05+00:00,{'name': 'urticaria_1_high.jpg'},Skin_desease_(Perbaikan)_dataset.coco\train\urticaria_1_high_jpg.rf.S07JGdwRg4qNYGfAdWel.jpg,Hives
525,1,1_26_jpg.rf.6kwd65bBcnKavrVbIK5L.jpg,222,294,2026-05-25T11:37:05+00:00,{'name': '1_26.jpg'},Skin_desease_(Perbaikan)_dataset.coco\train\1_26_jpg.rf.6kwd65bBcnKavrVbIK5L.jpg,Eczema
526,1,ISIC_6668859_jpg.rf.HKjqUHWX7sIsFqTuxaWI.jpg,512,512,2026-05-25T11:37:05+00:00,{'name': 'ISIC_6668859.jpg'},Skin_desease_(Perbaikan)_dataset.coco\train\ISIC_6668859_jpg.rf.HKjqUHWX7sIsFqTuxaWI.jpg,Melanoma
527,1,1_17_jpg.rf.M8wuxkQGqRajUDxVNzoh.jpg,222,294,2026-05-25T11:37:05+00:00,{'name': '1_17.jpg'},Skin_desease_(Perbaikan)_dataset.coco\train\1_17_jpg.rf.M8wuxkQGqRajUDxVNzoh.jpg,Eczema
528,1,1_13_jpg.rf.8Vrqq1EbbJzvaHU6Z4nH.jpg,222,294,2026-05-25T11:37:05+00:00,{'name': '1_13.jpg'},Skin_desease_(Perbaikan)_dataset.coco\train\1_13_jpg.rf.8Vrqq1EbbJzvaHU6Z4nH.jpg,Eczema
529,1,v-erythema-annulare-centrifugum-9_jpg.rf.iWnrraHRVuy14juZrNvw.jpg,575,720,2026-05-25T11:37:05+00:00,{'name': 'v-erythema-annulare-centrifugum-9.jpg'},Skin_desease_(Perbaikan)_dataset.coco\train\v-erythema-annulare-centrifugum-9_jpg.rf.iWnrraHRVuy14juZrNvw.jpg,Hives
530,1,t-hives-Urticaria-Acute-20_jpg.rf.oOeeg4a9EcrJHGI6vO54.jpg,472,720,2026-05-25T11:37:05+00:00,{'name': 't-hives-Urticaria-Acute-20.jpg'},Skin_desease_(Perbaikan)_dataset.coco\train\t-hives-Urticaria-Acute-20_jpg.rf.oOeeg4a9EcrJHGI6vO54.jpg,Hives
531,1,1_9_jpg.rf.3iZJ7dmvlPJfeiLMeKu7.jpg,222,294,2026-05-25T11:37:05+00:00,{'name': '1_9.jpg'},Skin_desease_(Perbaikan)_dataset.coco\train\1_9_jpg.rf.3iZJ7dmvlPJfeiLMeKu7.jpg,Eczema
532,1,v-hives-Urticaria-Acute-67_jpg.rf.cXsXjDkLttAbavkkEBqX.jpg,720,471,2026-05-25T11:37:05+00:00,{'name': 'v-hives-Urticaria-Acute-67.jpg'},Skin_desease_(Perbaikan)_dataset.coco\train\v-hives-Urticaria-Acute-67_jpg.rf.cXsXjDkLttAbavkkEBqX.jpg,Hives
533,1,ISIC_6663112_jpg.rf.38aNZJFFIm08clA0VrKz.jpg,512,512,2026-05-25T11:37:05+00:00,{'name': 'ISIC_6663112.jpg'},Skin_desease_(Perbaikan)_dataset.coco\train\ISIC_6663112_jpg.rf.38aNZJFFIm08clA0VrKz.jpg,Melanoma
534,1,t-lentigo-maligna-5_jpg.rf.z3GtWd8SA44wjJf7B9HB.jpg,474,720,2026-05-25T11:37:05+00:00,{'name': 't-lentigo-maligna-5.jpg'},Skin_desease_(Perbaikan)_dataset.coco\train\t-lentigo-maligna-5_jpg.rf.z3GtWd8SA44wjJf7B9HB.jpg,Melanoma
535,1,2_12_jpg.rf.9CFmA99Fba9Sm6B5dgiy.jpg,222,294,2026-05-25T11:37:05+00:00,{'name': '2_12.jpg'},Skin_desease_(Perbaikan)_dataset.coco\train\2_12_jpg.rf.9CFmA99Fba9Sm6B5dgiy.jpg,Eczema
536,1,ISIC_6665380_jpg.rf.FOvCXW7cTNDc4HRP0qCD.jpg,512,512,2026-05-25T11:37:05+00:00,{'name': 'ISIC_6665380.jpg'},Skin_desease_(Perbaikan)_dataset.coco\train\ISIC_6665380_jpg.rf.FOvCXW7cTNDc4HRP0qCD.jpg,Melanoma
537,1,v-hives-Urticaria-Acute-73_jpg.rf.zhKCszES4RLmmWpLKNev.jpg,720,479,2026-05-25T11:37:05+00:00,{'name': 'v-hives-Urticaria-Acute-73.jpg'},Skin_desease_(Perbaikan)_dataset.coco\train\v-hives-Urticaria-Acute-73_jpg.rf.zhKCszES4RLmmWpLKNev.jpg,Hives
538,1,CHP_34_01_ORIGINAL_jpg.rf.rjrdUC64nzYbGrnObL7f.jpg,224,224,2026-05-25T11:37:05+00:00,{'name': 'CHP_34_01_ORIGINAL.jpg'},Skin_desease_(Perbaikan)_dataset.coco\train\CHP_34_01_ORIGINAL_jpg.rf.rjrdUC64nzYbGrnObL7f.jpg,ChickenPox
539,1,v-dermagraphism-12_jpg.rf.Eicc7xMc4SIfnoPhdozz.jpg,720,487,2026-05-25T11:37:05+00:00,{'name': 'v-dermagraphism-12.jpg'},Skin_desease_(Perbaikan)_dataset.coco\train\v-dermagraphism-12_jpg.rf.Eicc7xMc4SIfnoPhdozz.jpg,Hives
540,1,Chickenpox_leg_JPG.rf.wivSb7GB0t5kGptSKa9K.JPG,853,1280,2026-05-25T11:37:05+00:00,{'name': 'Chickenpox_leg.JPG'},Skin_desease_(Perbaikan)_dataset.coco\train\Chickenpox_leg_JPG.rf.wivSb7GB0t5kGptSKa9K.JPG,ChickenPox
541,1,CHP_19_01_ORIGINAL_jpg.rf.Wrtl9mfKd1MhzLIBz4um.jpg,224,224,2026-05-25T11:37:05+00:00,{'name': 'CHP_19_01_ORIGINAL.jpg'},Skin_desease_(Perbaikan)_dataset.coco\train\CHP_19_01_ORIGINAL_jpg.rf.Wrtl9mfKd1MhzLIBz4um.jpg,ChickenPox
542,1,chickenpox_12_png.rf.EmoBAGyc28d9q5ebG8xo.png,834,1012,2026-05-25T11:37:05+00:00,{'name': 'chickenpox_12.png'},Skin_desease_(Perbaikan)_dataset.coco\train\chickenpox_12_png.rf.EmoBAGyc28d9q5ebG8xo.png,ChickenPox
543,1,v-halo-nevus-27_jpg.rf.ADGooMfOsO5Y8WU56MSJ.jpg,472,720,2026-05-25T11:37:05+00:00,{'name': 'v-halo-nevus-27.jpg'},Skin_desease_(Perbaikan)_dataset.coco\train\v-halo-nevus-27_jpg.rf.ADGooMfOsO5Y8WU56MSJ.jpg,Melanoma
544,1,t-melanocytic-nevi-58_jpg.rf.1jqatQ9OWUZ2035C5w52.jpg,472,720,2026-05-25T11:37:05+00:00,{'name': 't-melanocytic-nevi-58.jpg'},Skin_desease_(Perbaikan)_dataset.coco\train\t-melanocytic-nevi-58_jpg.rf.1jqatQ9OWUZ2035C5w52.jpg,Melanoma
545,1,varicella-zoster-virus-chickenpox-bubble-rash-child-baby-adoult-closeup-image-fresh-blister-65654886 (1)_jpg.rf.zPpYeKYCp9wfAwXLB4OI.jpg,589,800,2026-05-25T11:37:05+00:00,{'name': 'varicella-zoster-virus-chickenpox-bubble-rash-child-baby-adoult-closeup-image-fresh-blister-65654886 (1).jpg'},Skin_desease_(Perbaikan)_dataset.coco\train\varicella-zoster-virus-chickenpox-bubble-rash-child-baby-adoult-closeup-image-fresh-blister-65654886 (1)_jpg.rf.zPpYeKYCp9wfAwXLB4OI.jpg,ChickenPox
546,1,v-cholinergic-uriticaria-14_jpg.rf.nhGqlijM5nZ57dOxtRkx.jpg,472,720,2026-05-25T11:37:05+00:00,{'name': 'v-cholinergic-uriticaria-14.jpg'},Skin_desease_(Perbaikan)_dataset.coco\train\v-cholinergic-uriticaria-14_jpg.rf.nhGqlijM5nZ57dOxtRkx.jpg,Hives
547,1,v-erythema-annulare-centrifugum-1_jpg.rf.zXKD6xchcC7CzVv7J6aw.jpg,485,720,2026-05-25T11:37:05+00:00,{'name': 'v-erythema-annulare-centrifugum-1.jpg'},Skin_desease_(Perbaikan)_dataset.coco\train\v-erythema-annulare-centrifugum-1_jpg.rf.zXKD6xchcC7CzVv7J6aw.jpg,Hives
548,1,2_4_jpg.rf.0nOCLfz7X9R9yTfm01rd.jpg,222,294,2026-05-25T11:37:05+00:00,{'name': '2_4.jpg'},Skin_desease_(Perbaikan)_dataset.coco\train\2_4_jpg.rf.0nOCLfz7X9R9yTfm01rd.jpg,Eczema
549,1,2_9_jpg.rf.Dvk3yI7TwTqJk00xf1na.jpg,222,294,2026-05-25T11:37:05+00:00,{'name': '2_9.jpg'},Skin_desease_(Perbaikan)_dataset.coco\train\2_9_jpg.rf.Dvk3yI7TwTqJk00xf1na.jpg,Eczema
550,1,1_25_jpg.rf.BBmohfDyrenJO91b1jfE.jpg,222,294,2026-05-25T11:37:05+00:00,{'name': '1_25.jpg'},Skin_desease_(Perbaikan)_dataset.coco\train\1_25_jpg.rf.BBmohfDyrenJO91b1jfE.jpg,Eczema
551,1,1_14_jpg.rf.EjebDY6a8uaQzoUrBf13.jpg,222,294,2026-05-25T11:37:05+00:00,{'name': '1_14.jpg'},Skin_desease_(Perbaikan)_dataset.coco\train\1_14_jpg.rf.EjebDY6a8uaQzoUrBf13.jpg,Eczema
552,1,ISIC_6672519_jpg.rf.7kSB3zwzp63e2bY93yZH.jpg,512,512,2026-05-25T11:37:05+00:00,{'name': 'ISIC_6672519.jpg'},Skin_desease_(Perbaikan)_dataset.coco\train\ISIC_6672519_jpg.rf.7kSB3zwzp63e2bY93yZH.jpg,Melanoma
553,1,t-hives-Urticaria-Acute-59_jpg.rf.qUuenRTVStTOFdQcLDRC.jpg,720,467,2026-05-25T11:37:05+00:00,{'name': 't-hives-Urticaria-Acute-59.jpg'},Skin_desease_(Perbaikan)_dataset.coco\train\t-hives-Urticaria-Acute-59_jpg.rf.qUuenRTVStTOFdQcLDRC.jpg,Hives
554,1,t-hives-Urticaria-Acute-7_jpg.rf.dbRKCv6jeKOyYrqQHPo7.jpg,480,720,2026-05-25T11:37:05+00:00,{'name': 't-hives-Urticaria-Acute-7.jpg'},Skin_desease_(Perbaikan)_dataset.coco\train\t-hives-Urticaria-Acute-7_jpg.rf.dbRKCv6jeKOyYrqQHPo7.jpg,Hives
555,1,t-hives-Urticaria-Acute-58_jpg.rf.jrRBLh3csuRa5BR4vhhN.jpg,720,476,2026-05-25T11:37:05+00:00,{'name': 't-hives-Urticaria-Acute-58.jpg'},Skin_desease_(Perbaikan)_dataset.coco\train\t-hives-Urticaria-Acute-58_jpg.rf.jrRBLh3csuRa5BR4vhhN.jpg,Hives
556,1,chickenpox85_png.rf.7lafOqCunjfzADwmzyev.png,224,224,2026-05-25T11:37:05+00:00,"{'user_tags': ['ChickenPox'], 'name': 'chickenpox85.png'}",Skin_desease_(Perbaikan)_dataset.coco\train\chickenpox85_png.rf.7lafOqCunjfzADwmzyev.png,ChickenPox
557,1,chickenpox63_png.rf.6UW6bJ5yKTYcNngXY3FB.png,224,224,2026-05-25T11:37:05+00:00,"{'user_tags': ['ChickenPox'], 'name': 'chickenpox63.png'}",Skin_desease_(Perbaikan)_dataset.coco\train\chickenpox63_png.rf.6UW6bJ5yKTYcNngXY3FB.png,ChickenPox
558,1,chickenpox13_png.rf.5ZgLodXwwSizbrPvogSk.png,224,224,2026-05-25T11:37:05+00:00,"{'user_tags': ['ChickenPox'], 'name': 'chickenpox13.png'}",Skin_desease_(Perbaikan)_dataset.coco\train\chickenpox13_png.rf.5ZgLodXwwSizbrPvogSk.png,ChickenPox
559,1,Melanoma-6_jpg.rf.QYOoJHx6RhRfMJJawYgF.jpg,600,800,2026-05-25T11:37:05+00:00,{'name': 'Melanoma-6.jpg'},Skin_desease_(Perbaikan)_dataset.coco\train\Melanoma-6_jpg.rf.QYOoJHx6RhRfMJJawYgF.jpg,Melanoma
560,1,ISIC_6652710_jpg.rf.GgJvP8O4zIXpXLOyEoeY.jpg,512,512,2026-05-25T11:37:05+00:00,{'name': 'ISIC_6652710.jpg'},Skin_desease_(Perbaikan)_dataset.coco\train\ISIC_6652710_jpg.rf.GgJvP8O4zIXpXLOyEoeY.jpg,Melanoma
561,1,chickenpox9_png.rf.6n3CMRF3t1QICuW2wc4z.png,224,224,2026-05-25T11:37:05+00:00,"{'user_tags': ['ChickenPox'], 'name': 'chickenpox9.png'}",Skin_desease_(Perbaikan)_dataset.coco\train\chickenpox9_png.rf.6n3CMRF3t1QICuW2wc4z.png,ChickenPox
562,1,chickenpox_15_png.rf.RA56CXUaHI3eCf51ArqS.png,504,602,2026-05-25T11:37:05+00:00,{'name': 'chickenpox_15.png'},Skin_desease_(Perbaikan)_dataset.coco\train\chickenpox_15_png.rf.RA56CXUaHI3eCf51ArqS.png,ChickenPox
563,1,CHP_09_01_ORIGINAL_jpg.rf.uBwaI2OpLCo7D4GXHzG9.jpg,224,224,2026-05-25T11:37:05+00:00,{'name': 'CHP_09_01_ORIGINAL.jpg'},Skin_desease_(Perbaikan)_dataset.coco\train\CHP_09_01_ORIGINAL_jpg.rf.uBwaI2OpLCo7D4GXHzG9.jpg,ChickenPox
564,1,dataset-card_jpg.rf.xGmn3hg8fvOXILN7bXbY.jpg,1200,1200,2026-05-25T11:37:05+00:00,{'name': 'dataset-card.jpg'},Skin_desease_(Perbaikan)_dataset.coco\train\dataset-card_jpg.rf.xGmn3hg8fvOXILN7bXbY.jpg,ChickenPox
565,1,ISIC_6665515_jpg.rf.OIVDCIJEmxIdGLChB8B5.jpg,512,512,2026-05-25T11:37:05+00:00,{'name': 'ISIC_6665515.jpg'},Skin_desease_(Perbaikan)_dataset.coco\train\ISIC_6665515_jpg.rf.OIVDCIJEmxIdGLChB8B5.jpg,Melanoma
566,1,chickenpox84_png.rf.WIIUsVlGZN3ItCA3mwUg.png,224,224,2026-05-25T11:37:05+00:00,"{'user_tags': ['ChickenPox'], 'name': 'chickenpox84.png'}",Skin_desease_(Perbaikan)_dataset.coco\train\chickenpox84_png.rf.WIIUsVlGZN3ItCA3mwUg.png,ChickenPox
567,1,v-melanocytic-nevi-33_jpg.rf.cv4b8qM6pjhDfCsfdjcR.jpg,472,720,2026-05-25T11:37:05+00:00,{'name': 'v-melanocytic-nevi-33.jpg'},Skin_desease_(Perbaikan)_dataset.coco\train\v-melanocytic-nevi-33_jpg.rf.cv4b8qM6pjhDfCsfdjcR.jpg,Melanoma
568,1,v-blue-nevus-ota-1_jpg.rf.6vmpSMFR141yYEzHmVRg.jpg,477,720,2026-05-25T11:37:05+00:00,{'name': 'v-blue-nevus-ota-1.jpg'},Skin_desease_(Perbaikan)_dataset.coco\train\v-blue-nevus-ota-1_jpg.rf.6vmpSMFR141yYEzHmVRg.jpg,Melanoma
569,1,man-chickenpox-looking-mirror-17275427_jpg.rf.y6jGAa2ydQYxCvAkOtOj.jpg,535,800,2026-05-25T11:37:05+00:00,{'name': 'man-chickenpox-looking-mirror-17275427.jpg'},Skin_desease_(Perbaikan)_dataset.coco\train\man-chickenpox-looking-mirror-17275427_jpg.rf.y6jGAa2ydQYxCvAkOtOj.jpg,ChickenPox
570,1,ISIC_6665312_jpg.rf.2g70t9yRfWHPkUKPYnL5.jpg,512,512,2026-05-25T11:37:05+00:00,{'name': 'ISIC_6665312.jpg'},Skin_desease_(Perbaikan)_dataset.coco\train\ISIC_6665312_jpg.rf.2g70t9yRfWHPkUKPYnL5.jpg,Melanoma
571,1,ISIC_6668197_jpg.rf.75647Y2BdG4cz6jLS6Hj.jpg,512,512,2026-05-25T11:37:05+00:00,{'name': 'ISIC_6668197.jpg'},Skin_desease_(Perbaikan)_dataset.coco\train\ISIC_6668197_jpg.rf.75647Y2BdG4cz6jLS6Hj.jpg,Melanoma
572,1,1_21_jpg.rf.px3eoRyFUkvjvAy0vXWJ.jpg,222,294,2026-05-25T11:37:05+00:00,{'name': '1_21.jpg'},Skin_desease_(Perbaikan)_dataset.coco\train\1_21_jpg.rf.px3eoRyFUkvjvAy0vXWJ.jpg,Eczema
573,1,ISIC_6666608_jpg.rf.KGOi2gXm8R9n2bZc6nEV.jpg,512,512,2026-05-25T11:37:05+00:00,{'name': 'ISIC_6666608.jpg'},Skin_desease_(Perbaikan)_dataset.coco\train\ISIC_6666608_jpg.rf.KGOi2gXm8R9n2bZc6nEV.jpg,Melanoma
574,1,chickenpox76_png.rf.8LxKtoggku3tiIpcirwg.png,224,224,2026-05-25T11:37:05+00:00,"{'user_tags': ['ChickenPox'], 'name': 'chickenpox76.png'}",Skin_desease_(Perbaikan)_dataset.coco\train\chickenpox76_png.rf.8LxKtoggku3tiIpcirwg.png,ChickenPox
575,1,v-halo-nevus-29_jpg.rf.JU8HjAlMnP00XdojEjmz.jpg,472,720,2026-05-25T11:37:05+00:00,{'name': 'v-halo-nevus-29.jpg'},Skin_desease_(Perbaikan)_dataset.coco\train\v-halo-nevus-29_jpg.rf.JU8HjAlMnP00XdojEjmz.jpg,Melanoma
576,1,chickenpox_3_png.rf.AvlRbI34g8VZ5goCWb3a.png,256,286,2026-05-25T11:37:05+00:00,{'name': 'chickenpox_3.png'},Skin_desease_(Perbaikan)_dataset.coco\train\chickenpox_3_png.rf.AvlRbI34g8VZ5goCWb3a.png,ChickenPox
577,1,v-hives-Urticaria-Acute-89_jpg.rf.jEgUui89PiICZ6etvGH8.jpg,720,480,2026-05-25T11:37:05+00:00,{'name': 'v-hives-Urticaria-Acute-89.jpg'},Skin_desease_(Perbaikan)_dataset.coco\train\v-hives-Urticaria-Acute-89_jpg.rf.jEgUui89PiICZ6etvGH8.jpg,Hives
578,1,2_15_jpg.rf.jXYGYWfU9zMJ3KuEKMFm.jpg,222,294,2026-05-25T11:37:05+00:00,{'name': '2_15.jpg'},Skin_desease_(Perbaikan)_dataset.coco\train\2_15_jpg.rf.jXYGYWfU9zMJ3KuEKMFm.jpg,Eczema
579,1,ISIC_6671773_jpg.rf.KZA9lM4ihSCf27FAkdX3.jpg,512,512,2026-05-25T11:37:05+00:00,{'name': 'ISIC_6671773.jpg'},Skin_desease_(Perbaikan)_dataset.coco\train\ISIC_6671773_jpg.rf.KZA9lM4ihSCf27FAkdX3.jpg,Melanoma
580,1,v-atypical-nevi-12_jpg.rf.chxUcYVN1wGFBsc07wev.jpg,720,490,2026-05-25T11:37:05+00:00,{'name': 'v-atypical-nevi-12.jpg'},Skin_desease_(Perbaikan)_dataset.coco\train\v-atypical-nevi-12_jpg.rf.chxUcYVN1wGFBsc07wev.jpg,Melanoma
581,1,v-melanocytic-nevi-11_jpg.rf.J4RRsWOAxXbxIqpG8Zrs.jpg,472,720,2026-05-25T11:37:05+00:00,{'name': 'v-melanocytic-nevi-11.jpg'},Skin_desease_(Perbaikan)_dataset.coco\train\v-melanocytic-nevi-11_jpg.rf.J4RRsWOAxXbxIqpG8Zrs.jpg,Melanoma
582,1,1_11_jpg.rf.k4PO19bPprtcl1f5cMAP.jpg,222,294,2026-05-25T11:37:05+00:00,{'name': '1_11.jpg'},Skin_desease_(Perbaikan)_dataset.coco\train\1_11_jpg.rf.k4PO19bPprtcl1f5cMAP.jpg,Eczema
583,1,t-spitz-nevus-6_jpg.rf.9tptCdE4DPmczXYK0lkY.jpg,479,720,2026-05-25T11:37:05+00:00,{'name': 't-spitz-nevus-6.jpg'},Skin_desease_(Perbaikan)_dataset.coco\train\t-spitz-nevus-6_jpg.rf.9tptCdE4DPmczXYK0lkY.jpg,Melanoma
584,1,adobestock_202337602-scaled_jpg.rf.7YAbKB85G7q0kNB90XG9.jpg,1952,2560,2026-05-25T11:37:05+00:00,{'name': 'adobestock_202337602-scaled.jpg'},Skin_desease_(Perbaikan)_dataset.coco\train\adobestock_202337602-scaled_jpg.rf.7YAbKB85G7q0kNB90XG9.jpg,Hives
585,1,v-congenital-nevus-35_jpg.rf.ZOwNQNGpYUTrsSrHfPh0.jpg,472,720,2026-05-25T11:37:05+00:00,{'name': 'v-congenital-nevus-35.jpg'},Skin_desease_(Perbaikan)_dataset.coco\train\v-congenital-nevus-35_jpg.rf.ZOwNQNGpYUTrsSrHfPh0.jpg,Melanoma
586,1,chickenpox_9_png.rf.6qa371AWaU255qt50m9q.png,350,414,2026-05-25T11:37:05+00:00,{'name': 'chickenpox_9.png'},Skin_desease_(Perbaikan)_dataset.coco\train\chickenpox_9_png.rf.6qa371AWaU255qt50m9q.png,ChickenPox
587,1,v-erythema-annulare-centrifugum-17_jpg.rf.zh0d6SJscfrGv2d9OPm4.jpg,720,480,2026-05-25T11:37:05+00:00,{'name': 'v-erythema-annulare-centrifugum-17.jpg'},Skin_desease_(Perbaikan)_dataset.coco\train\v-erythema-annulare-centrifugum-17_jpg.rf.zh0d6SJscfrGv2d9OPm4.jpg,Hives
588,1,1_20_jpg.rf.GFf91HPh4JbbObnjyS4N.jpg,222,294,2026-05-25T11:37:05+00:00,{'name': '1_20.jpg'},Skin_desease_(Perbaikan)_dataset.coco\train\1_20_jpg.rf.GFf91HPh4JbbObnjyS4N.jpg,Eczema
589,1,1_2_jpg.rf.P6qwS7S9bZND6fUteYhD.jpg,222,294,2026-05-25T11:37:05+00:00,{'name': '1_2.jpg'},Skin_desease_(Perbaikan)_dataset.coco\train\1_2_jpg.rf.P6qwS7S9bZND6fUteYhD.jpg,Eczema
590,1,ISIC_6673506_jpg.rf.Pvdu2gpg5lBUST3xdEaI.jpg,512,512,2026-05-25T11:37:05+00:00,{'name': 'ISIC_6673506.jpg'},Skin_desease_(Perbaikan)_dataset.coco\train\ISIC_6673506_jpg.rf.Pvdu2gpg5lBUST3xdEaI.jpg,Melanoma
591,1,2482_jpg.rf.7MjoDY06akmtmPKRY37r.jpg,226,306,2026-05-25T11:37:05+00:00,{'name': '2482.jpg'},Skin_desease_(Perbaikan)_dataset.coco\train\2482_jpg.rf.7MjoDY06akmtmPKRY37r.jpg,Hives
592,1,chickenpox80_png.rf.8savfeTcmn4G8Kb6sVBW.png,224,224,2026-05-25T11:37:05+00:00,"{'user_tags': ['ChickenPox'], 'name': 'chickenpox80.png'}",Skin_desease_(Perbaikan)_dataset.coco\train\chickenpox80_png.rf.8savfeTcmn4G8Kb6sVBW.png,ChickenPox
593,1,v-atypical-nevi-35_jpg.rf.NJ3tx8V6JT3lr09AlMAJ.jpg,720,472,2026-05-25T11:37:05+00:00,{'name': 'v-atypical-nevi-35.jpg'},Skin_desease_(Perbaikan)_dataset.coco\train\v-atypical-nevi-35_jpg.rf.NJ3tx8V6JT3lr09AlMAJ.jpg,Melanoma
594,1,v-hives-Urticaria-Acute-49_jpg.rf.xpnGO1Ko2MMk6ueUUTii.jpg,472,720,2026-05-25T11:37:05+00:00,{'name': 'v-hives-Urticaria-Acute-49.jpg'},Skin_desease_(Perbaikan)_dataset.coco\train\v-hives-Urticaria-Acute-49_jpg.rf.xpnGO1Ko2MMk6ueUUTii.jpg,Hives
595,1,2_13_jpg.rf.2k8YGiCz4aMDEnKIVOoa.jpg,222,294,2026-05-25T11:37:05+00:00,{'name': '2_13.jpg'},Skin_desease_(Perbaikan)_dataset.coco\train\2_13_jpg.rf.2k8YGiCz4aMDEnKIVOoa.jpg,Eczema
596,1,urticaria_comun24_child_fee391183f15cb4d62773032fe0be92d_jpg.rf.9LuJLPGDVavrqxuf5UzX.jpg,423,600,2026-05-25T11:37:05+00:00,{'name': 'urticaria_comun24_child_fee391183f15cb4d62773032fe0be92d.jpg'},Skin_desease_(Perbaikan)_dataset.coco\train\urticaria_comun24_child_fee391183f15cb4d62773032fe0be92d_jpg.rf.9LuJLPGDVavrqxuf5UzX.jpg,Hives
597,1,ISIC_6670764_jpg.rf.D6qBEAUtIhFo9xuf8Ihx.jpg,512,512,2026-05-25T11:37:05+00:00,{'name': 'ISIC_6670764.jpg'},Skin_desease_(Perbaikan)_dataset.coco\train\ISIC_6670764_jpg.rf.D6qBEAUtIhFo9xuf8Ihx.jpg,Melanoma
598,1,t-hives-Urticaria-Acute-3_jpg.rf.mPY4Rql06eC9Ao8nH5a0.jpg,472,720,2026-05-25T11:37:05+00:00,{'name': 't-hives-Urticaria-Acute-3.jpg'},Skin_desease_(Perbaikan)_dataset.coco\train\t-hives-Urticaria-Acute-3_jpg.rf.mPY4Rql06eC9Ao8nH5a0.jpg,Hives
599,1,ISIC_6673669_jpg.rf.IrWkRnCnWesVTAORzAfp.jpg,512,512,2026-05-25T11:37:05+00:00,{'name': 'ISIC_6673669.jpg'},Skin_desease_(Perbaikan)_dataset.coco\train\ISIC_6673669_jpg.rf.IrWkRnCnWesVTAORzAfp.jpg,Melanoma
600,1,1_4_jpg.rf.pS3DYYsySOS6GcGeRaBr.jpg,222,294,2026-05-25T11:37:05+00:00,{'name': '1_4.jpg'},Skin_desease_(Perbaikan)_dataset.coco\train\1_4_jpg.rf.pS3DYYsySOS6GcGeRaBr.jpg,Eczema
601,1,1_15_jpg.rf.XZltXGa5e0oSeD4MYRCc.jpg,222,294,2026-05-25T11:37:05+00:00,{'name': '1_15.jpg'},Skin_desease_(Perbaikan)_dataset.coco\train\1_15_jpg.rf.XZltXGa5e0oSeD4MYRCc.jpg,Eczema
602,1,ISIC_6668237_jpg.rf.RnOe2uAYYMVR4XO69d9i.jpg,512,512,2026-05-25T11:37:05+00:00,{'name': 'ISIC_6668237.jpg'},Skin_desease_(Perbaikan)_dataset.coco\train\ISIC_6668237_jpg.rf.RnOe2uAYYMVR4XO69d9i.jpg,Melanoma
603,1,2_14_jpg.rf.OZKFj5xGi02sNyPmws0F.jpg,222,294,2026-05-25T11:37:05+00:00,{'name': '2_14.jpg'},Skin_desease_(Perbaikan)_dataset.coco\train\2_14_jpg.rf.OZKFj5xGi02sNyPmws0F.jpg,Eczema
604,1,2_10_jpg.rf.HNdDKQdkl14TKRspETRZ.jpg,222,294,2026-05-25T11:37:05+00:00,{'name': '2_10.jpg'},Skin_desease_(Perbaikan)_dataset.coco\train\2_10_jpg.rf.HNdDKQdkl14TKRspETRZ.jpg,Eczema
605,1,2_3_jpg.rf.MVJyJyvit5DjcVf6dQ75.jpg,222,294,2026-05-25T11:37:05+00:00,{'name': '2_3.jpg'},Skin_desease_(Perbaikan)_dataset.coco\train\2_3_jpg.rf.MVJyJyvit5DjcVf6dQ75.jpg,Eczema
606,1,ISIC_6667142_jpg.rf.PRJNnUjQgMpuxmXHaXv2.jpg,512,512,2026-05-25T11:37:05+00:00,{'name': 'ISIC_6667142.jpg'},Skin_desease_(Perbaikan)_dataset.coco\train\ISIC_6667142_jpg.rf.PRJNnUjQgMpuxmXHaXv2.jpg,Melanoma
607,1,v-melanocytic-nevi-78_jpg.rf.QASXr9lmr3UvoWGeXHPy.jpg,472,720,2026-05-25T11:37:05+00:00,{'name': 'v-melanocytic-nevi-78.jpg'},Skin_desease_(Perbaikan)_dataset.coco\train\v-melanocytic-nevi-78_jpg.rf.QASXr9lmr3UvoWGeXHPy.jpg,Melanoma
608,1,t-eczema-fingertips-138_jpg.rf.UOo41FALDyEJnkcpA13g.jpg,471,720,2026-05-25T11:37:05+00:00,{'name': 't-eczema-fingertips-138.jpg'},Skin_desease_(Perbaikan)_dataset.coco\train\t-eczema-fingertips-138_jpg.rf.UOo41FALDyEJnkcpA13g.jpg,Eczema
609,1,t-hives-Urticaria-Acute-56_jpg.rf.to08FQ2H5oNWv0UZMI2m.jpg,720,458,2026-05-25T11:37:05+00:00,{'name': 't-hives-Urticaria-Acute-56.jpg'},Skin_desease_(Perbaikan)_dataset.coco\train\t-hives-Urticaria-Acute-56_jpg.rf.to08FQ2H5oNWv0UZMI2m.jpg,Hives
610,1,2_0_jpg.rf.T2ttNR63PJPNl78atUNg.jpg,222,294,2026-05-25T11:37:05+00:00,{'name': '2_0.jpg'},Skin_desease_(Perbaikan)_dataset.coco\train\2_0_jpg.rf.T2ttNR63PJPNl78atUNg.jpg,Eczema
611,1,ISIC_6669480_jpg.rf.vNyR4WBym32BkPsDNGW2.jpg,512,512,2026-05-25T11:37:05+00:00,{'name': 'ISIC_6669480.jpg'},Skin_desease_(Perbaikan)_dataset.coco\train\ISIC_6669480_jpg.rf.vNyR4WBym32BkPsDNGW2.jpg,Melanoma
612,1,chickenpox_4_png.rf.PgoPsDrPJ7VxeUNFZJBp.png,458,474,2026-05-25T11:37:05+00:00,{'name': 'chickenpox_4.png'},Skin_desease_(Perbaikan)_dataset.coco\train\chickenpox_4_png.rf.PgoPsDrPJ7VxeUNFZJBp.png,ChickenPox
613,1,v-melanocytic-nevi-24_jpg.rf.rfsRRdbaN1Ie8Eg47k1G.jpg,720,480,2026-05-25T11:37:05+00:00,{'name': 'v-melanocytic-nevi-24.jpg'},Skin_desease_(Perbaikan)_dataset.coco\train\v-melanocytic-nevi-24_jpg.rf.rfsRRdbaN1Ie8Eg47k1G.jpg,Melanoma
614,1,ISIC_6672654_jpg.rf.oHDNlpwWCLElV0WwUfLw.jpg,512,512,2026-05-25T11:37:05+00:00,{'name': 'ISIC_6672654.jpg'},Skin_desease_(Perbaikan)_dataset.coco\train\ISIC_6672654_jpg.rf.oHDNlpwWCLElV0WwUfLw.jpg,Melanoma
615,1,chickenpox11_png.rf.6EAfwuGkJBQveVjeAA3Q.png,224,224,2026-05-25T11:37:05+00:00,"{'user_tags': ['ChickenPox'], 'name': 'chickenpox11.png'}",Skin_desease_(Perbaikan)_dataset.coco\train\chickenpox11_png.rf.6EAfwuGkJBQveVjeAA3Q.png,ChickenPox
616,1,v-atypical-nevi-33_jpg.rf.fCR0uOZROoO0n44DB4Mr.jpg,472,720,2026-05-25T11:37:05+00:00,{'name': 'v-atypical-nevi-33.jpg'},Skin_desease_(Perbaikan)_dataset.coco\train\v-atypical-nevi-33_jpg.rf.fCR0uOZROoO0n44DB4Mr.jpg,Melanoma
617,1,2_2_jpg.rf.dUmE2XbaajSGp3FfLec6.jpg,222,294,2026-05-25T11:37:05+00:00,{'name': '2_2.jpg'},Skin_desease_(Perbaikan)_dataset.coco\train\2_2_jpg.rf.dUmE2XbaajSGp3FfLec6.jpg,Eczema
618,1,ISIC_6666623_jpg.rf.xflfOQffQyL66tUoHZVU.jpg,512,512,2026-05-25T11:37:05+00:00,{'name': 'ISIC_6666623.jpg'},Skin_desease_(Perbaikan)_dataset.coco\train\ISIC_6666623_jpg.rf.xflfOQffQyL66tUoHZVU.jpg,Melanoma
619,1,Urticaria-back_png.rf.4TzXN1LJ6r4qFojpsXzv.png,924,1388,2026-05-25T11:37:05+00:00,{'name': 'Urticaria-back.png'},Skin_desease_(Perbaikan)_dataset.coco\train\Urticaria-back_png.rf.4TzXN1LJ6r4qFojpsXzv.png,Hives
620,1,chickenpox74_png.rf.83GERyuX49SsCyuIHzXq.png,224,224,2026-05-25T11:37:05+00:00,"{'user_tags': ['ChickenPox'], 'name': 'chickenpox74.png'}",Skin_desease_(Perbaikan)_dataset.coco\train\chickenpox74_png.rf.83GERyuX49SsCyuIHzXq.png,ChickenPox
621,1,chickenpox41_png.rf.82lL0pT08mBpHtjbbntE.png,224,224,2026-05-25T11:37:05+00:00,"{'user_tags': ['ChickenPox'], 'name': 'chickenpox41.png'}",Skin_desease_(Perbaikan)_dataset.coco\train\chickenpox41_png.rf.82lL0pT08mBpHtjbbntE.png,ChickenPox
622,1,t-spitz-nevus-7_jpg.rf.wdsRt1HPUqbasnCochqh.jpg,465,720,2026-05-25T11:37:05+00:00,{'name': 't-spitz-nevus-7.jpg'},Skin_desease_(Perbaikan)_dataset.coco\train\t-spitz-nevus-7_jpg.rf.wdsRt1HPUqbasnCochqh.jpg,Melanoma
623,1,t-spitz-nevus-8_jpg.rf.svZegvnnsDSQJu6O5fjR.jpg,474,720,2026-05-25T11:37:05+00:00,{'name': 't-spitz-nevus-8.jpg'},Skin_desease_(Perbaikan)_dataset.coco\train\t-spitz-nevus-8_jpg.rf.svZegvnnsDSQJu6O5fjR.jpg,Melanoma
624,1,chickenpox_69_png.rf.TH6nescHcYtFkwF2c3kX.png,298,352,2026-05-25T11:37:05+00:00,{'name': 'chickenpox_69.png'},Skin_desease_(Perbaikan)_dataset.coco\train\chickenpox_69_png.rf.TH6nescHcYtFkwF2c3kX.png,ChickenPox
625,1,chickenpox_68_png.rf.mj3ovqfrVOZ7vvCPVeU3.png,376,348,2026-05-25T11:37:05+00:00,{'name': 'chickenpox_68.png'},Skin_desease_(Perbaikan)_dataset.coco\train\chickenpox_68_png.rf.mj3ovqfrVOZ7vvCPVeU3.png,ChickenPox
626,1,ISIC_6668759_jpg.rf.uJhpC38i3QGimPQzs7Ke.jpg,512,512,2026-05-25T11:37:05+00:00,{'name': 'ISIC_6668759.jpg'},Skin_desease_(Perbaikan)_dataset.coco\train\ISIC_6668759_jpg.rf.uJhpC38i3QGimPQzs7Ke.jpg,Melanoma
627,1,ISIC_6670242_jpg.rf.xhqbNseFzRdx5QN70tyL.jpg,512,512,2026-05-25T11:37:05+00:00,{'name': 'ISIC_6670242.jpg'},Skin_desease_(Perbaikan)_dataset.coco\train\ISIC_6670242_jpg.rf.xhqbNseFzRdx5QN70tyL.jpg,Melanoma
628,1,chickenpox7_png.rf.8FvykpBCV60xNUBJNLHB.png,224,224,2026-05-25T11:37:05+00:00,"{'user_tags': ['ChickenPox'], 'name': 'chickenpox7.png'}",Skin_desease_(Perbaikan)_dataset.coco\train\chickenpox7_png.rf.8FvykpBCV60xNUBJNLHB.png,ChickenPox
629,1,chickenpox_20_png.rf.et25ka47LsZ0Y4m34RlE.png,386,492,2026-05-25T11:37:05+00:00,{'name': 'chickenpox_20.png'},Skin_desease_(Perbaikan)_dataset.coco\train\chickenpox_20_png.rf.et25ka47LsZ0Y4m34RlE.png,ChickenPox
630,1,ISIC_6662941_jpg.rf.uFBzkObztFxuZM1nh4DU.jpg,512,512,2026-05-25T11:37:05+00:00,{'name': 'ISIC_6662941.jpg'},Skin_desease_(Perbaikan)_dataset.coco\train\ISIC_6662941_jpg.rf.uFBzkObztFxuZM1nh4DU.jpg,Melanoma
631,1,chickenpox79_png.rf.93gkktj2g1j2miHfiAvg.png,224,224,2026-05-25T11:37:05+00:00,"{'user_tags': ['ChickenPox'], 'name': 'chickenpox79.png'}",Skin_desease_(Perbaikan)_dataset.coco\train\chickenpox79_png.rf.93gkktj2g1j2miHfiAvg.png,ChickenPox
632,1,chickenpox99_png_png.rf.33RPHrLFa5oKJvZZoT6A.png,224,224,2026-05-25T11:37:05+00:00,{'name': 'chickenpox99_png.png'},Skin_desease_(Perbaikan)_dataset.coco\train\chickenpox99_png_png.rf.33RPHrLFa5oKJvZZoT6A.png,ChickenPox
633,1,v-congenital-nevus-23_jpg.rf.sEB19gIlpQ009e7ERwfc.jpg,464,720,2026-05-25T11:37:05+00:00,{'name': 'v-congenital-nevus-23.jpg'},Skin_desease_(Perbaikan)_dataset.coco\train\v-congenital-nevus-23_jpg.rf.sEB19gIlpQ009e7ERwfc.jpg,Melanoma
634,1,v-halo-nevus-21_jpg.rf.xEz61krD5sh8L6kQUBuU.jpg,480,720,2026-05-25T11:37:05+00:00,{'name': 'v-halo-nevus-21.jpg'},Skin_desease_(Perbaikan)_dataset.coco\train\v-halo-nevus-21_jpg.rf.xEz61krD5sh8L6kQUBuU.jpg,Melanoma
635,1,t-malignant-melanoma-139_jpg.rf.mzqDoSWf7JaMOtuylIFv.jpg,467,720,2026-05-25T11:37:05+00:00,{'name': 't-malignant-melanoma-139.jpg'},Skin_desease_(Perbaikan)_dataset.coco\train\t-malignant-melanoma-139_jpg.rf.mzqDoSWf7JaMOtuylIFv.jpg,Melanoma
636,1,chickenpox_6_png.rf.f402Bpc6SXRs2C8P0mrX.png,374,416,2026-05-25T11:37:05+00:00,{'name': 'chickenpox_6.png'},Skin_desease_(Perbaikan)_dataset.coco\train\chickenpox_6_png.rf.f402Bpc6SXRs2C8P0mrX.png,ChickenPox
637,1,chickenpox_18_png.rf.aoyHc5M6G6B6iq1a522l.png,314,380,2026-05-25T11:37:05+00:00,{'name': 'chickenpox_18.png'},Skin_desease_(Perbaikan)_dataset.coco\train\chickenpox_18_png.rf.aoyHc5M6G6B6iq1a522l.png,ChickenPox
638,1,GettyImages-531536325-f61cfe3522e24437b0c8e1a5bcfbfae4_jpg.rf.KaqGfzRSrWY4QtLnSq8x.jpg,506,750,2026-05-25T11:37:05+00:00,{'name': 'GettyImages-531536325-f61cfe3522e24437b0c8e1a5bcfbfae4.jpg'},Skin_desease_(Perbaikan)_dataset.coco\train\GettyImages-531536325-f61cfe3522e24437b0c8e1a5bcfbfae4_jpg.rf.KaqGfzRSrWY4QtLnSq8x.jpg,Melanoma
639,1,t-eczema-fingertips-120_jpg.rf.TDXhB8A2JxO9ui7iExdO.jpg,477,720,2026-05-25T11:37:05+00:00,{'name': 't-eczema-fingertips-120.jpg'},Skin_desease_(Perbaikan)_dataset.coco\train\t-eczema-fingertips-120_jpg.rf.TDXhB8A2JxO9ui7iExdO.jpg,Eczema
640,1,t-06HivesPolycyclic2_jpg.rf.9mnUmVAyJwYBDqzignk7.jpg,472,720,2026-05-25T11:37:05+00:00,{'name': 't-06HivesPolycyclic2.jpg'},Skin_desease_(Perbaikan)_dataset.coco\train\t-06HivesPolycyclic2_jpg.rf.9mnUmVAyJwYBDqzignk7.jpg,Hives
641,1,2_5_jpg.rf.tRaZJmjHtXHFaA0DnYNh.jpg,222,294,2026-05-25T11:37:05+00:00,{'name': '2_5.jpg'},Skin_desease_(Perbaikan)_dataset.coco\train\2_5_jpg.rf.tRaZJmjHtXHFaA0DnYNh.jpg,Eczema
642,1,v-eczema-hand-181_jpg.rf.EPQOFDiV0HZPcHhEbzPo.jpg,720,477,2026-05-25T11:37:05+00:00,{'name': 'v-eczema-hand-181.jpg'},Skin_desease_(Perbaikan)_dataset.coco\train\v-eczema-hand-181_jpg.rf.EPQOFDiV0HZPcHhEbzPo.jpg,Eczema
643,1,2_11_jpg.rf.tb3QU3viyGJ05QA1qLUW.jpg,222,294,2026-05-25T11:37:05+00:00,{'name': '2_11.jpg'},Skin_desease_(Perbaikan)_dataset.coco\train\2_11_jpg.rf.tb3QU3viyGJ05QA1qLUW.jpg,Eczema
644,1,ISIC_6668308_jpg.rf.dlWnYzXvn11kfxJAygs1.jpg,512,512,2026-05-25T11:37:05+00:00,{'name': 'ISIC_6668308.jpg'},Skin_desease_(Perbaikan)_dataset.coco\train\ISIC_6668308_jpg.rf.dlWnYzXvn11kfxJAygs1.jpg,Melanoma
645,1,ISIC_6665667_jpg.rf.hUVYcXa6xxx8ztdTO0il.jpg,512,512,2026-05-25T11:37:05+00:00,{'name': 'ISIC_6665667.jpg'},Skin_desease_(Perbaikan)_dataset.coco\train\ISIC_6665667_jpg.rf.hUVYcXa6xxx8ztdTO0il.jpg,Melanoma
646,1,ISIC_6667080_jpg.rf.y2UHnRvMms3XHFuuemtf.jpg,512,512,2026-05-25T11:37:05+00:00,{'name': 'ISIC_6667080.jpg'},Skin_desease_(Perbaikan)_dataset.coco\train\ISIC_6667080_jpg.rf.y2UHnRvMms3XHFuuemtf.jpg,Melanoma
647,1,ISIC_6661910_jpg.rf.v02rrlEWZt8Qq5qNfKQT.jpg,512,512,2026-05-25T11:37:05+00:00,{'name': 'ISIC_6661910.jpg'},Skin_desease_(Perbaikan)_dataset.coco\train\ISIC_6661910_jpg.rf.v02rrlEWZt8Qq5qNfKQT.jpg,Melanoma
648,1,urticaria_jpg.rf.9xcpMaFUaBXS7NyrgPFc.jpg,602,800,2026-05-25T11:37:05+00:00,{'name': 'urticaria.jpg'},Skin_desease_(Perbaikan)_dataset.coco\train\urticaria_jpg.rf.9xcpMaFUaBXS7NyrgPFc.jpg,Hives
649,1,v-congenital-nevus-19_jpg.rf.wfUnSbyyMMVg21891KBT.jpg,464,720,2026-05-25T11:37:05+00:00,{'name': 'v-congenital-nevus-19.jpg'},Skin_desease_(Perbaikan)_dataset.coco\train\v-congenital-nevus-19_jpg.rf.wfUnSbyyMMVg21891KBT.jpg,Melanoma
650,1,chickenpox75_png_png.rf.35Q9lXvgtECXnhBPmE5O.png,224,224,2026-05-25T11:37:05+00:00,{'name': 'chickenpox75_png.png'},Skin_desease_(Perbaikan)_dataset.coco\train\chickenpox75_png_png.rf.35Q9lXvgtECXnhBPmE5O.png,ChickenPox
651,1,chickenpox_56_png.rf.rAkWRoVQdfB9iFnqGAyW.png,318,406,2026-05-25T11:37:05+00:00,{'name': 'chickenpox_56.png'},Skin_desease_(Perbaikan)_dataset.coco\train\chickenpox_56_png.rf.rAkWRoVQdfB9iFnqGAyW.png,ChickenPox
652,1,chickenpox_47_png.rf.SglJB4P7VSB6on9MCl5N.png,398,440,2026-05-25T11:37:05+00:00,{'name': 'chickenpox_47.png'},Skin_desease_(Perbaikan)_dataset.coco\train\chickenpox_47_png.rf.SglJB4P7VSB6on9MCl5N.png,ChickenPox
653,1,1_12_jpg.rf.nb40q4H0xY6CF5xd4DJ4.jpg,222,294,2026-05-25T11:37:05+00:00,{'name': '1_12.jpg'},Skin_desease_(Perbaikan)_dataset.coco\train\1_12_jpg.rf.nb40q4H0xY6CF5xd4DJ4.jpg,Eczema
654,1,ISIC_7452515_jpg.rf.61qXBewBPLS3oaZdM3WX.jpg,512,512,2026-05-25T11:37:05+00:00,{'name': 'ISIC_7452515.jpg'},Skin_desease_(Perbaikan)_dataset.coco\train\ISIC_7452515_jpg.rf.61qXBewBPLS3oaZdM3WX.jpg,Melanoma
655,1,close-up-shot-child-body-suffers-chickenpox-varicella-closeup-shot-child-body-suffers-chickenpox-varicella-272304014 (1)_jpg.rf.6MN9pI0k1T4bP5OozwBj.jpg,600,800,2026-05-25T11:37:05+00:00,{'name': 'close-up-shot-child-body-suffers-chickenpox-varicella-closeup-shot-child-body-suffers-chickenpox-varicella-272304014 (1).jpg'},Skin_desease_(Perbaikan)_dataset.coco\train\close-up-shot-child-body-suffers-chickenpox-varicella-closeup-shot-child-body-suffers-chickenpox-varicella-272304014 (1)_jpg.rf.6MN9pI0k1T4bP5OozwBj.jpg,ChickenPox
656,1,ISIC_6666329_jpg.rf.qin7UHeiQVca6pJMblOe.jpg,512,512,2026-05-25T11:37:05+00:00,{'name': 'ISIC_6666329.jpg'},Skin_desease_(Perbaikan)_dataset.coco\train\ISIC_6666329_jpg.rf.qin7UHeiQVca6pJMblOe.jpg,Melanoma
657,1,v-congenital-nevus-21_jpg.rf.hZJp4wedGZECB8dfFyIY.jpg,464,720,2026-05-25T11:37:05+00:00,{'name': 'v-congenital-nevus-21.jpg'},Skin_desease_(Perbaikan)_dataset.coco\train\v-congenital-nevus-21_jpg.rf.hZJp4wedGZECB8dfFyIY.jpg,Melanoma
658,1,4_12_jpg.rf.ss13EK6bRIl5yiPKcYvn.jpg,222,294,2026-05-25T11:37:05+00:00,{'name': '4_12.jpg'},Skin_desease_(Perbaikan)_dataset.coco\train\4_12_jpg.rf.ss13EK6bRIl5yiPKcYvn.jpg,Eczema
659,1,v-atypical-nevi-19_jpg.rf.NijK0QLcdZygqrErdbYJ.jpg,584,720,2026-05-25T11:37:05+00:00,{'name': 'v-atypical-nevi-19.jpg'},Skin_desease_(Perbaikan)_dataset.coco\train\v-atypical-nevi-19_jpg.rf.NijK0QLcdZygqrErdbYJ.jpg,Melanoma
660,1,chickenpox_37_png.rf.upJxEdBbQWx4S11UgDTe.png,306,416,2026-05-25T11:37:05+00:00,{'name': 'chickenpox_37.png'},Skin_desease_(Perbaikan)_dataset.coco\train\chickenpox_37_png.rf.upJxEdBbQWx4S11UgDTe.png,ChickenPox
661,1,v-eczema-impetiginized-11_jpg.rf.EGwquogpLyJs9GgfIWGX.jpg,474,720,2026-05-25T11:37:05+00:00,{'name': 'v-eczema-impetiginized-11.jpg'},Skin_desease_(Perbaikan)_dataset.coco\train\v-eczema-impetiginized-11_jpg.rf.EGwquogpLyJs9GgfIWGX.jpg,Eczema
662,1,ISIC_6672885_jpg.rf.yoGAHHtCZL0DMmrSpKtr.jpg,512,512,2026-05-25T11:37:05+00:00,{'name': 'ISIC_6672885.jpg'},Skin_desease_(Perbaikan)_dataset.coco\train\ISIC_6672885_jpg.rf.yoGAHHtCZL0DMmrSpKtr.jpg,Melanoma
663,1,t-spitz-nevus-3_jpg.rf.iaKl2RQd1l6NG51Ib5Qb.jpg,460,720,2026-05-25T11:37:05+00:00,{'name': 't-spitz-nevus-3.jpg'},Skin_desease_(Perbaikan)_dataset.coco\train\t-spitz-nevus-3_jpg.rf.iaKl2RQd1l6NG51Ib5Qb.jpg,Melanoma
664,1,chickenpox_40_png.rf.afzH4e15mmyEen7FcBmU.png,368,438,2026-05-25T11:37:05+00:00,{'name': 'chickenpox_40.png'},Skin_desease_(Perbaikan)_dataset.coco\train\chickenpox_40_png.rf.afzH4e15mmyEen7FcBmU.png,ChickenPox
665,1,v-eczema-asteatotic-37_jpg.rf.B91OuQUQe4qKQXEnRRdE.jpg,720,477,2026-05-25T11:37:05+00:00,{'name': 'v-eczema-asteatotic-37.jpg'},Skin_desease_(Perbaikan)_dataset.coco\train\v-eczema-asteatotic-37_jpg.rf.B91OuQUQe4qKQXEnRRdE.jpg,Eczema
666,1,2_1_jpg.rf.kYar8ZIUy3YSS0W4lBxR.jpg,222,294,2026-05-25T11:37:05+00:00,{'name': '2_1.jpg'},Skin_desease_(Perbaikan)_dataset.coco\train\2_1_jpg.rf.kYar8ZIUy3YSS0W4lBxR.jpg,Eczema
667,1,closeup-cute-smiles-funny-little-girl-varicella-virus-chickenpox-bubble-rash-child-has-measures-temperature-140596011_jpg.rf.3We915ql6hP6ZXtELNAG.jpg,531,800,2026-05-25T11:37:05+00:00,{'name': 'closeup-cute-smiles-funny-little-girl-varicella-virus-chickenpox-bubble-rash-child-has-measures-temperature-140596011.jpg'},Skin_desease_(Perbaikan)_dataset.coco\train\closeup-cute-smiles-funny-little-girl-varicella-virus-chickenpox-bubble-rash-child-has-measures-temperature-140596011_jpg.rf.3We915ql6hP6ZXtELNAG.jpg,ChickenPox
668,1,v-eczema-asteatotic-24_jpg.rf.Uqi6kq4iGG9NLcbnuYnC.jpg,480,720,2026-05-25T11:37:05+00:00,{'name': 'v-eczema-asteatotic-24.jpg'},Skin_desease_(Perbaikan)_dataset.coco\train\v-eczema-asteatotic-24_jpg.rf.Uqi6kq4iGG9NLcbnuYnC.jpg,Eczema
669,1,t-eczema-nummular-190_jpg.rf.0mdLu2AbiB8RbEumvUXn.jpg,720,477,2026-05-25T11:37:05+00:00,{'name': 't-eczema-nummular-190.jpg'},Skin_desease_(Perbaikan)_dataset.coco\train\t-eczema-nummular-190_jpg.rf.0mdLu2AbiB8RbEumvUXn.jpg,Eczema
670,1,1_22_jpg.rf.zxeEIKxx3LSKODwHHaLd.jpg,222,294,2026-05-25T11:37:05+00:00,{'name': '1_22.jpg'},Skin_desease_(Perbaikan)_dataset.coco\train\1_22_jpg.rf.zxeEIKxx3LSKODwHHaLd.jpg,Eczema
671,1,v-congenital-nevus-11_jpg.rf.wEi7Y3VFVu6Qn7lxYgpa.jpg,612,720,2026-05-25T11:37:05+00:00,{'name': 'v-congenital-nevus-11.jpg'},Skin_desease_(Perbaikan)_dataset.coco\train\v-congenital-nevus-11_jpg.rf.wEi7Y3VFVu6Qn7lxYgpa.jpg,Melanoma
672,1,chickenpox91_png_png.rf.GbwOaz0j3MazDjFk8zeY.png,224,224,2026-05-25T11:37:05+00:00,{'name': 'chickenpox91_png.png'},Skin_desease_(Perbaikan)_dataset.coco\train\chickenpox91_png_png.rf.GbwOaz0j3MazDjFk8zeY.png,ChickenPox
673,1,chickenpox_44_png.rf.oElrLiHtcgY7FSNvYRnz.png,344,446,2026-05-25T11:37:05+00:00,{'name': 'chickenpox_44.png'},Skin_desease_(Perbaikan)_dataset.coco\train\chickenpox_44_png.rf.oElrLiHtcgY7FSNvYRnz.png,ChickenPox
674,1,v-eczema-hand-177_jpg.rf.HLGzmwwxqQwF7p1ep7Eo.jpg,720,477,2026-05-25T11:37:05+00:00,{'name': 'v-eczema-hand-177.jpg'},Skin_desease_(Perbaikan)_dataset.coco\train\v-eczema-hand-177_jpg.rf.HLGzmwwxqQwF7p1ep7Eo.jpg,Eczema
675,1,ISIC_7453902_jpg.rf.83cgkV6vmBjvnmE5Q37r.jpg,512,512,2026-05-25T11:37:05+00:00,{'name': 'ISIC_7453902.jpg'},Skin_desease_(Perbaikan)_dataset.coco\train\ISIC_7453902_jpg.rf.83cgkV6vmBjvnmE5Q37r.jpg,Melanoma
676,1,ISIC_7454679_jpg.rf.GFCtgUORyLpqO9VQMhZG.jpg,512,512,2026-05-25T11:37:05+00:00,{'name': 'ISIC_7454679.jpg'},Skin_desease_(Perbaikan)_dataset.coco\train\ISIC_7454679_jpg.rf.GFCtgUORyLpqO9VQMhZG.jpg,Melanoma
677,1,closeup-man-back-who-having-varicella-blister-chickenpox-200174675_jpg.rf.41e0xusJOGHfTdxsxxBp.jpg,533,800,2026-05-25T11:37:05+00:00,{'name': 'closeup-man-back-who-having-varicella-blister-chickenpox-200174675.jpg'},Skin_desease_(Perbaikan)_dataset.coco\train\closeup-man-back-who-having-varicella-blister-chickenpox-200174675_jpg.rf.41e0xusJOGHfTdxsxxBp.jpg,ChickenPox
678,1,v-congenital-nevus-24_jpg.rf.yGKWUzd5rRxIfRujzKIS.jpg,464,720,2026-05-25T11:37:05+00:00,{'name': 'v-congenital-nevus-24.jpg'},Skin_desease_(Perbaikan)_dataset.coco\train\v-congenital-nevus-24_jpg.rf.yGKWUzd5rRxIfRujzKIS.jpg,Melanoma
679,1,t-eczema-nummular-165_jpg.rf.0HbOAZDJyNPtKDhJHQ9v.jpg,720,477,2026-05-25T11:37:05+00:00,{'name': 't-eczema-nummular-165.jpg'},Skin_desease_(Perbaikan)_dataset.coco\train\t-eczema-nummular-165_jpg.rf.0HbOAZDJyNPtKDhJHQ9v.jpg,Eczema
680,1,chickenpox_99_png.rf.4EOzR6P553AY6A1UrAut.png,572,664,2026-05-25T11:37:05+00:00,{'name': 'chickenpox_99.png'},Skin_desease_(Perbaikan)_dataset.coco\train\chickenpox_99_png.rf.4EOzR6P553AY6A1UrAut.png,ChickenPox
681,1,v-melanocytic-nevi-49_jpg.rf.JMr64irLkRpYebTVKnmI.jpg,472,720,2026-05-25T11:37:05+00:00,{'name': 'v-melanocytic-nevi-49.jpg'},Skin_desease_(Perbaikan)_dataset.coco\train\v-melanocytic-nevi-49_jpg.rf.JMr64irLkRpYebTVKnmI.jpg,Melanoma
682,1,m_usat2_c172f001_png.rf.0XyeYcGMZ2iAfZddXvoz.png,428,520,2026-05-25T11:37:05+00:00,{'name': 'm_usat2_c172f001.png'},Skin_desease_(Perbaikan)_dataset.coco\train\m_usat2_c172f001_png.rf.0XyeYcGMZ2iAfZddXvoz.png,Melanoma
683,1,v-eczema-nummular-14_jpg.rf.PPW1lJqnEEX6HwfrWZ43.jpg,472,720,2026-05-25T11:37:05+00:00,{'name': 'v-eczema-nummular-14.jpg'},Skin_desease_(Perbaikan)_dataset.coco\train\v-eczema-nummular-14_jpg.rf.PPW1lJqnEEX6HwfrWZ43.jpg,Eczema
684,1,v-atypical-nevi-18_jpg.rf.dAjCz7Nhcz2ftFnp8EJS.jpg,615,720,2026-05-25T11:37:05+00:00,{'name': 'v-atypical-nevi-18.jpg'},Skin_desease_(Perbaikan)_dataset.coco\train\v-atypical-nevi-18_jpg.rf.dAjCz7Nhcz2ftFnp8EJS.jpg,Melanoma
685,1,ISIC_7456073_jpg.rf.8g1fQNWNOVAu90RVVBwD.jpg,512,512,2026-05-25T11:37:05+00:00,{'name': 'ISIC_7456073.jpg'},Skin_desease_(Perbaikan)_dataset.coco\train\ISIC_7456073_jpg.rf.8g1fQNWNOVAu90RVVBwD.jpg,Melanoma
686,1,chickenpox94_png_png.rf.JmbycVGNUBOYPbJ2fza3.png,224,224,2026-05-25T11:37:05+00:00,{'name': 'chickenpox94_png.png'},Skin_desease_(Perbaikan)_dataset.coco\train\chickenpox94_png_png.rf.JmbycVGNUBOYPbJ2fza3.png,ChickenPox
687,1,close-up-shots-body-children-chickenpox-acne-skin-inflammation-concept-health-care-clipping-path-around-253129289_jpg.rf.1NMsaAaevqfqnwMGaT40.jpg,900,734,2026-05-25T11:37:05+00:00,{'name': 'close-up-shots-body-children-chickenpox-acne-skin-inflammation-concept-health-care-clipping-path-around-253129289.jpg'},Skin_desease_(Perbaikan)_dataset.coco\train\close-up-shots-body-children-chickenpox-acne-skin-inflammation-concept-health-care-clipping-path-around-253129289_jpg.rf.1NMsaAaevqfqnwMGaT40.jpg,ChickenPox
688,1,chickenpox_70_png.rf.YrEcC1tboK7xz6pl0f9P.png,424,490,2026-05-25T11:37:05+00:00,{'name': 'chickenpox_70.png'},Skin_desease_(Perbaikan)_dataset.coco\train\chickenpox_70_png.rf.YrEcC1tboK7xz6pl0f9P.png,ChickenPox
689,1,ISIC_6668604_jpg.rf.qVUwAuNaK072Nxw4ELCj.jpg,512,512,2026-05-25T11:37:05+00:00,{'name': 'ISIC_6668604.jpg'},Skin_desease_(Perbaikan)_dataset.coco\train\ISIC_6668604_jpg.rf.qVUwAuNaK072Nxw4ELCj.jpg,Melanoma
690,1,ISIC_7452815_jpg.rf.NBadwkwgKy7L8bzYWSva.jpg,512,512,2026-05-25T11:37:05+00:00,{'name': 'ISIC_7452815.jpg'},Skin_desease_(Perbaikan)_dataset.coco\train\ISIC_7452815_jpg.rf.NBadwkwgKy7L8bzYWSva.jpg,Melanoma
691,1,v-eczema-impetiginized-4_jpg.rf.Mslf75JPy756CHP6gABZ.jpg,480,720,2026-05-25T11:37:05+00:00,{'name': 'v-eczema-impetiginized-4.jpg'},Skin_desease_(Perbaikan)_dataset.coco\train\v-eczema-impetiginized-4_jpg.rf.Mslf75JPy756CHP6gABZ.jpg,Eczema
692,1,ISIC_7454487_jpg.rf.8G3gc8GwUUk8crm1eHAd.jpg,512,512,2026-05-25T11:37:05+00:00,{'name': 'ISIC_7454487.jpg'},Skin_desease_(Perbaikan)_dataset.coco\train\ISIC_7454487_jpg.rf.8G3gc8GwUUk8crm1eHAd.jpg,Melanoma
693,1,chickenpox_43_png.rf.aWtgooLCTZgPiWiqFi98.png,438,510,2026-05-25T11:37:05+00:00,{'name': 'chickenpox_43.png'},Skin_desease_(Perbaikan)_dataset.coco\train\chickenpox_43_png.rf.aWtgooLCTZgPiWiqFi98.png,ChickenPox
694,1,ISIC_6681811_jpg.rf.3rSsc1k3SLNmTomdoSxs.jpg,512,512,2026-05-25T11:37:05+00:00,{'name': 'ISIC_6681811.jpg'},Skin_desease_(Perbaikan)_dataset.coco\train\ISIC_6681811_jpg.rf.3rSsc1k3SLNmTomdoSxs.jpg,Melanoma
695,1,severe-hives-causes-v0-jh1bc2adcjqd1_webp.rf.6Sdr5HABLAmHNb3keLq7.webp,480,640,2026-05-25T11:37:05+00:00,{'name': 'severe-hives-causes-v0-jh1bc2adcjqd1.webp'},Skin_desease_(Perbaikan)_dataset.coco\train\severe-hives-causes-v0-jh1bc2adcjqd1_webp.rf.6Sdr5HABLAmHNb3keLq7.webp,Hives
696,1,v-eczema-subacute-107_jpg.rf.OdREoHyr56izA5J2vjtw.jpg,477,720,2026-05-25T11:37:05+00:00,{'name': 'v-eczema-subacute-107.jpg'},Skin_desease_(Perbaikan)_dataset.coco\train\v-eczema-subacute-107_jpg.rf.OdREoHyr56izA5J2vjtw.jpg,Eczema
697,1,closeup-cute-sad-little-girl-bed-varicella-virus-chickenpox-bubble-rash-child-girl-sad-sick-140595922_jpg.rf.1Tkc3g6yeoCiFShsbS4y.jpg,531,800,2026-05-25T11:37:05+00:00,{'name': 'closeup-cute-sad-little-girl-bed-varicella-virus-chickenpox-bubble-rash-child-girl-sad-sick-140595922.jpg'},Skin_desease_(Perbaikan)_dataset.coco\train\closeup-cute-sad-little-girl-bed-varicella-virus-chickenpox-bubble-rash-child-girl-sad-sick-140595922_jpg.rf.1Tkc3g6yeoCiFShsbS4y.jpg,ChickenPox
698,1,v-eczema-impetiginized-9_jpg.rf.R3UGXXZNlkKDTrrLa9Jy.jpg,720,480,2026-05-25T11:37:05+00:00,{'name': 'v-eczema-impetiginized-9.jpg'},Skin_desease_(Perbaikan)_dataset.coco\train\v-eczema-impetiginized-9_jpg.rf.R3UGXXZNlkKDTrrLa9Jy.jpg,Eczema
699,1,2_16_jpg.rf.dZrEPgexhmlCcQlptJpp.jpg,222,294,2026-05-25T11:37:05+00:00,{'name': '2_16.jpg'},Skin_desease_(Perbaikan)_dataset.coco\train\2_16_jpg.rf.dZrEPgexhmlCcQlptJpp.jpg,Eczema
700,1,t-eczema-acute-9_jpg.rf.CGzOo115XwlwJ51OPH4o.jpg,472,720,2026-05-25T11:37:05+00:00,{'name': 't-eczema-acute-9.jpg'},Skin_desease_(Perbaikan)_dataset.coco\train\t-eczema-acute-9_jpg.rf.CGzOo115XwlwJ51OPH4o.jpg,Eczema
701,1,superficial-spreading-melanoma_jpg.rf.tLwPAoUfg1okxXfWKxih.jpg,900,900,2026-05-25T11:37:05+00:00,{'name': 'superficial-spreading-melanoma.jpg'},Skin_desease_(Perbaikan)_dataset.coco\train\superficial-spreading-melanoma_jpg.rf.tLwPAoUfg1okxXfWKxih.jpg,Melanoma
702,1,chickenpox84_png_png.rf.JhyUotu744rBT8hUvyRe.png,224,224,2026-05-25T11:37:05+00:00,{'name': 'chickenpox84_png.png'},Skin_desease_(Perbaikan)_dataset.coco\train\chickenpox84_png_png.rf.JhyUotu744rBT8hUvyRe.png,ChickenPox
703,1,closeup-man-back-who-having-varicella-blister-chickenpox-closeup-man-back-who-having-varicella-blister-chickenpox-200174676 (1)_jpg.rf.jTq4O9QCtSW7oEqrbzSB.jpg,534,800,2026-05-25T11:37:05+00:00,{'name': 'closeup-man-back-who-having-varicella-blister-chickenpox-closeup-man-back-who-having-varicella-blister-chickenpox-200174676 (1).jpg'},Skin_desease_(Perbaikan)_dataset.coco\train\closeup-man-back-who-having-varicella-blister-chickenpox-closeup-man-back-who-having-varicella-blister-chickenpox-200174676 (1)_jpg.rf.jTq4O9QCtSW7oEqrbzSB.jpg,ChickenPox
704,1,v-eczema-chronic-36_jpg.rf.hdEGezRayU6LICCD5TPi.jpg,472,720,2026-05-25T11:37:05+00:00,{'name': 'v-eczema-chronic-36.jpg'},Skin_desease_(Perbaikan)_dataset.coco\train\v-eczema-chronic-36_jpg.rf.hdEGezRayU6LICCD5TPi.jpg,Eczema
705,1,v-eczema-leg-3_jpg.rf.FhJgYatSDLBYVUGGFmcb.jpg,480,720,2026-05-25T11:37:05+00:00,{'name': 'v-eczema-leg-3.jpg'},Skin_desease_(Perbaikan)_dataset.coco\train\v-eczema-leg-3_jpg.rf.FhJgYatSDLBYVUGGFmcb.jpg,Eczema
706,1,ISIC_6682106_jpg.rf.KjIMM6Chd6y2msaf5FGS.jpg,512,512,2026-05-25T11:37:05+00:00,{'name': 'ISIC_6682106.jpg'},Skin_desease_(Perbaikan)_dataset.coco\train\ISIC_6682106_jpg.rf.KjIMM6Chd6y2msaf5FGS.jpg,Melanoma
707,1,v-eczema-foot-32_jpg.rf.I0ZrAEuPFgw8rwKTjkj2.jpg,720,480,2026-05-25T11:37:05+00:00,{'name': 'v-eczema-foot-32.jpg'},Skin_desease_(Perbaikan)_dataset.coco\train\v-eczema-foot-32_jpg.rf.I0ZrAEuPFgw8rwKTjkj2.jpg,Eczema
708,1,ISIC_7452767_jpg.rf.R8EnOQjLX4PbHk7lGowi.jpg,512,512,2026-05-25T11:37:05+00:00,{'name': 'ISIC_7452767.jpg'},Skin_desease_(Perbaikan)_dataset.coco\train\ISIC_7452767_jpg.rf.R8EnOQjLX4PbHk7lGowi.jpg,Melanoma
709,1,chickenpox_50_png.rf.hvKAIETBKO7z8x8aNM3C.png,340,474,2026-05-25T11:37:05+00:00,{'name': 'chickenpox_50.png'},Skin_desease_(Perbaikan)_dataset.coco\train\chickenpox_50_png.rf.hvKAIETBKO7z8x8aNM3C.png,ChickenPox
710,1,1_30_jpg.rf.Y9nMxCqRlox6ZRmJkTff.jpg,222,294,2026-05-25T11:37:05+00:00,{'name': '1_30.jpg'},Skin_desease_(Perbaikan)_dataset.coco\train\1_30_jpg.rf.Y9nMxCqRlox6ZRmJkTff.jpg,Hives
711,1,ISIC_6675831_jpg.rf.3I2vV2Rhg5t8p3ZYC3mh.jpg,512,512,2026-05-25T11:37:05+00:00,{'name': 'ISIC_6675831.jpg'},Skin_desease_(Perbaikan)_dataset.coco\train\ISIC_6675831_jpg.rf.3I2vV2Rhg5t8p3ZYC3mh.jpg,Melanoma
712,1,v-eczema-fingertips-117_jpg.rf.U39472oyYFYduecp9GKE.jpg,720,477,2026-05-25T11:37:05+00:00,{'name': 'v-eczema-fingertips-117.jpg'},Skin_desease_(Perbaikan)_dataset.coco\train\v-eczema-fingertips-117_jpg.rf.U39472oyYFYduecp9GKE.jpg,Eczema
713,1,ISIC_7454116_jpg.rf.MkSUW7vaCirvRALls8OJ.jpg,512,512,2026-05-25T11:37:05+00:00,{'name': 'ISIC_7454116.jpg'},Skin_desease_(Perbaikan)_dataset.coco\train\ISIC_7454116_jpg.rf.MkSUW7vaCirvRALls8OJ.jpg,Melanoma
714,1,0_1_jpg.rf.UlQoLDQ5FkJgXVPetLGQ.jpg,222,294,2026-05-25T11:37:05+00:00,{'name': '0_1.jpg'},Skin_desease_(Perbaikan)_dataset.coco\train\0_1_jpg.rf.UlQoLDQ5FkJgXVPetLGQ.jpg,Eczema
715,1,v-congenital-nevus-57_jpg.rf.zfDOXu1aaUKZJ5d7GTtV.jpg,480,720,2026-05-25T11:37:05+00:00,{'name': 'v-congenital-nevus-57.jpg'},Skin_desease_(Perbaikan)_dataset.coco\train\v-congenital-nevus-57_jpg.rf.zfDOXu1aaUKZJ5d7GTtV.jpg,Melanoma
716,1,chickenpox_41_png.rf.vDcTh5NxkqoM3Hjy9OJ1.png,348,354,2026-05-25T11:37:05+00:00,{'name': 'chickenpox_41.png'},Skin_desease_(Perbaikan)_dataset.coco\train\chickenpox_41_png.rf.vDcTh5NxkqoM3Hjy9OJ1.png,ChickenPox
717,1,ISIC_6676776_jpg.rf.5ENgXgbkUC4raUjMH9Tg.jpg,512,512,2026-05-25T11:37:05+00:00,{'name': 'ISIC_6676776.jpg'},Skin_desease_(Perbaikan)_dataset.coco\train\ISIC_6676776_jpg.rf.5ENgXgbkUC4raUjMH9Tg.jpg,Melanoma
718,1,v-eczema-nummular-81_jpg.rf.HNGxboNHhyUob4EnP2sd.jpg,480,720,2026-05-25T11:37:05+00:00,{'name': 'v-eczema-nummular-81.jpg'},Skin_desease_(Perbaikan)_dataset.coco\train\v-eczema-nummular-81_jpg.rf.HNGxboNHhyUob4EnP2sd.jpg,Eczema
719,1,dermagraphism-13_jpg.rf.dalXzw9KJ3MYUmvKge3C.jpg,720,478,2026-05-25T11:37:05+00:00,{'name': 'dermagraphism-13.jpg'},Skin_desease_(Perbaikan)_dataset.coco\train\dermagraphism-13_jpg.rf.dalXzw9KJ3MYUmvKge3C.jpg,Hives
720,1,1_1_jpg.rf.kEGOJYgqH5IdNoKTgNpq.jpg,222,294,2026-05-25T11:37:05+00:00,{'name': '1_1.jpg'},Skin_desease_(Perbaikan)_dataset.coco\train\1_1_jpg.rf.kEGOJYgqH5IdNoKTgNpq.jpg,Hives
721,1,ISIC_7454512_jpg.rf.XlxWKy91bWZYyNeja6Rx.jpg,512,512,2026-05-25T11:37:05+00:00,{'name': 'ISIC_7454512.jpg'},Skin_desease_(Perbaikan)_dataset.coco\train\ISIC_7454512_jpg.rf.XlxWKy91bWZYyNeja6Rx.jpg,Melanoma
722,1,chickenpox80_png_png.rf.Nv7cDCVBP3UosqHVuC06.png,224,224,2026-05-25T11:37:05+00:00,{'name': 'chickenpox80_png.png'},Skin_desease_(Perbaikan)_dataset.coco\train\chickenpox80_png_png.rf.Nv7cDCVBP3UosqHVuC06.png,ChickenPox
723,1,chickenpox86_png_png.rf.UM5hdzCgKmFfJuYHL1lo.png,224,224,2026-05-25T11:37:05+00:00,{'name': 'chickenpox86_png.png'},Skin_desease_(Perbaikan)_dataset.coco\train\chickenpox86_png_png.rf.UM5hdzCgKmFfJuYHL1lo.png,ChickenPox
724,1,closeup-cute-sad-little-girl-bed-varicella-virus-chickenpox-bubble-rash-child-closeup-cute-sad-little-girl-140595950_jpg.rf.UjOAre7O7zmBw5cTnxkF.jpg,531,800,2026-05-25T11:37:05+00:00,{'name': 'closeup-cute-sad-little-girl-bed-varicella-virus-chickenpox-bubble-rash-child-closeup-cute-sad-little-girl-140595950.jpg'},Skin_desease_(Perbaikan)_dataset.coco\train\closeup-cute-sad-little-girl-bed-varicella-virus-chickenpox-bubble-rash-child-closeup-cute-sad-little-girl-140595950_jpg.rf.UjOAre7O7zmBw5cTnxkF.jpg,ChickenPox
725,1,chickenpox_52_png.rf.uRwHgEfKbIFLQxt2fnKu.png,272,300,2026-05-25T11:37:05+00:00,{'name': 'chickenpox_52.png'},Skin_desease_(Perbaikan)_dataset.coco\train\chickenpox_52_png.rf.uRwHgEfKbIFLQxt2fnKu.png,ChickenPox
726,1,t-eczema-nummular-191_jpg.rf.HcMQLbCyc0fPvjLq2vCX.jpg,720,477,2026-05-25T11:37:05+00:00,{'name': 't-eczema-nummular-191.jpg'},Skin_desease_(Perbaikan)_dataset.coco\train\t-eczema-nummular-191_jpg.rf.HcMQLbCyc0fPvjLq2vCX.jpg,Eczema
727,1,ISIC_6676508_jpg.rf.7cWIYRamnznvWSa2TfKG.jpg,512,512,2026-05-25T11:37:05+00:00,{'name': 'ISIC_6676508.jpg'},Skin_desease_(Perbaikan)_dataset.coco\train\ISIC_6676508_jpg.rf.7cWIYRamnznvWSa2TfKG.jpg,Melanoma
728,1,v-eczema-nummular-140_jpg.rf.aMwyiXXhphOk5NVszOid.jpg,472,720,2026-05-25T11:37:05+00:00,{'name': 'v-eczema-nummular-140.jpg'},Skin_desease_(Perbaikan)_dataset.coco\train\v-eczema-nummular-140_jpg.rf.aMwyiXXhphOk5NVszOid.jpg,Eczema
729,1,ISIC_6674202_jpg.rf.4mTk4EOIycOogMHhpqYq.jpg,512,512,2026-05-25T11:37:05+00:00,{'name': 'ISIC_6674202.jpg'},Skin_desease_(Perbaikan)_dataset.coco\train\ISIC_6674202_jpg.rf.4mTk4EOIycOogMHhpqYq.jpg,Melanoma
730,1,v-eczema-hand-107_jpg.rf.UgYn6XUrqDBjJzzlmUjS.jpg,472,720,2026-05-25T11:37:05+00:00,{'name': 'v-eczema-hand-107.jpg'},Skin_desease_(Perbaikan)_dataset.coco\train\v-eczema-hand-107_jpg.rf.UgYn6XUrqDBjJzzlmUjS.jpg,Eczema
731,1,ISIC_6673875_jpg.rf.9fnoKF5u21yy6ymMEhZH.jpg,512,512,2026-05-25T11:37:05+00:00,{'name': 'ISIC_6673875.jpg'},Skin_desease_(Perbaikan)_dataset.coco\train\ISIC_6673875_jpg.rf.9fnoKF5u21yy6ymMEhZH.jpg,Melanoma
732,1,v-eczema-foot-65_jpg.rf.NZffS1j36WQGe5Dr49Um.jpg,720,477,2026-05-25T11:37:05+00:00,{'name': 'v-eczema-foot-65.jpg'},Skin_desease_(Perbaikan)_dataset.coco\train\v-eczema-foot-65_jpg.rf.NZffS1j36WQGe5Dr49Um.jpg,Eczema
733,1,child-chicken-pox-portrait-sleeping-red-spots-his-skin-30572624_jpg.rf.btJr1VtQZaXBtNXkEJiu.jpg,571,800,2026-05-25T11:37:05+00:00,{'name': 'child-chicken-pox-portrait-sleeping-red-spots-his-skin-30572624.jpg'},Skin_desease_(Perbaikan)_dataset.coco\train\child-chicken-pox-portrait-sleeping-red-spots-his-skin-30572624_jpg.rf.btJr1VtQZaXBtNXkEJiu.jpg,ChickenPox
734,1,ISIC_7452503_jpg.rf.TWSA88SMdYDdWkUNEONC.jpg,512,512,2026-05-25T11:37:05+00:00,{'name': 'ISIC_7452503.jpg'},Skin_desease_(Perbaikan)_dataset.coco\train\ISIC_7452503_jpg.rf.TWSA88SMdYDdWkUNEONC.jpg,Melanoma
735,1,chickenpox_57_png.rf.uYynxlJ9DywkpW8ibYdA.png,402,446,2026-05-25T11:37:05+00:00,{'name': 'chickenpox_57.png'},Skin_desease_(Perbaikan)_dataset.coco\train\chickenpox_57_png.rf.uYynxlJ9DywkpW8ibYdA.png,ChickenPox
736,1,closeup-man-back-who-having-varicella-blister-chickenpox-closeup-man-back-who-having-varicella-blister-chickenpox-200189482_jpg.rf.oltxN7OueDvF9gOUTV0w.jpg,533,800,2026-05-25T11:37:05+00:00,{'name': 'closeup-man-back-who-having-varicella-blister-chickenpox-closeup-man-back-who-having-varicella-blister-chickenpox-200189482.jpg'},Skin_desease_(Perbaikan)_dataset.coco\train\closeup-man-back-who-having-varicella-blister-chickenpox-closeup-man-back-who-having-varicella-blister-chickenpox-200189482_jpg.rf.oltxN7OueDvF9gOUTV0w.jpg,ChickenPox
737,1,ISIC_6666835_jpg.rf.lBSfCY3A8j6Hjt8sRkXA.jpg,512,512,2026-05-25T11:37:05+00:00,{'name': 'ISIC_6666835.jpg'},Skin_desease_(Perbaikan)_dataset.coco\train\ISIC_6666835_jpg.rf.lBSfCY3A8j6Hjt8sRkXA.jpg,Melanoma
738,1,chickenpox78_png_png.rf.kwhMYob2aw1GfEBpDse9.png,224,224,2026-05-25T11:37:05+00:00,{'name': 'chickenpox78_png.png'},Skin_desease_(Perbaikan)_dataset.coco\train\chickenpox78_png_png.rf.kwhMYob2aw1GfEBpDse9.png,ChickenPox
739,1,chickenpox_17_png.rf.tAnBTuHzKWQ5C7KZvNyl.png,294,414,2026-05-25T11:37:05+00:00,{'name': 'chickenpox_17.png'},Skin_desease_(Perbaikan)_dataset.coco\train\chickenpox_17_png.rf.tAnBTuHzKWQ5C7KZvNyl.png,ChickenPox
740,1,ISIC_7452871_jpg.rf.YLLWqdkXzGuKohlLwAP8.jpg,512,512,2026-05-25T11:37:05+00:00,{'name': 'ISIC_7452871.jpg'},Skin_desease_(Perbaikan)_dataset.coco\train\ISIC_7452871_jpg.rf.YLLWqdkXzGuKohlLwAP8.jpg,Melanoma
741,1,ISIC_6676647_jpg.rf.CScnYxOaPOtPctxiCvjN.jpg,512,512,2026-05-25T11:37:05+00:00,{'name': 'ISIC_6676647.jpg'},Skin_desease_(Perbaikan)_dataset.coco\train\ISIC_6676647_jpg.rf.CScnYxOaPOtPctxiCvjN.jpg,Melanoma
742,1,chickenpox98_png_png.rf.g9xUxpIer6NNyUfhSueI.png,224,224,2026-05-25T11:37:05+00:00,{'name': 'chickenpox98_png.png'},Skin_desease_(Perbaikan)_dataset.coco\train\chickenpox98_png_png.rf.g9xUxpIer6NNyUfhSueI.png,ChickenPox
743,1,t-06HivesPolycyclic_jpg.rf.aonVUlVtzwImR4PoSu3K.jpg,472,720,2026-05-25T11:37:05+00:00,{'name': 't-06HivesPolycyclic.jpg'},Skin_desease_(Perbaikan)_dataset.coco\train\t-06HivesPolycyclic_jpg.rf.aonVUlVtzwImR4PoSu3K.jpg,Hives
744,1,closeup-cute-sad-crying-little-girl-bed-varicella-virus-chickenpox-bubble-rash-child-closeup-cute-sad-crying-little-140595473_jpg.rf.HNdypH8hXwfQ6xjH8AAU.jpg,531,800,2026-05-25T11:37:05+00:00,{'name': 'closeup-cute-sad-crying-little-girl-bed-varicella-virus-chickenpox-bubble-rash-child-closeup-cute-sad-crying-little-140595473.jpg'},Skin_desease_(Perbaikan)_dataset.coco\train\closeup-cute-sad-crying-little-girl-bed-varicella-virus-chickenpox-bubble-rash-child-closeup-cute-sad-crying-little-140595473_jpg.rf.HNdypH8hXwfQ6xjH8AAU.jpg,ChickenPox
745,1,dermagraphism-15_jpg.rf.e2nOlUiUCla0gAbmBlCE.jpg,720,477,2026-05-25T11:37:05+00:00,{'name': 'dermagraphism-15.jpg'},Skin_desease_(Perbaikan)_dataset.coco\train\dermagraphism-15_jpg.rf.e2nOlUiUCla0gAbmBlCE.jpg,Hives
746,1,v-eczema-asteatotic-35_jpg.rf.xjcRNlydu2zqTJPgc2r7.jpg,720,477,2026-05-25T11:37:05+00:00,{'name': 'v-eczema-asteatotic-35.jpg'},Skin_desease_(Perbaikan)_dataset.coco\train\v-eczema-asteatotic-35_jpg.rf.xjcRNlydu2zqTJPgc2r7.jpg,Eczema
747,1,chickenpox_45_png.rf.sROA4K9pv0rqP2d2zRPI.png,504,672,2026-05-25T11:37:05+00:00,{'name': 'chickenpox_45.png'},Skin_desease_(Perbaikan)_dataset.coco\train\chickenpox_45_png.rf.sROA4K9pv0rqP2d2zRPI.png,ChickenPox
749,1,0_0_jpg.rf.PVaLVwbnWs3ohjWFn0ne.jpg,222,294,2026-05-25T11:37:05+00:00,{'name': '0_0.jpg'},Skin_desease_(Perbaikan)_dataset.coco\train\0_0_jpg.rf.PVaLVwbnWs3ohjWFn0ne.jpg,Eczema
750,1,closeup-cute-funny-little-girl-medical-mask-varicella-virus-chickenpox-bubble-rash-child-140596122_jpg.rf.piAB3Td8dL68EiD7IJ8Q.jpg,531,800,2026-05-25T11:37:05+00:00,{'name': 'closeup-cute-funny-little-girl-medical-mask-varicella-virus-chickenpox-bubble-rash-child-140596122.jpg'},Skin_desease_(Perbaikan)_dataset.coco\train\closeup-cute-funny-little-girl-medical-mask-varicella-virus-chickenpox-bubble-rash-child-140596122_jpg.rf.piAB3Td8dL68EiD7IJ8Q.jpg,ChickenPox
751,1,closeup-cute-smiles-funny-little-girl-varicella-virus-chickenpox-bubble-rash-child-has-measures-temperature-140596057_jpg.rf.lM8Msrm9fxgkSqYb3DQQ.jpg,531,800,2026-05-25T11:37:05+00:00,{'name': 'closeup-cute-smiles-funny-little-girl-varicella-virus-chickenpox-bubble-rash-child-has-measures-temperature-140596057.jpg'},Skin_desease_(Perbaikan)_dataset.coco\train\closeup-cute-smiles-funny-little-girl-varicella-virus-chickenpox-bubble-rash-child-has-measures-temperature-140596057_jpg.rf.lM8Msrm9fxgkSqYb3DQQ.jpg,ChickenPox
752,1,chickenpox88_png_png.rf.wSbLPunTDiOu38skem7B.png,224,224,2026-05-25T11:37:05+00:00,{'name': 'chickenpox88_png.png'},Skin_desease_(Perbaikan)_dataset.coco\train\chickenpox88_png_png.rf.wSbLPunTDiOu38skem7B.png,ChickenPox
753,1,ISIC_6679922_jpg.rf.6IPSeQEc0JokhxPOYamy.jpg,512,512,2026-05-25T11:37:05+00:00,{'name': 'ISIC_6679922.jpg'},Skin_desease_(Perbaikan)_dataset.coco\train\ISIC_6679922_jpg.rf.6IPSeQEc0JokhxPOYamy.jpg,Melanoma
754,1,1_19_jpg.rf.jt0wL8DnlNasAhS5p878.jpg,222,294,2026-05-25T11:37:05+00:00,{'name': '1_19.jpg'},Skin_desease_(Perbaikan)_dataset.coco\train\1_19_jpg.rf.jt0wL8DnlNasAhS5p878.jpg,Eczema
755,1,t-eczema-acute-8_jpg.rf.p7yA6ec8ax2kH5WqFKg5.jpg,472,720,2026-05-25T11:37:05+00:00,{'name': 't-eczema-acute-8.jpg'},Skin_desease_(Perbaikan)_dataset.coco\train\t-eczema-acute-8_jpg.rf.p7yA6ec8ax2kH5WqFKg5.jpg,Eczema
756,1,chickenpox77_png_png.rf.WC4ZHmCnYeJsHYUXfskH.png,224,224,2026-05-25T11:37:05+00:00,{'name': 'chickenpox77_png.png'},Skin_desease_(Perbaikan)_dataset.coco\train\chickenpox77_png_png.rf.WC4ZHmCnYeJsHYUXfskH.png,ChickenPox
757,1,t-dermagraphism-31_jpg.rf.XuhDUelxMwSX5rPidEHW.jpg,472,720,2026-05-25T11:37:05+00:00,{'name': 't-dermagraphism-31.jpg'},Skin_desease_(Perbaikan)_dataset.coco\train\t-dermagraphism-31_jpg.rf.XuhDUelxMwSX5rPidEHW.jpg,Hives
758,1,face-portrait-sick-boy-chickenpox-infection-rash-blisters-studio-shot-white-background-81686869_jpg.rf.rZxeu83DwGLv953PemIU.jpg,900,600,2026-05-25T11:37:05+00:00,{'name': 'face-portrait-sick-boy-chickenpox-infection-rash-blisters-studio-shot-white-background-81686869.jpg'},Skin_desease_(Perbaikan)_dataset.coco\train\face-portrait-sick-boy-chickenpox-infection-rash-blisters-studio-shot-white-background-81686869_jpg.rf.rZxeu83DwGLv953PemIU.jpg,ChickenPox
759,1,closeup-skin-chickenpox-bubble-rash-child-varicella-zoster-virus-concept-closeup-skin-chickenpox-bubble-rash-247167284_jpg.rf.MG9E8hXO92itowOXLu4N.jpg,900,599,2026-05-25T11:37:05+00:00,{'name': 'closeup-skin-chickenpox-bubble-rash-child-varicella-zoster-virus-concept-closeup-skin-chickenpox-bubble-rash-247167284.jpg'},Skin_desease_(Perbaikan)_dataset.coco\train\closeup-skin-chickenpox-bubble-rash-child-varicella-zoster-virus-concept-closeup-skin-chickenpox-bubble-rash-247167284_jpg.rf.MG9E8hXO92itowOXLu4N.jpg,ChickenPox
760,1,m_usat2_c172f002b_png.rf.yRUqath8SJZVxWzGQEqK.png,428,520,2026-05-25T11:37:05+00:00,{'name': 'm_usat2_c172f002b.png'},Skin_desease_(Perbaikan)_dataset.coco\train\m_usat2_c172f002b_png.rf.yRUqath8SJZVxWzGQEqK.png,Melanoma
761,1,t-dermagraphism-38_jpg.rf.8wX3jjojkgYHgfYz0H8H.jpg,488,720,2026-05-25T11:37:05+00:00,{'name': 't-dermagraphism-38.jpg'},Skin_desease_(Perbaikan)_dataset.coco\train\t-dermagraphism-38_jpg.rf.8wX3jjojkgYHgfYz0H8H.jpg,Hives
762,1,t-eczema-subacute-104_jpg.rf.1Re1wvpKJflMPIGspVsh.jpg,720,477,2026-05-25T11:37:05+00:00,{'name': 't-eczema-subacute-104.jpg'},Skin_desease_(Perbaikan)_dataset.coco\train\t-eczema-subacute-104_jpg.rf.1Re1wvpKJflMPIGspVsh.jpg,Eczema
763,1,chickenpox_49_png.rf.lmiq1c6AmnPuR3Rl3vYT.png,490,642,2026-05-25T11:37:05+00:00,{'name': 'chickenpox_49.png'},Skin_desease_(Perbaikan)_dataset.coco\train\chickenpox_49_png.rf.lmiq1c6AmnPuR3Rl3vYT.png,ChickenPox
764,1,ISIC_6680634_jpg.rf.RmQmbUVBtbiPBajH9XDM.jpg,512,512,2026-05-25T11:37:05+00:00,{'name': 'ISIC_6680634.jpg'},Skin_desease_(Perbaikan)_dataset.coco\train\ISIC_6680634_jpg.rf.RmQmbUVBtbiPBajH9XDM.jpg,Melanoma
765,1,t-eczema-nummular-187_jpg.rf.fo2O2Vs6JIdcFBPzGAKr.jpg,720,477,2026-05-25T11:37:05+00:00,{'name': 't-eczema-nummular-187.jpg'},Skin_desease_(Perbaikan)_dataset.coco\train\t-eczema-nummular-187_jpg.rf.fo2O2Vs6JIdcFBPzGAKr.jpg,Eczema
766,1,ISIC_6679386_jpg.rf.PMa8GIxrTgYNYvtQQUP7.jpg,512,512,2026-05-25T11:37:05+00:00,{'name': 'ISIC_6679386.jpg'},Skin_desease_(Perbaikan)_dataset.coco\train\ISIC_6679386_jpg.rf.PMa8GIxrTgYNYvtQQUP7.jpg,Melanoma
767,1,ISIC_7454699_jpg.rf.Zji64moLYiHfcGVUIA5e.jpg,512,512,2026-05-25T11:37:05+00:00,{'name': 'ISIC_7454699.jpg'},Skin_desease_(Perbaikan)_dataset.coco\train\ISIC_7454699_jpg.rf.Zji64moLYiHfcGVUIA5e.jpg,Melanoma
768,1,ISIC_6678326_jpg.rf.S9C8kF6NRIq4JMMvhFh2.jpg,512,512,2026-05-25T11:37:05+00:00,{'name': 'ISIC_6678326.jpg'},Skin_desease_(Perbaikan)_dataset.coco\train\ISIC_6678326_jpg.rf.S9C8kF6NRIq4JMMvhFh2.jpg,Melanoma
769,1,v-eczema-impetiginized-1_jpg.rf.zVb9NAnQs6BhpbgIPvPt.jpg,566,720,2026-05-25T11:37:05+00:00,{'name': 'v-eczema-impetiginized-1.jpg'},Skin_desease_(Perbaikan)_dataset.coco\train\v-eczema-impetiginized-1_jpg.rf.zVb9NAnQs6BhpbgIPvPt.jpg,Eczema
770,1,closeup-cute-sad-little-girl-bed-varicella-virus-chickenpox-bubble-rash-child-girl-sad-sick-140595781_jpg.rf.wObkaBWxU5R9pnmErwLv.jpg,531,800,2026-05-25T11:37:05+00:00,{'name': 'closeup-cute-sad-little-girl-bed-varicella-virus-chickenpox-bubble-rash-child-girl-sad-sick-140595781.jpg'},Skin_desease_(Perbaikan)_dataset.coco\train\closeup-cute-sad-little-girl-bed-varicella-virus-chickenpox-bubble-rash-child-girl-sad-sick-140595781_jpg.rf.wObkaBWxU5R9pnmErwLv.jpg,ChickenPox
771,1,ISIC_6674739_jpg.rf.N9CdhFcvhy3aJ7VHSBfy.jpg,512,512,2026-05-25T11:37:05+00:00,{'name': 'ISIC_6674739.jpg'},Skin_desease_(Perbaikan)_dataset.coco\train\ISIC_6674739_jpg.rf.N9CdhFcvhy3aJ7VHSBfy.jpg,Melanoma
772,1,chickenpox65_png_png.rf.ssdKsjjFZ6T64CGz27sb.png,224,224,2026-05-25T11:37:05+00:00,{'name': 'chickenpox65_png.png'},Skin_desease_(Perbaikan)_dataset.coco\train\chickenpox65_png_png.rf.ssdKsjjFZ6T64CGz27sb.png,ChickenPox
773,1,t-eczema-leg-20_jpg.rf.1tkqO0MEdumL822AJlwA.jpg,720,480,2026-05-25T11:37:05+00:00,{'name': 't-eczema-leg-20.jpg'},Skin_desease_(Perbaikan)_dataset.coco\train\t-eczema-leg-20_jpg.rf.1tkqO0MEdumL822AJlwA.jpg,Eczema
774,1,ISIC_7453962_jpg.rf.bBeIBacyCJMguEiWYp3p.jpg,512,512,2026-05-25T11:37:05+00:00,{'name': 'ISIC_7453962.jpg'},Skin_desease_(Perbaikan)_dataset.coco\train\ISIC_7453962_jpg.rf.bBeIBacyCJMguEiWYp3p.jpg,Melanoma
775,1,ISIC_6679445_jpg.rf.Tz3DosqZGfow1y1MR6Vl.jpg,512,512,2026-05-25T11:37:05+00:00,{'name': 'ISIC_6679445.jpg'},Skin_desease_(Perbaikan)_dataset.coco\train\ISIC_6679445_jpg.rf.Tz3DosqZGfow1y1MR6Vl.jpg,Melanoma
776,1,t-spitz-nevus-2_jpg.rf.hz9AByo6ERBESAUevN5v.jpg,594,720,2026-05-25T11:37:05+00:00,{'name': 't-spitz-nevus-2.jpg'},Skin_desease_(Perbaikan)_dataset.coco\train\t-spitz-nevus-2_jpg.rf.hz9AByo6ERBESAUevN5v.jpg,Melanoma
777,1,t-angioedema-23_jpg.rf.QYWT33UliX50BtzjYvTo.jpg,720,573,2026-05-25T11:37:05+00:00,{'name': 't-angioedema-23.jpg'},Skin_desease_(Perbaikan)_dataset.coco\train\t-angioedema-23_jpg.rf.QYWT33UliX50BtzjYvTo.jpg,Hives
778,1,ISIC_6671451_jpg.rf.yIynC2bH4lqmbGQIePC9.jpg,512,512,2026-05-25T11:37:05+00:00,{'name': 'ISIC_6671451.jpg'},Skin_desease_(Perbaikan)_dataset.coco\train\ISIC_6671451_jpg.rf.yIynC2bH4lqmbGQIePC9.jpg,Melanoma
779,1,closeup-cute-little-girl-varicella-virus-chickenpox-bubble-rash-child-has-measures-temperature-medical-140595200_jpg.rf.lVqxlh68O8mkYYundlC2.jpg,531,800,2026-05-25T11:37:05+00:00,{'name': 'closeup-cute-little-girl-varicella-virus-chickenpox-bubble-rash-child-has-measures-temperature-medical-140595200.jpg'},Skin_desease_(Perbaikan)_dataset.coco\train\closeup-cute-little-girl-varicella-virus-chickenpox-bubble-rash-child-has-measures-temperature-medical-140595200_jpg.rf.lVqxlh68O8mkYYundlC2.jpg,ChickenPox
780,1,t-dermagraphism-21_jpg.rf.HaUwehxMAvKVy3hvGMne.jpg,476,720,2026-05-25T11:37:05+00:00,{'name': 't-dermagraphism-21.jpg'},Skin_desease_(Perbaikan)_dataset.coco\train\t-dermagraphism-21_jpg.rf.HaUwehxMAvKVy3hvGMne.jpg,Hives
781,1,chickenpox74_png_png.rf.T6Qf9Q2xPDpBbYYDLakH.png,224,224,2026-05-25T11:37:05+00:00,{'name': 'chickenpox74_png.png'},Skin_desease_(Perbaikan)_dataset.coco\train\chickenpox74_png_png.rf.T6Qf9Q2xPDpBbYYDLakH.png,ChickenPox
782,1,t-eczema-nummular-98_jpg.rf.p63I8TgpAc8zzp6GOPmI.jpg,480,720,2026-05-25T11:37:05+00:00,{'name': 't-eczema-nummular-98.jpg'},Skin_desease_(Perbaikan)_dataset.coco\train\t-eczema-nummular-98_jpg.rf.p63I8TgpAc8zzp6GOPmI.jpg,Eczema
783,1,v-malignant-melanoma-190_jpg.rf.FYCVsYTkDOrNV0rBDtBe.jpg,474,720,2026-05-25T11:37:05+00:00,{'name': 'v-malignant-melanoma-190.jpg'},Skin_desease_(Perbaikan)_dataset.coco\train\v-malignant-melanoma-190_jpg.rf.FYCVsYTkDOrNV0rBDtBe.jpg,Melanoma
784,1,t-angioedema-18_jpg.rf.Azt6bYbue5a7HqPbcEVF.jpg,720,454,2026-05-25T11:37:05+00:00,{'name': 't-angioedema-18.jpg'},Skin_desease_(Perbaikan)_dataset.coco\train\t-angioedema-18_jpg.rf.Azt6bYbue5a7HqPbcEVF.jpg,Hives
785,1,chickenpox_98_png.rf.z8RR07jKtHD3LDr87xdV.png,628,630,2026-05-25T11:37:05+00:00,{'name': 'chickenpox_98.png'},Skin_desease_(Perbaikan)_dataset.coco\train\chickenpox_98_png.rf.z8RR07jKtHD3LDr87xdV.png,ChickenPox
786,1,ISIC_6675653_jpg.rf.T7OyZeUrOIAemvr9sUaj.jpg,512,512,2026-05-25T11:37:05+00:00,{'name': 'ISIC_6675653.jpg'},Skin_desease_(Perbaikan)_dataset.coco\train\ISIC_6675653_jpg.rf.T7OyZeUrOIAemvr9sUaj.jpg,Melanoma
787,1,v-blue-nevus-ota-4_jpg.rf.AlKmVkSs2OAcLAUTp8e4.jpg,487,720,2026-05-25T11:37:05+00:00,{'name': 'v-blue-nevus-ota-4.jpg'},Skin_desease_(Perbaikan)_dataset.coco\train\v-blue-nevus-ota-4_jpg.rf.AlKmVkSs2OAcLAUTp8e4.jpg,Melanoma
788,1,t-stasis-dermatitis-148_jpg.rf.N4Hv5HNq2JWynFa0UacW.jpg,472,720,2026-05-25T11:37:05+00:00,{'name': 't-stasis-dermatitis-148.jpg'},Skin_desease_(Perbaikan)_dataset.coco\train\t-stasis-dermatitis-148_jpg.rf.N4Hv5HNq2JWynFa0UacW.jpg,Eczema
789,1,ISIC_6679694_jpg.rf.SVW9BGPDMi7gdJJDy9b3.jpg,512,512,2026-05-25T11:37:05+00:00,{'name': 'ISIC_6679694.jpg'},Skin_desease_(Perbaikan)_dataset.coco\train\ISIC_6679694_jpg.rf.SVW9BGPDMi7gdJJDy9b3.jpg,Melanoma
790,1,ISIC_6676568_jpg.rf.iO5QQpzwxENN2BRYgJUe.jpg,512,512,2026-05-25T11:37:05+00:00,{'name': 'ISIC_6676568.jpg'},Skin_desease_(Perbaikan)_dataset.coco\train\ISIC_6676568_jpg.rf.iO5QQpzwxENN2BRYgJUe.jpg,Melanoma
791,1,ISIC_6675773_jpg.rf.J8SjBcUogS5e7yiZYV7l.jpg,512,512,2026-05-25T11:37:05+00:00,{'name': 'ISIC_6675773.jpg'},Skin_desease_(Perbaikan)_dataset.coco\train\ISIC_6675773_jpg.rf.J8SjBcUogS5e7yiZYV7l.jpg,Melanoma
792,1,t-eczema-subacute-92_jpg.rf.9ChDqSfmIbGD3LDPgQBY.jpg,477,720,2026-05-25T11:37:05+00:00,{'name': 't-eczema-subacute-92.jpg'},Skin_desease_(Perbaikan)_dataset.coco\train\t-eczema-subacute-92_jpg.rf.9ChDqSfmIbGD3LDPgQBY.jpg,Eczema
793,1,v-stasis-dermatitis-23_jpg.rf.NeY0Sm2hlwusPxbAd4Gy.jpg,720,477,2026-05-25T11:37:05+00:00,{'name': 'v-stasis-dermatitis-23.jpg'},Skin_desease_(Perbaikan)_dataset.coco\train\v-stasis-dermatitis-23_jpg.rf.NeY0Sm2hlwusPxbAd4Gy.jpg,Eczema
794,1,ISIC_6680873_jpg.rf.jFy1p6V5BqyZwsgidDnO.jpg,512,512,2026-05-25T11:37:05+00:00,{'name': 'ISIC_6680873.jpg'},Skin_desease_(Perbaikan)_dataset.coco\train\ISIC_6680873_jpg.rf.jFy1p6V5BqyZwsgidDnO.jpg,Melanoma
795,1,t-dermagraphism-42_jpg.rf.BW7t3ojlmsJ6ps7BpsH8.jpg,482,720,2026-05-25T11:37:05+00:00,{'name': 't-dermagraphism-42.jpg'},Skin_desease_(Perbaikan)_dataset.coco\train\t-dermagraphism-42_jpg.rf.BW7t3ojlmsJ6ps7BpsH8.jpg,Hives
796,1,v-eczema-fingertips-31_jpg.rf.uEOf33rajzXaxoRy1evT.jpg,472,720,2026-05-25T11:37:05+00:00,{'name': 'v-eczema-fingertips-31.jpg'},Skin_desease_(Perbaikan)_dataset.coco\train\v-eczema-fingertips-31_jpg.rf.uEOf33rajzXaxoRy1evT.jpg,Eczema
797,1,ISIC_6681838_jpg.rf.LN3mnDErcnyFo7b9TYix.jpg,512,512,2026-05-25T11:37:05+00:00,{'name': 'ISIC_6681838.jpg'},Skin_desease_(Perbaikan)_dataset.coco\train\ISIC_6681838_jpg.rf.LN3mnDErcnyFo7b9TYix.jpg,Melanoma
798,1,ISIC_6681628_jpg.rf.pZDbgAOc3W9YnarubGHj.jpg,512,512,2026-05-25T11:37:05+00:00,{'name': 'ISIC_6681628.jpg'},Skin_desease_(Perbaikan)_dataset.coco\train\ISIC_6681628_jpg.rf.pZDbgAOc3W9YnarubGHj.jpg,Melanoma
799,1,t-angioedema-15_jpg.rf.fdu020qFkCQ3MdsyKXes.jpg,720,469,2026-05-25T11:37:05+00:00,{'name': 't-angioedema-15.jpg'},Skin_desease_(Perbaikan)_dataset.coco\train\t-angioedema-15_jpg.rf.fdu020qFkCQ3MdsyKXes.jpg,Hives
800,1,t-eczema-hand-188_jpg.rf.GVSrgfVsqZyfUbr7vmzL.jpg,720,477,2026-05-25T11:37:05+00:00,{'name': 't-eczema-hand-188.jpg'},Skin_desease_(Perbaikan)_dataset.coco\train\t-eczema-hand-188_jpg.rf.GVSrgfVsqZyfUbr7vmzL.jpg,Eczema
801,1,t-dermagraphism-26_jpg.rf.ZFag6AvJjw3B3OtigRtp.jpg,480,720,2026-05-25T11:37:05+00:00,{'name': 't-dermagraphism-26.jpg'},Skin_desease_(Perbaikan)_dataset.coco\train\t-dermagraphism-26_jpg.rf.ZFag6AvJjw3B3OtigRtp.jpg,Hives
802,1,ISIC_6673956_jpg.rf.acUPIgVdcl26VZYkWey0.jpg,512,512,2026-05-25T11:37:05+00:00,{'name': 'ISIC_6673956.jpg'},Skin_desease_(Perbaikan)_dataset.coco\train\ISIC_6673956_jpg.rf.acUPIgVdcl26VZYkWey0.jpg,Melanoma
803,1,v-eczema-chronic-55_jpg.rf.wIfoxOlKxzjxLxcLmivJ.jpg,485,720,2026-05-25T11:37:05+00:00,{'name': 'v-eczema-chronic-55.jpg'},Skin_desease_(Perbaikan)_dataset.coco\train\v-eczema-chronic-55_jpg.rf.wIfoxOlKxzjxLxcLmivJ.jpg,Eczema
804,1,t-eczema-impetiginized-13_jpg.rf.LQ2yWTwuYyJuE15Dl9B3.jpg,474,720,2026-05-25T11:37:05+00:00,{'name': 't-eczema-impetiginized-13.jpg'},Skin_desease_(Perbaikan)_dataset.coco\train\t-eczema-impetiginized-13_jpg.rf.LQ2yWTwuYyJuE15Dl9B3.jpg,Eczema
805,1,t-stasis-dermatitis-111_jpg.rf.BPLO027kK21lftTdiT14.jpg,472,720,2026-05-25T11:37:05+00:00,{'name': 't-stasis-dermatitis-111.jpg'},Skin_desease_(Perbaikan)_dataset.coco\train\t-stasis-dermatitis-111_jpg.rf.BPLO027kK21lftTdiT14.jpg,Eczema
806,1,ISIC_6679126_jpg.rf.fZPiKuL39LIdghsQx01C.jpg,512,512,2026-05-25T11:37:05+00:00,{'name': 'ISIC_6679126.jpg'},Skin_desease_(Perbaikan)_dataset.coco\train\ISIC_6679126_jpg.rf.fZPiKuL39LIdghsQx01C.jpg,Melanoma
807,1,ISIC_6676705_jpg.rf.U64txz0uFUB512RHkOs5.jpg,512,512,2026-05-25T11:37:05+00:00,{'name': 'ISIC_6676705.jpg'},Skin_desease_(Perbaikan)_dataset.coco\train\ISIC_6676705_jpg.rf.U64txz0uFUB512RHkOs5.jpg,Melanoma
808,1,t-angioedema-2_jpg.rf.YVaxFeNDIa2FJ1HZAY9u.jpg,720,480,2026-05-25T11:37:05+00:00,{'name': 't-angioedema-2.jpg'},Skin_desease_(Perbaikan)_dataset.coco\train\t-angioedema-2_jpg.rf.YVaxFeNDIa2FJ1HZAY9u.jpg,Hives
809,1,ISIC_7455460_jpg.rf.Xdcx7nbMK80Eno0YLtsH.jpg,512,512,2026-05-25T11:37:05+00:00,{'name': 'ISIC_7455460.jpg'},Skin_desease_(Perbaikan)_dataset.coco\train\ISIC_7455460_jpg.rf.Xdcx7nbMK80Eno0YLtsH.jpg,Melanoma
810,1,t-malignant-melanoma-2_jpg.rf.MANUZKCRkzu4szFVy9Fp.jpg,480,720,2026-05-25T11:37:05+00:00,{'name': 't-malignant-melanoma-2.jpg'},Skin_desease_(Perbaikan)_dataset.coco\train\t-malignant-melanoma-2_jpg.rf.MANUZKCRkzu4szFVy9Fp.jpg,Melanoma
811,1,t-eczema-subacute-49_jpg.rf.2cfA3hBVv61ZPLL1NImV.jpg,472,720,2026-05-25T11:37:05+00:00,{'name': 't-eczema-subacute-49.jpg'},Skin_desease_(Perbaikan)_dataset.coco\train\t-eczema-subacute-49_jpg.rf.2cfA3hBVv61ZPLL1NImV.jpg,Eczema
812,1,v-eczema-hand-129_jpg.rf.pUY2Ph6HuaPPJjRJPksR.jpg,720,586,2026-05-25T11:37:05+00:00,{'name': 'v-eczema-hand-129.jpg'},Skin_desease_(Perbaikan)_dataset.coco\train\v-eczema-hand-129_jpg.rf.pUY2Ph6HuaPPJjRJPksR.jpg,Eczema
813,1,ISIC_7454927_jpg.rf.VjCZKmYA24w2SgzQ4krx.jpg,512,512,2026-05-25T11:37:05+00:00,{'name': 'ISIC_7454927.jpg'},Skin_desease_(Perbaikan)_dataset.coco\train\ISIC_7454927_jpg.rf.VjCZKmYA24w2SgzQ4krx.jpg,Melanoma
814,1,t-dermagraphism-3_jpg.rf.bl8P3zzZgL3LPFGO8hbn.jpg,596,720,2026-05-25T11:37:05+00:00,{'name': 't-dermagraphism-3.jpg'},Skin_desease_(Perbaikan)_dataset.coco\train\t-dermagraphism-3_jpg.rf.bl8P3zzZgL3LPFGO8hbn.jpg,Hives
815,1,t-eczema-nummular-104_jpg.rf.FW8ywaqss7wzjRjjD8US.jpg,472,720,2026-05-25T11:37:05+00:00,{'name': 't-eczema-nummular-104.jpg'},Skin_desease_(Perbaikan)_dataset.coco\train\t-eczema-nummular-104_jpg.rf.FW8ywaqss7wzjRjjD8US.jpg,Eczema
816,1,9_430_jpg.rf.4xCMWkItJJAznPVYtjLi.jpg,222,294,2026-05-25T11:37:05+00:00,{'name': '9_430.jpg'},Skin_desease_(Perbaikan)_dataset.coco\train\9_430_jpg.rf.4xCMWkItJJAznPVYtjLi.jpg,Melanoma
817,1,t-cholinergic-uriticaria-10_jpg.rf.idNPiA1m9tL35JATKrv0.jpg,480,720,2026-05-25T11:37:05+00:00,{'name': 't-cholinergic-uriticaria-10.jpg'},Skin_desease_(Perbaikan)_dataset.coco\train\t-cholinergic-uriticaria-10_jpg.rf.idNPiA1m9tL35JATKrv0.jpg,Hives
818,1,t-angioedema-17_jpg.rf.WQ9kh6o6i7xrUrTzpchK.jpg,468,720,2026-05-25T11:37:05+00:00,{'name': 't-angioedema-17.jpg'},Skin_desease_(Perbaikan)_dataset.coco\train\t-angioedema-17_jpg.rf.WQ9kh6o6i7xrUrTzpchK.jpg,Hives
819,1,t-eczema-subacute-97_jpg.rf.0lPBVttA4qKEJQRtHOE3.jpg,720,477,2026-05-25T11:37:05+00:00,{'name': 't-eczema-subacute-97.jpg'},Skin_desease_(Perbaikan)_dataset.coco\train\t-eczema-subacute-97_jpg.rf.0lPBVttA4qKEJQRtHOE3.jpg,Eczema
820,1,chickenpox_png_png.rf.QeWvdVHpSs1tSX7YXI56.png,658,1019,2026-05-25T11:37:05+00:00,{'name': 'chickenpox_png.png'},Skin_desease_(Perbaikan)_dataset.coco\train\chickenpox_png_png.rf.QeWvdVHpSs1tSX7YXI56.png,ChickenPox
821,1,v-malignant-melanoma-136_jpg.rf.j2NbYoCIOSRFaCp3xNh7.jpg,471,720,2026-05-25T11:37:05+00:00,{'name': 'v-malignant-melanoma-136.jpg'},Skin_desease_(Perbaikan)_dataset.coco\train\v-malignant-melanoma-136_jpg.rf.j2NbYoCIOSRFaCp3xNh7.jpg,Melanoma
822,1,t-dermagraphism-10_jpg.rf.evUAGJojEibLoJUgJXw4.jpg,720,483,2026-05-25T11:37:05+00:00,{'name': 't-dermagraphism-10.jpg'},Skin_desease_(Perbaikan)_dataset.coco\train\t-dermagraphism-10_jpg.rf.evUAGJojEibLoJUgJXw4.jpg,Hives
823,1,t-eczema-nummular-97_jpg.rf.xTbjyW2eYoRJaQf6eKgJ.jpg,480,720,2026-05-25T11:37:05+00:00,{'name': 't-eczema-nummular-97.jpg'},Skin_desease_(Perbaikan)_dataset.coco\train\t-eczema-nummular-97_jpg.rf.xTbjyW2eYoRJaQf6eKgJ.jpg,Eczema
824,1,t-malignant-melanoma-22_jpg.rf.Su2xCNwsuebCme2h8N8z.jpg,472,720,2026-05-25T11:37:05+00:00,{'name': 't-malignant-melanoma-22.jpg'},Skin_desease_(Perbaikan)_dataset.coco\train\t-malignant-melanoma-22_jpg.rf.Su2xCNwsuebCme2h8N8z.jpg,Melanoma
825,1,t-dermagraphism-33_jpg.rf.WOxYQZV2O3tPc6TBLVJY.jpg,472,720,2026-05-25T11:37:05+00:00,{'name': 't-dermagraphism-33.jpg'},Skin_desease_(Perbaikan)_dataset.coco\train\t-dermagraphism-33_jpg.rf.WOxYQZV2O3tPc6TBLVJY.jpg,Hives
826,1,v-malignant-melanoma-128_jpg.rf.NxaLyhn8cl1sQgXCY872.jpg,489,720,2026-05-25T11:37:05+00:00,{'name': 'v-malignant-melanoma-128.jpg'},Skin_desease_(Perbaikan)_dataset.coco\train\v-malignant-melanoma-128_jpg.rf.NxaLyhn8cl1sQgXCY872.jpg,Melanoma
827,1,t-dermagraphism-27_jpg.rf.jLk3UZLVU1TpmUDlwXXd.jpg,480,720,2026-05-25T11:37:05+00:00,{'name': 't-dermagraphism-27.jpg'},Skin_desease_(Perbaikan)_dataset.coco\train\t-dermagraphism-27_jpg.rf.jLk3UZLVU1TpmUDlwXXd.jpg,Hives
828,1,t-angioedema-10_jpg.rf.kG3oK2P59RNJ5q6gBSzs.jpg,483,720,2026-05-25T11:37:05+00:00,{'name': 't-angioedema-10.jpg'},Skin_desease_(Perbaikan)_dataset.coco\train\t-angioedema-10_jpg.rf.kG3oK2P59RNJ5q6gBSzs.jpg,Hives
829,1,t-eczema-hand-92_jpg.rf.JaJhSEV0LopEyq8o358g.jpg,480,720,2026-05-25T11:37:05+00:00,{'name': 't-eczema-hand-92.jpg'},Skin_desease_(Perbaikan)_dataset.coco\train\t-eczema-hand-92_jpg.rf.JaJhSEV0LopEyq8o358g.jpg,Eczema
830,1,t-eczema-subacute-79_jpg.rf.NkvPeb42IlPDFCIVdq5q.jpg,720,477,2026-05-25T11:37:05+00:00,{'name': 't-eczema-subacute-79.jpg'},Skin_desease_(Perbaikan)_dataset.coco\train\t-eczema-subacute-79_jpg.rf.NkvPeb42IlPDFCIVdq5q.jpg,Eczema
831,1,t-eczema-nummular-160_jpg.rf.cCsNYthEkJcs79KMi6M7.jpg,720,477,2026-05-25T11:37:05+00:00,{'name': 't-eczema-nummular-160.jpg'},Skin_desease_(Perbaikan)_dataset.coco\train\t-eczema-nummular-160_jpg.rf.cCsNYthEkJcs79KMi6M7.jpg,Eczema
832,1,t-stasis-dermatitis-108_jpg.rf.Fdgkbm8i7Pd2IXcepDwy.jpg,472,720,2026-05-25T11:37:05+00:00,{'name': 't-stasis-dermatitis-108.jpg'},Skin_desease_(Perbaikan)_dataset.coco\train\t-stasis-dermatitis-108_jpg.rf.Fdgkbm8i7Pd2IXcepDwy.jpg,Eczema
833,1,t-malignant-melanoma-86_jpg.rf.jYjWc0lv2RW7e6ZtAjxZ.jpg,472,720,2026-05-25T11:37:05+00:00,{'name': 't-malignant-melanoma-86.jpg'},Skin_desease_(Perbaikan)_dataset.coco\train\t-malignant-melanoma-86_jpg.rf.jYjWc0lv2RW7e6ZtAjxZ.jpg,Melanoma
834,1,article_river_06b31870b2b411ebb286630ec2c9e955-Case-_png.rf.y5xozmlmQOs0oAxuCVyg.png,1294,986,2026-05-25T11:37:05+00:00,{'name': 'article_river_06b31870b2b411ebb286630ec2c9e955-Case-.png'},Skin_desease_(Perbaikan)_dataset.coco\train\article_river_06b31870b2b411ebb286630ec2c9e955-Case-_png.rf.y5xozmlmQOs0oAxuCVyg.png,Melanoma
835,1,ISIC_6674918_jpg.rf.ZvWy6vjc29B5ZzU7uRKl.jpg,512,512,2026-05-25T11:37:05+00:00,{'name': 'ISIC_6674918.jpg'},Skin_desease_(Perbaikan)_dataset.coco\train\ISIC_6674918_jpg.rf.ZvWy6vjc29B5ZzU7uRKl.jpg,Melanoma
836,1,9_469_jpg.rf.0NFvEG3FR5zdTrsSHtEG.jpg,222,294,2026-05-25T11:37:05+00:00,{'name': '9_469.jpg'},Skin_desease_(Perbaikan)_dataset.coco\train\9_469_jpg.rf.0NFvEG3FR5zdTrsSHtEG.jpg,Melanoma
837,1,ISIC_6678508_jpg.rf.F6QjuP40Ph6QHhm65Gah.jpg,512,512,2026-05-25T11:37:05+00:00,{'name': 'ISIC_6678508.jpg'},Skin_desease_(Perbaikan)_dataset.coco\train\ISIC_6678508_jpg.rf.F6QjuP40Ph6QHhm65Gah.jpg,Melanoma
838,1,lentigo-maligna-24_jpg.rf.2nMoCoYvBMtS8hgduLRX.jpg,563,464,2026-05-25T11:37:05+00:00,{'name': 'lentigo-maligna-24.jpg'},Skin_desease_(Perbaikan)_dataset.coco\train\lentigo-maligna-24_jpg.rf.2nMoCoYvBMtS8hgduLRX.jpg,Melanoma
839,1,t-cholinergic-uriticaria-11_jpg.rf.fznc5TYzTiPm5INUStJU.jpg,472,720,2026-05-25T11:37:05+00:00,{'name': 't-cholinergic-uriticaria-11.jpg'},Skin_desease_(Perbaikan)_dataset.coco\train\t-cholinergic-uriticaria-11_jpg.rf.fznc5TYzTiPm5INUStJU.jpg,Hives
840,1,t-eczema-hand-86_jpg.rf.EpIAjtQuMlDKHTBiD1gD.jpg,472,720,2026-05-25T11:37:05+00:00,{'name': 't-eczema-hand-86.jpg'},Skin_desease_(Perbaikan)_dataset.coco\train\t-eczema-hand-86_jpg.rf.EpIAjtQuMlDKHTBiD1gD.jpg,Eczema
841,1,t-eczema-nummular-13_jpg.rf.LW5ih5LtttHcCpJ0Lhv2.jpg,472,720,2026-05-25T11:37:05+00:00,{'name': 't-eczema-nummular-13.jpg'},Skin_desease_(Perbaikan)_dataset.coco\train\t-eczema-nummular-13_jpg.rf.LW5ih5LtttHcCpJ0Lhv2.jpg,Eczema
842,1,v-malignant-melanoma-177_jpg.rf.CppgNcpSCYCuPjWZz6kU.jpg,720,473,2026-05-25T11:37:05+00:00,{'name': 'v-malignant-melanoma-177.jpg'},Skin_desease_(Perbaikan)_dataset.coco\train\v-malignant-melanoma-177_jpg.rf.CppgNcpSCYCuPjWZz6kU.jpg,Melanoma
843,1,t-malignant-melanoma-92_jpg.rf.mE4an1fc2HZpYUPuhg28.jpg,720,480,2026-05-25T11:37:05+00:00,{'name': 't-malignant-melanoma-92.jpg'},Skin_desease_(Perbaikan)_dataset.coco\train\t-malignant-melanoma-92_jpg.rf.mE4an1fc2HZpYUPuhg28.jpg,Melanoma
844,1,ISIC_6680649_jpg.rf.rwcVopywYMqBcmbTmoa0.jpg,512,512,2026-05-25T11:37:05+00:00,{'name': 'ISIC_6680649.jpg'},Skin_desease_(Perbaikan)_dataset.coco\train\ISIC_6680649_jpg.rf.rwcVopywYMqBcmbTmoa0.jpg,Melanoma
845,1,9_330_jpg.rf.NUeRpi63UHxEBE4naED7.jpg,222,294,2026-05-25T11:37:05+00:00,{'name': '9_330.jpg'},Skin_desease_(Perbaikan)_dataset.coco\train\9_330_jpg.rf.NUeRpi63UHxEBE4naED7.jpg,Melanoma
846,1,t-dermagraphism-25_jpg.rf.GXhHtG39YJEpPZ7d5xq1.jpg,480,720,2026-05-25T11:37:05+00:00,{'name': 't-dermagraphism-25.jpg'},Skin_desease_(Perbaikan)_dataset.coco\train\t-dermagraphism-25_jpg.rf.GXhHtG39YJEpPZ7d5xq1.jpg,Hives
847,1,t-dermagraphism-30_jpg.rf.Afj4Gt2hkFTR3qdTw93l.jpg,472,720,2026-05-25T11:37:05+00:00,{'name': 't-dermagraphism-30.jpg'},Skin_desease_(Perbaikan)_dataset.coco\train\t-dermagraphism-30_jpg.rf.Afj4Gt2hkFTR3qdTw93l.jpg,Hives
848,1,t-eczema-nummular-128_jpg.rf.PgNOJAReqxXXxzktsEyR.jpg,472,720,2026-05-25T11:37:05+00:00,{'name': 't-eczema-nummular-128.jpg'},Skin_desease_(Perbaikan)_dataset.coco\train\t-eczema-nummular-128_jpg.rf.PgNOJAReqxXXxzktsEyR.jpg,Eczema
849,1,ISIC_7452410_jpg.rf.oUG3DwTNQSxXVTGNk7iy.jpg,512,512,2026-05-25T11:37:05+00:00,{'name': 'ISIC_7452410.jpg'},Skin_desease_(Perbaikan)_dataset.coco\train\ISIC_7452410_jpg.rf.oUG3DwTNQSxXVTGNk7iy.jpg,Melanoma
850,1,t-eczema-nummular-166_jpg.rf.9RscI33zMvk3hWtfy9ow.jpg,720,477,2026-05-25T11:37:05+00:00,{'name': 't-eczema-nummular-166.jpg'},Skin_desease_(Perbaikan)_dataset.coco\train\t-eczema-nummular-166_jpg.rf.9RscI33zMvk3hWtfy9ow.jpg,Eczema
851,1,v-malignant-melanoma-106_jpg.rf.SBknREns9GWGdCnPQEpD.jpg,465,720,2026-05-25T11:37:05+00:00,{'name': 'v-malignant-melanoma-106.jpg'},Skin_desease_(Perbaikan)_dataset.coco\train\v-malignant-melanoma-106_jpg.rf.SBknREns9GWGdCnPQEpD.jpg,Melanoma
852,1,t-eczema-subacute-103_jpg.rf.Tve7hGEM7qNetXBVSqRF.jpg,720,477,2026-05-25T11:37:05+00:00,{'name': 't-eczema-subacute-103.jpg'},Skin_desease_(Perbaikan)_dataset.coco\train\t-eczema-subacute-103_jpg.rf.Tve7hGEM7qNetXBVSqRF.jpg,Eczema
853,1,t-malignant-melanoma-93_jpg.rf.KA51WQLSuNjOvVlqve90.jpg,480,720,2026-05-25T11:37:05+00:00,{'name': 't-malignant-melanoma-93.jpg'},Skin_desease_(Perbaikan)_dataset.coco\train\t-malignant-melanoma-93_jpg.rf.KA51WQLSuNjOvVlqve90.jpg,Melanoma
854,1,9_418_jpg.rf.LeFDC5VPiiyfVvrEgpCg.jpg,222,294,2026-05-25T11:37:05+00:00,{'name': '9_418.jpg'},Skin_desease_(Perbaikan)_dataset.coco\train\9_418_jpg.rf.LeFDC5VPiiyfVvrEgpCg.jpg,Melanoma
855,1,ISIC_6674653_jpg.rf.nZEMszeCJZNEwfCsaB2n.jpg,512,512,2026-05-25T11:37:05+00:00,{'name': 'ISIC_6674653.jpg'},Skin_desease_(Perbaikan)_dataset.coco\train\ISIC_6674653_jpg.rf.nZEMszeCJZNEwfCsaB2n.jpg,Melanoma
856,1,ISIC_6675795_jpg.rf.daUzGf35NDU72swrs86M.jpg,512,512,2026-05-25T11:37:05+00:00,{'name': 'ISIC_6675795.jpg'},Skin_desease_(Perbaikan)_dataset.coco\train\ISIC_6675795_jpg.rf.daUzGf35NDU72swrs86M.jpg,Melanoma
857,1,9_377_jpg.rf.HOr1txyqNhI79GDWZ4HU.jpg,222,294,2026-05-25T11:37:05+00:00,{'name': '9_377.jpg'},Skin_desease_(Perbaikan)_dataset.coco\train\9_377_jpg.rf.HOr1txyqNhI79GDWZ4HU.jpg,Melanoma
858,1,t-cholinergic-uriticaria-9_jpg.rf.ql7BpdB2XIbSz6tkSbTn.jpg,720,480,2026-05-25T11:37:05+00:00,{'name': 't-cholinergic-uriticaria-9.jpg'},Skin_desease_(Perbaikan)_dataset.coco\train\t-cholinergic-uriticaria-9_jpg.rf.ql7BpdB2XIbSz6tkSbTn.jpg,Hives
859,1,t-dermagraphism-2_jpg.rf.chAcotowJzBWvBaDC5bW.jpg,576,720,2026-05-25T11:37:05+00:00,{'name': 't-dermagraphism-2.jpg'},Skin_desease_(Perbaikan)_dataset.coco\train\t-dermagraphism-2_jpg.rf.chAcotowJzBWvBaDC5bW.jpg,Hives
860,1,t-eczema-nummular-83_jpg.rf.IVnjwUdij1C0zJHh9zyW.jpg,472,720,2026-05-25T11:37:05+00:00,{'name': 't-eczema-nummular-83.jpg'},Skin_desease_(Perbaikan)_dataset.coco\train\t-eczema-nummular-83_jpg.rf.IVnjwUdij1C0zJHh9zyW.jpg,Eczema
861,1,9_49_jpg.rf.PaqbwjokgyAdcgU0oySQ.jpg,222,294,2026-05-25T11:37:05+00:00,{'name': '9_49.jpg'},Skin_desease_(Perbaikan)_dataset.coco\train\9_49_jpg.rf.PaqbwjokgyAdcgU0oySQ.jpg,Melanoma
862,1,ISIC_6676345_jpg.rf.vIP9prNy9QXYit1axVxt.jpg,512,512,2026-05-25T11:37:05+00:00,{'name': 'ISIC_6676345.jpg'},Skin_desease_(Perbaikan)_dataset.coco\train\ISIC_6676345_jpg.rf.vIP9prNy9QXYit1axVxt.jpg,Melanoma
863,1,v-eczema-nummular-100_jpg.rf.p8nQHvEH8bno98KZznQH.jpg,472,720,2026-05-25T11:37:05+00:00,{'name': 'v-eczema-nummular-100.jpg'},Skin_desease_(Perbaikan)_dataset.coco\train\v-eczema-nummular-100_jpg.rf.p8nQHvEH8bno98KZznQH.jpg,Eczema
864,1,t-malignant-melanoma-179_jpg.rf.aHeNw3P8mKxjzGHvvSGX.jpg,474,720,2026-05-25T11:37:05+00:00,{'name': 't-malignant-melanoma-179.jpg'},Skin_desease_(Perbaikan)_dataset.coco\train\t-malignant-melanoma-179_jpg.rf.aHeNw3P8mKxjzGHvvSGX.jpg,Melanoma
865,1,ISIC_6681802_jpg.rf.tY7RfYD6eyHTTzmSHNOW.jpg,512,512,2026-05-25T11:37:05+00:00,{'name': 'ISIC_6681802.jpg'},Skin_desease_(Perbaikan)_dataset.coco\train\ISIC_6681802_jpg.rf.tY7RfYD6eyHTTzmSHNOW.jpg,Melanoma
866,1,9_72_jpg.rf.N7GxFJOWlnlnin0aPv9b.jpg,222,294,2026-05-25T11:37:05+00:00,{'name': '9_72.jpg'},Skin_desease_(Perbaikan)_dataset.coco\train\9_72_jpg.rf.N7GxFJOWlnlnin0aPv9b.jpg,Melanoma
867,1,v-malignant-melanoma-91_jpg.rf.kFgTnLtVTWosxk8mJ6GW.jpg,480,720,2026-05-25T11:37:05+00:00,{'name': 'v-malignant-melanoma-91.jpg'},Skin_desease_(Perbaikan)_dataset.coco\train\v-malignant-melanoma-91_jpg.rf.kFgTnLtVTWosxk8mJ6GW.jpg,Melanoma
868,1,v-malignant-melanoma-110_jpg.rf.b2XXy2NUTwAXHNTvv1aA.jpg,471,720,2026-05-25T11:37:05+00:00,{'name': 'v-malignant-melanoma-110.jpg'},Skin_desease_(Perbaikan)_dataset.coco\train\v-malignant-melanoma-110_jpg.rf.b2XXy2NUTwAXHNTvv1aA.jpg,Melanoma
869,1,t-dermagraphism-1_jpg.rf.lmXP8NrRuT9BT2c2MpEz.jpg,720,491,2026-05-25T11:37:05+00:00,{'name': 't-dermagraphism-1.jpg'},Skin_desease_(Perbaikan)_dataset.coco\train\t-dermagraphism-1_jpg.rf.lmXP8NrRuT9BT2c2MpEz.jpg,Hives
870,1,t-stasis-dermatitis-110_jpg.rf.CSFbZ9dm0dITQq1s0spS.jpg,472,720,2026-05-25T11:37:05+00:00,{'name': 't-stasis-dermatitis-110.jpg'},Skin_desease_(Perbaikan)_dataset.coco\train\t-stasis-dermatitis-110_jpg.rf.CSFbZ9dm0dITQq1s0spS.jpg,Eczema
871,1,t-eczema-nummular-9_jpg.rf.eemtMiWs4UYVafBNqdG1.jpg,720,472,2026-05-25T11:37:05+00:00,{'name': 't-eczema-nummular-9.jpg'},Skin_desease_(Perbaikan)_dataset.coco\train\t-eczema-nummular-9_jpg.rf.eemtMiWs4UYVafBNqdG1.jpg,Eczema
872,1,t-eczema-nummular-203_jpg.rf.QXnhmSohnpQ4pZGxmFjV.jpg,477,720,2026-05-25T11:37:05+00:00,{'name': 't-eczema-nummular-203.jpg'},Skin_desease_(Perbaikan)_dataset.coco\train\t-eczema-nummular-203_jpg.rf.QXnhmSohnpQ4pZGxmFjV.jpg,Eczema
873,1,Atopic-dermatitis_Credit_iStock-Sinhyu_jpg.rf.wu63U2oX1YyNcBGcb746.jpg,600,900,2026-05-25T11:37:05+00:00,{'name': 'Atopic-dermatitis_Credit_iStock-Sinhyu.jpg'},Skin_desease_(Perbaikan)_dataset.coco\train\Atopic-dermatitis_Credit_iStock-Sinhyu_jpg.rf.wu63U2oX1YyNcBGcb746.jpg,Eczema
874,1,t-cholinergic-uriticaria-3_jpg.rf.x8xWqOWmnyzGg6drKxHQ.jpg,720,679,2026-05-25T11:37:05+00:00,{'name': 't-cholinergic-uriticaria-3.jpg'},Skin_desease_(Perbaikan)_dataset.coco\train\t-cholinergic-uriticaria-3_jpg.rf.x8xWqOWmnyzGg6drKxHQ.jpg,Hives
875,1,ISIC_6675390_jpg.rf.ZXWBhZmdb2akUidIyTBM.jpg,512,512,2026-05-25T11:37:05+00:00,{'name': 'ISIC_6675390.jpg'},Skin_desease_(Perbaikan)_dataset.coco\train\ISIC_6675390_jpg.rf.ZXWBhZmdb2akUidIyTBM.jpg,Melanoma
876,1,t-malignant-melanoma-88_jpg.rf.wNKviQihpdPZR885HOMh.jpg,464,720,2026-05-25T11:37:05+00:00,{'name': 't-malignant-melanoma-88.jpg'},Skin_desease_(Perbaikan)_dataset.coco\train\t-malignant-melanoma-88_jpg.rf.wNKviQihpdPZR885HOMh.jpg,Melanoma
877,1,t-pressure-urticaria-1_jpg.rf.IuAkQ3vWNjO1Macimbs1.jpg,472,720,2026-05-25T11:37:05+00:00,{'name': 't-pressure-urticaria-1.jpg'},Skin_desease_(Perbaikan)_dataset.coco\train\t-pressure-urticaria-1_jpg.rf.IuAkQ3vWNjO1Macimbs1.jpg,Hives
878,1,t-malignant-melanoma-84_jpg.rf.09MVrzROR1gwc65CGrXE.jpg,472,720,2026-05-25T11:37:05+00:00,{'name': 't-malignant-melanoma-84.jpg'},Skin_desease_(Perbaikan)_dataset.coco\train\t-malignant-melanoma-84_jpg.rf.09MVrzROR1gwc65CGrXE.jpg,Melanoma
879,1,9_4_jpg.rf.J23n3rAJinva2vWoDWo5.jpg,222,294,2026-05-25T11:37:05+00:00,{'name': '9_4.jpg'},Skin_desease_(Perbaikan)_dataset.coco\train\9_4_jpg.rf.J23n3rAJinva2vWoDWo5.jpg,Melanoma
880,1,t-stasis-dermatitis-15_jpg.rf.2NeIkZbsW2qNW6QodclX.jpg,720,477,2026-05-25T11:37:05+00:00,{'name': 't-stasis-dermatitis-15.jpg'},Skin_desease_(Perbaikan)_dataset.coco\train\t-stasis-dermatitis-15_jpg.rf.2NeIkZbsW2qNW6QodclX.jpg,Eczema
881,1,t-dermagraphism-29_jpg.rf.gjpweTy8T9CRpMBhJsie.jpg,480,720,2026-05-25T11:37:05+00:00,{'name': 't-dermagraphism-29.jpg'},Skin_desease_(Perbaikan)_dataset.coco\train\t-dermagraphism-29_jpg.rf.gjpweTy8T9CRpMBhJsie.jpg,Hives
882,1,t-eczema-hand-183_jpg.rf.PgK0QsS7U4OkwIdrvV1p.jpg,477,720,2026-05-25T11:37:05+00:00,{'name': 't-eczema-hand-183.jpg'},Skin_desease_(Perbaikan)_dataset.coco\train\t-eczema-hand-183_jpg.rf.PgK0QsS7U4OkwIdrvV1p.jpg,Eczema
883,1,9_489_jpg.rf.VlGdOtJnO40XC5yprgdE.jpg,222,294,2026-05-25T11:37:05+00:00,{'name': '9_489.jpg'},Skin_desease_(Perbaikan)_dataset.coco\train\9_489_jpg.rf.VlGdOtJnO40XC5yprgdE.jpg,Melanoma
884,1,9_331_jpg.rf.DoCgaobsnX7Qst9mBIgA.jpg,222,294,2026-05-25T11:37:05+00:00,{'name': '9_331.jpg'},Skin_desease_(Perbaikan)_dataset.coco\train\9_331_jpg.rf.DoCgaobsnX7Qst9mBIgA.jpg,Melanoma
885,1,9_48_jpg.rf.NBIH14mdJfoKwQ9ocuSl.jpg,222,294,2026-05-25T11:37:05+00:00,{'name': '9_48.jpg'},Skin_desease_(Perbaikan)_dataset.coco\train\9_48_jpg.rf.NBIH14mdJfoKwQ9ocuSl.jpg,Melanoma
886,1,9_346_jpg.rf.m58k8m9zUENJoyD6ySBC.jpg,222,294,2026-05-25T11:37:05+00:00,{'name': '9_346.jpg'},Skin_desease_(Perbaikan)_dataset.coco\train\9_346_jpg.rf.m58k8m9zUENJoyD6ySBC.jpg,Melanoma
887,1,t-stasis-dermatitis-112_jpg.rf.pDMancA1jMmHe3tkMed8.jpg,472,720,2026-05-25T11:37:05+00:00,{'name': 't-stasis-dermatitis-112.jpg'},Skin_desease_(Perbaikan)_dataset.coco\train\t-stasis-dermatitis-112_jpg.rf.pDMancA1jMmHe3tkMed8.jpg,Eczema
888,1,9_412_jpg.rf.2cmkYaKkXcHuVE8iJ9lk.jpg,222,294,2026-05-25T11:37:05+00:00,{'name': '9_412.jpg'},Skin_desease_(Perbaikan)_dataset.coco\train\9_412_jpg.rf.2cmkYaKkXcHuVE8iJ9lk.jpg,Melanoma
889,1,ISIC_7453895_jpg.rf.7T3xT6RwLr1ffL510Hf7.jpg,512,512,2026-05-25T11:37:05+00:00,{'name': 'ISIC_7453895.jpg'},Skin_desease_(Perbaikan)_dataset.coco\train\ISIC_7453895_jpg.rf.7T3xT6RwLr1ffL510Hf7.jpg,Melanoma
890,1,t-Urticaria-Vasculitis-12_jpg.rf.60a8RISE7pveYTiAaIjK.jpg,720,466,2026-05-25T11:37:05+00:00,{'name': 't-Urticaria-Vasculitis-12.jpg'},Skin_desease_(Perbaikan)_dataset.coco\train\t-Urticaria-Vasculitis-12_jpg.rf.60a8RISE7pveYTiAaIjK.jpg,Hives
891,1,t-stasis-dermatitis-109_jpg.rf.lgXDyYHXMjXOAgAJxaSu.jpg,472,720,2026-05-25T11:37:05+00:00,{'name': 't-stasis-dermatitis-109.jpg'},Skin_desease_(Perbaikan)_dataset.coco\train\t-stasis-dermatitis-109_jpg.rf.lgXDyYHXMjXOAgAJxaSu.jpg,Eczema
892,1,9_456_jpg.rf.c86gsQbDT9pl1dbRkIXY.jpg,222,294,2026-05-25T11:37:05+00:00,{'name': '9_456.jpg'},Skin_desease_(Perbaikan)_dataset.coco\train\9_456_jpg.rf.c86gsQbDT9pl1dbRkIXY.jpg,Melanoma
893,1,9_34_jpg.rf.gr7S0JuwtEMiYzmkN7kR.jpg,222,294,2026-05-25T11:37:05+00:00,{'name': '9_34.jpg'},Skin_desease_(Perbaikan)_dataset.coco\train\9_34_jpg.rf.gr7S0JuwtEMiYzmkN7kR.jpg,Melanoma
894,1,t-hives-Urticaria-Acute-97_jpg.rf.6Kxv2pMbfm9plcQkiuWt.jpg,596,720,2026-05-25T11:37:05+00:00,{'name': 't-hives-Urticaria-Acute-97.jpg'},Skin_desease_(Perbaikan)_dataset.coco\train\t-hives-Urticaria-Acute-97_jpg.rf.6Kxv2pMbfm9plcQkiuWt.jpg,Hives
895,1,v-malignant-melanoma-161_jpg.rf.fUWhvf64bYBM1R8D3Zhe.jpg,474,720,2026-05-25T11:37:05+00:00,{'name': 'v-malignant-melanoma-161.jpg'},Skin_desease_(Perbaikan)_dataset.coco\train\v-malignant-melanoma-161_jpg.rf.fUWhvf64bYBM1R8D3Zhe.jpg,Melanoma
896,1,9_311_jpg.rf.Sa391Sza3MomrE3In5YO.jpg,222,294,2026-05-25T11:37:05+00:00,{'name': '9_311.jpg'},Skin_desease_(Perbaikan)_dataset.coco\train\9_311_jpg.rf.Sa391Sza3MomrE3In5YO.jpg,Melanoma
897,1,t-angioedema-21_jpg.rf.uD35HPzYxJquPfm8QOiB.jpg,672,720,2026-05-25T11:37:05+00:00,{'name': 't-angioedema-21.jpg'},Skin_desease_(Perbaikan)_dataset.coco\train\t-angioedema-21_jpg.rf.uD35HPzYxJquPfm8QOiB.jpg,Hives
898,1,t-Urticaria-Vasculitis-19_jpg.rf.FhDeQNDdMf6J4NsxFkyQ.jpg,720,473,2026-05-25T11:37:05+00:00,{'name': 't-Urticaria-Vasculitis-19.jpg'},Skin_desease_(Perbaikan)_dataset.coco\train\t-Urticaria-Vasculitis-19_jpg.rf.FhDeQNDdMf6J4NsxFkyQ.jpg,Hives
899,1,3_30_jpg.rf.AtLWK6skGVf0FN71efgu.jpg,222,294,2026-05-25T11:37:05+00:00,{'name': '3_30.jpg'},Skin_desease_(Perbaikan)_dataset.coco\train\3_30_jpg.rf.AtLWK6skGVf0FN71efgu.jpg,Eczema
900,1,t-malignant-melanoma-83_jpg.rf.affkxBrRRCqDseMvIVzy.jpg,472,720,2026-05-25T11:37:05+00:00,{'name': 't-malignant-melanoma-83.jpg'},Skin_desease_(Perbaikan)_dataset.coco\train\t-malignant-melanoma-83_jpg.rf.affkxBrRRCqDseMvIVzy.jpg,Melanoma
901,1,t-Urticaria-Vasculitis-11_jpg.rf.DMA52MSY86Y3HJf48pro.jpg,479,720,2026-05-25T11:37:05+00:00,{'name': 't-Urticaria-Vasculitis-11.jpg'},Skin_desease_(Perbaikan)_dataset.coco\train\t-Urticaria-Vasculitis-11_jpg.rf.DMA52MSY86Y3HJf48pro.jpg,Hives
902,1,9_428_jpg.rf.cHtTM5XcW1V4KWxe2nZk.jpg,222,294,2026-05-25T11:37:05+00:00,{'name': '9_428.jpg'},Skin_desease_(Perbaikan)_dataset.coco\train\9_428_jpg.rf.cHtTM5XcW1V4KWxe2nZk.jpg,Melanoma
903,1,4_8_jpg.rf.0ewhCYxtn2DDpmCDaLS7.jpg,222,294,2026-05-25T11:37:05+00:00,{'name': '4_8.jpg'},Skin_desease_(Perbaikan)_dataset.coco\train\4_8_jpg.rf.0ewhCYxtn2DDpmCDaLS7.jpg,Eczema
904,1,t-PUPPP-5_jpg.rf.BaWpBaL3ieGO4ipeAShP.jpg,720,567,2026-05-25T11:37:05+00:00,{'name': 't-PUPPP-5.jpg'},Skin_desease_(Perbaikan)_dataset.coco\train\t-PUPPP-5_jpg.rf.BaWpBaL3ieGO4ipeAShP.jpg,Hives
905,1,9_468_jpg.rf.pVrHiH06g2SjNbTMdZdf.jpg,222,294,2026-05-25T11:37:05+00:00,{'name': '9_468.jpg'},Skin_desease_(Perbaikan)_dataset.coco\train\9_468_jpg.rf.pVrHiH06g2SjNbTMdZdf.jpg,Melanoma
906,1,t-angioedema-20_jpg.rf.ukw5PeoWgmWuFUdDD7gE.jpg,720,610,2026-05-25T11:37:05+00:00,{'name': 't-angioedema-20.jpg'},Skin_desease_(Perbaikan)_dataset.coco\train\t-angioedema-20_jpg.rf.ukw5PeoWgmWuFUdDD7gE.jpg,Hives
907,1,t-PUPPP-19_jpg.rf.Azrva1P0KKjbAAPaev6N.jpg,478,720,2026-05-25T11:37:05+00:00,{'name': 't-PUPPP-19.jpg'},Skin_desease_(Perbaikan)_dataset.coco\train\t-PUPPP-19_jpg.rf.Azrva1P0KKjbAAPaev6N.jpg,Hives
908,1,t-eczema-leg-16_jpg.rf.ZIx2Cuh2rKoOeKAOFvZN.jpg,472,720,2026-05-25T11:37:05+00:00,{'name': 't-eczema-leg-16.jpg'},Skin_desease_(Perbaikan)_dataset.coco\train\t-eczema-leg-16_jpg.rf.ZIx2Cuh2rKoOeKAOFvZN.jpg,Eczema
909,1,9_36_jpg.rf.nyuTM8Lpj6VLo4QvlIB6.jpg,222,294,2026-05-25T11:37:05+00:00,{'name': '9_36.jpg'},Skin_desease_(Perbaikan)_dataset.coco\train\9_36_jpg.rf.nyuTM8Lpj6VLo4QvlIB6.jpg,Melanoma
910,1,t-dermagraphism-17_jpg.rf.rGY1RHmHyUt4sejl4NGS.jpg,720,478,2026-05-25T11:37:05+00:00,{'name': 't-dermagraphism-17.jpg'},Skin_desease_(Perbaikan)_dataset.coco\train\t-dermagraphism-17_jpg.rf.rGY1RHmHyUt4sejl4NGS.jpg,Hives
911,1,t-stasis-dermatitis-106_jpg.rf.xOxHVWG7UoqKJsmunQOF.jpg,472,720,2026-05-25T11:37:05+00:00,{'name': 't-stasis-dermatitis-106.jpg'},Skin_desease_(Perbaikan)_dataset.coco\train\t-stasis-dermatitis-106_jpg.rf.xOxHVWG7UoqKJsmunQOF.jpg,Eczema
912,1,t-dermagraphism-11_jpg.rf.p2dhwAjOeWQ7HYZVoCB6.jpg,474,720,2026-05-25T11:37:05+00:00,{'name': 't-dermagraphism-11.jpg'},Skin_desease_(Perbaikan)_dataset.coco\train\t-dermagraphism-11_jpg.rf.p2dhwAjOeWQ7HYZVoCB6.jpg,Hives
913,1,t-eczema-nummular-150_jpg.rf.dYljuqH4a1bxFuWtAiCJ.jpg,472,720,2026-05-25T11:37:05+00:00,{'name': 't-eczema-nummular-150.jpg'},Skin_desease_(Perbaikan)_dataset.coco\train\t-eczema-nummular-150_jpg.rf.dYljuqH4a1bxFuWtAiCJ.jpg,Eczema
914,1,t-pressure-urticaria-9_jpg.rf.dP9LVHGqi4lq2WjfXhL3.jpg,472,720,2026-05-25T11:37:05+00:00,{'name': 't-pressure-urticaria-9.jpg'},Skin_desease_(Perbaikan)_dataset.coco\train\t-pressure-urticaria-9_jpg.rf.dP9LVHGqi4lq2WjfXhL3.jpg,Hives
915,1,3_28_jpg.rf.6W57sQBqbW8bxwezroDO.jpg,222,294,2026-05-25T11:37:05+00:00,{'name': '3_28.jpg'},Skin_desease_(Perbaikan)_dataset.coco\train\3_28_jpg.rf.6W57sQBqbW8bxwezroDO.jpg,Eczema
916,1,lentigo-maligna-15_jpg.rf.U4RnWqarXJrkiP5kEkXV.jpg,720,468,2026-05-25T11:37:05+00:00,{'name': 'lentigo-maligna-15.jpg'},Skin_desease_(Perbaikan)_dataset.coco\train\lentigo-maligna-15_jpg.rf.U4RnWqarXJrkiP5kEkXV.jpg,Melanoma
917,1,t-angioedema-16_jpg.rf.skkE6AxDpl9ZgWjqEUq8.jpg,474,720,2026-05-25T11:37:05+00:00,{'name': 't-angioedema-16.jpg'},Skin_desease_(Perbaikan)_dataset.coco\train\t-angioedema-16_jpg.rf.skkE6AxDpl9ZgWjqEUq8.jpg,Hives
918,1,t-eczema-nummular-152_jpg.rf.gJ98hwdGSDED1w1WIO2i.jpg,472,720,2026-05-25T11:37:05+00:00,{'name': 't-eczema-nummular-152.jpg'},Skin_desease_(Perbaikan)_dataset.coco\train\t-eczema-nummular-152_jpg.rf.gJ98hwdGSDED1w1WIO2i.jpg,Eczema
919,1,9_429_jpg.rf.qBa6fl1vKEsfWCG1cKEg.jpg,222,294,2026-05-25T11:37:05+00:00,{'name': '9_429.jpg'},Skin_desease_(Perbaikan)_dataset.coco\train\9_429_jpg.rf.qBa6fl1vKEsfWCG1cKEg.jpg,Melanoma
920,1,t-eczema-hand-180_jpg.rf.lGyv9bWr9DKiJjEOyP1Y.jpg,720,477,2026-05-25T11:37:05+00:00,{'name': 't-eczema-hand-180.jpg'},Skin_desease_(Perbaikan)_dataset.coco\train\t-eczema-hand-180_jpg.rf.lGyv9bWr9DKiJjEOyP1Y.jpg,Eczema
921,1,t-hives-Urticaria-Acute-84_jpg.rf.Sb9nbIhIHyfITJ2JdhPm.jpg,595,720,2026-05-25T11:37:05+00:00,{'name': 't-hives-Urticaria-Acute-84.jpg'},Skin_desease_(Perbaikan)_dataset.coco\train\t-hives-Urticaria-Acute-84_jpg.rf.Sb9nbIhIHyfITJ2JdhPm.jpg,Hives
922,1,3_25_jpg.rf.4otLJwx0dZutOXhwOoSq.jpg,222,294,2026-05-25T11:37:05+00:00,{'name': '3_25.jpg'},Skin_desease_(Perbaikan)_dataset.coco\train\3_25_jpg.rf.4otLJwx0dZutOXhwOoSq.jpg,Eczema
923,1,3_31_jpg.rf.4t9KPeN9UMSvyajgQ8XQ.jpg,222,294,2026-05-25T11:37:05+00:00,{'name': '3_31.jpg'},Skin_desease_(Perbaikan)_dataset.coco\train\3_31_jpg.rf.4t9KPeN9UMSvyajgQ8XQ.jpg,Eczema
924,1,v-angioedema-25_jpg.rf.W3wEQtnbIqjCheEwuXND.jpg,587,720,2026-05-25T11:37:05+00:00,{'name': 'v-angioedema-25.jpg'},Skin_desease_(Perbaikan)_dataset.coco\train\v-angioedema-25_jpg.rf.W3wEQtnbIqjCheEwuXND.jpg,Hives
925,1,t-eczema-nummular-158_jpg.rf.q4f8AoHMQmbYcmuJ8h1p.jpg,720,483,2026-05-25T11:37:05+00:00,{'name': 't-eczema-nummular-158.jpg'},Skin_desease_(Perbaikan)_dataset.coco\train\t-eczema-nummular-158_jpg.rf.q4f8AoHMQmbYcmuJ8h1p.jpg,Eczema
926,1,t-hives-Urticaria-Acute-91_jpg.rf.4nGahLOviyyJjHz4fyp2.jpg,720,586,2026-05-25T11:37:05+00:00,{'name': 't-hives-Urticaria-Acute-91.jpg'},Skin_desease_(Perbaikan)_dataset.coco\train\t-hives-Urticaria-Acute-91_jpg.rf.4nGahLOviyyJjHz4fyp2.jpg,Hives
927,1,v-Urticaria-Vasculitis-7_jpg.rf.HoCut7Qqs7rnOZyERAiZ.jpg,472,720,2026-05-25T11:37:05+00:00,{'name': 'v-Urticaria-Vasculitis-7.jpg'},Skin_desease_(Perbaikan)_dataset.coco\train\v-Urticaria-Vasculitis-7_jpg.rf.HoCut7Qqs7rnOZyERAiZ.jpg,Hives
928,1,9_79_jpg.rf.ds8RDkY9hXUMebXuLiYW.jpg,222,294,2026-05-25T11:37:05+00:00,{'name': '9_79.jpg'},Skin_desease_(Perbaikan)_dataset.coco\train\9_79_jpg.rf.ds8RDkY9hXUMebXuLiYW.jpg,Melanoma
929,1,t-eczema-nummular-122_jpg.rf.oGzflzX3aXfM0VzVsU2C.jpg,472,720,2026-05-25T11:37:05+00:00,{'name': 't-eczema-nummular-122.jpg'},Skin_desease_(Perbaikan)_dataset.coco\train\t-eczema-nummular-122_jpg.rf.oGzflzX3aXfM0VzVsU2C.jpg,Eczema
930,1,t-hives-Urticaria-Acute-75_jpg.rf.9ln6cinjb4FvYpKCaKUW.jpg,720,483,2026-05-25T11:37:05+00:00,{'name': 't-hives-Urticaria-Acute-75.jpg'},Skin_desease_(Perbaikan)_dataset.coco\train\t-hives-Urticaria-Acute-75_jpg.rf.9ln6cinjb4FvYpKCaKUW.jpg,Hives
931,1,9_351_jpg.rf.VItJA9gLFWDpNBWLMog3.jpg,222,294,2026-05-25T11:37:05+00:00,{'name': '9_351.jpg'},Skin_desease_(Perbaikan)_dataset.coco\train\9_351_jpg.rf.VItJA9gLFWDpNBWLMog3.jpg,Melanoma
932,1,v-angioedema-7_jpg.rf.hTKfCSJ6luaTAYyEr2Ej.jpg,720,661,2026-05-25T11:37:05+00:00,{'name': 'v-angioedema-7.jpg'},Skin_desease_(Perbaikan)_dataset.coco\train\v-angioedema-7_jpg.rf.hTKfCSJ6luaTAYyEr2Ej.jpg,Hives
933,1,3_2_jpg.rf.4QqxivYLTQF9MrcYA5DJ.jpg,222,294,2026-05-25T11:37:05+00:00,{'name': '3_2.jpg'},Skin_desease_(Perbaikan)_dataset.coco\train\3_2_jpg.rf.4QqxivYLTQF9MrcYA5DJ.jpg,Eczema
934,1,ISIC_6654875_jpg.rf.15chx7oNDJmU4UlboRT2.jpg,512,512,2026-05-25T11:37:05+00:00,{'name': 'ISIC_6654875.jpg'},Skin_desease_(Perbaikan)_dataset.coco\train\ISIC_6654875_jpg.rf.15chx7oNDJmU4UlboRT2.jpg,Melanoma
935,1,v-angioedema-19_jpg.rf.Nr3VH8bxHoDW4p6wcjPa.jpg,474,720,2026-05-25T11:37:05+00:00,{'name': 'v-angioedema-19.jpg'},Skin_desease_(Perbaikan)_dataset.coco\train\v-angioedema-19_jpg.rf.Nr3VH8bxHoDW4p6wcjPa.jpg,Hives
936,1,3_13_jpg.rf.Bdcow7WXBJjCqnSqPBoa.jpg,222,294,2026-05-25T11:37:05+00:00,{'name': '3_13.jpg'},Skin_desease_(Perbaikan)_dataset.coco\train\3_13_jpg.rf.Bdcow7WXBJjCqnSqPBoa.jpg,Eczema
937,1,v-malignant-melanoma-12_jpg.rf.sEWRRvb3JN4QTmaJJ1Bw.jpg,472,720,2026-05-25T11:37:05+00:00,{'name': 'v-malignant-melanoma-12.jpg'},Skin_desease_(Perbaikan)_dataset.coco\train\v-malignant-melanoma-12_jpg.rf.sEWRRvb3JN4QTmaJJ1Bw.jpg,Melanoma
938,1,ISIC_6654565_jpg.rf.R30kCCTGbp0znmjGkZNF.jpg,512,512,2026-05-25T11:37:05+00:00,{'name': 'ISIC_6654565.jpg'},Skin_desease_(Perbaikan)_dataset.coco\train\ISIC_6654565_jpg.rf.R30kCCTGbp0znmjGkZNF.jpg,Melanoma
939,1,v-angioedema-3_jpg.rf.Zl5ZXyfNQydnIDuUzACh.jpg,720,592,2026-05-25T11:37:05+00:00,{'name': 'v-angioedema-3.jpg'},Skin_desease_(Perbaikan)_dataset.coco\train\v-angioedema-3_jpg.rf.Zl5ZXyfNQydnIDuUzACh.jpg,Hives
940,1,4_4_jpg.rf.BU0NlZDZR1uuTfLYHXky.jpg,222,294,2026-05-25T11:37:05+00:00,{'name': '4_4.jpg'},Skin_desease_(Perbaikan)_dataset.coco\train\4_4_jpg.rf.BU0NlZDZR1uuTfLYHXky.jpg,Eczema
941,1,t-hives-Urticaria-Acute-8_jpg.rf.eybJJ3f72UoJJP9eAPEG.jpg,472,720,2026-05-25T11:37:05+00:00,{'name': 't-hives-Urticaria-Acute-8.jpg'},Skin_desease_(Perbaikan)_dataset.coco\train\t-hives-Urticaria-Acute-8_jpg.rf.eybJJ3f72UoJJP9eAPEG.jpg,Hives
942,1,t-eczema-nummular-8_jpg.rf.qONSyuxO3kW9vJ3SNnf5.jpg,472,720,2026-05-25T11:37:05+00:00,{'name': 't-eczema-nummular-8.jpg'},Skin_desease_(Perbaikan)_dataset.coco\train\t-eczema-nummular-8_jpg.rf.qONSyuxO3kW9vJ3SNnf5.jpg,Eczema
943,1,v-malignant-melanoma-108_jpg.rf.tU2zDtDYsDMIo1NtCQBI.jpg,465,720,2026-05-25T11:37:05+00:00,{'name': 'v-malignant-melanoma-108.jpg'},Skin_desease_(Perbaikan)_dataset.coco\train\v-malignant-melanoma-108_jpg.rf.tU2zDtDYsDMIo1NtCQBI.jpg,Melanoma
944,1,t-hives-Urticaria-Acute-96_jpg.rf.kCVHMYwWcPzeJrWAOv42.jpg,720,569,2026-05-25T11:37:05+00:00,{'name': 't-hives-Urticaria-Acute-96.jpg'},Skin_desease_(Perbaikan)_dataset.coco\train\t-hives-Urticaria-Acute-96_jpg.rf.kCVHMYwWcPzeJrWAOv42.jpg,Hives
945,1,9_51_jpg.rf.dbBqcd3imbuXSQzzGrkH.jpg,222,294,2026-05-25T11:37:05+00:00,{'name': '9_51.jpg'},Skin_desease_(Perbaikan)_dataset.coco\train\9_51_jpg.rf.dbBqcd3imbuXSQzzGrkH.jpg,Melanoma
946,1,3_3_jpg.rf.8OUwD3PQ4rGAtji2l3wZ.jpg,222,294,2026-05-25T11:37:05+00:00,{'name': '3_3.jpg'},Skin_desease_(Perbaikan)_dataset.coco\train\3_3_jpg.rf.8OUwD3PQ4rGAtji2l3wZ.jpg,Eczema
947,1,t-eczema-nummular-159_jpg.rf.rWayALSKFNW477tYnvxE.jpg,720,477,2026-05-25T11:37:05+00:00,{'name': 't-eczema-nummular-159.jpg'},Skin_desease_(Perbaikan)_dataset.coco\train\t-eczema-nummular-159_jpg.rf.rWayALSKFNW477tYnvxE.jpg,Eczema
948,1,t-PUPPP-11_jpg.rf.3l864PHfgzaD2iUMXPsM.jpg,720,629,2026-05-25T11:37:05+00:00,{'name': 't-PUPPP-11.jpg'},Skin_desease_(Perbaikan)_dataset.coco\train\t-PUPPP-11_jpg.rf.3l864PHfgzaD2iUMXPsM.jpg,Hives
949,1,ISIC_6665401_jpg.rf.DueyITijVVRy4TzRVfTO.jpg,512,512,2026-05-25T11:37:05+00:00,{'name': 'ISIC_6665401.jpg'},Skin_desease_(Perbaikan)_dataset.coco\train\ISIC_6665401_jpg.rf.DueyITijVVRy4TzRVfTO.jpg,Melanoma
950,1,t-hives-Urticaria-Acute-74_jpg.rf.ZZ5oQPn8ycQWcYRBxTuI.jpg,720,471,2026-05-25T11:37:05+00:00,{'name': 't-hives-Urticaria-Acute-74.jpg'},Skin_desease_(Perbaikan)_dataset.coco\train\t-hives-Urticaria-Acute-74_jpg.rf.ZZ5oQPn8ycQWcYRBxTuI.jpg,Hives
951,1,t-pressure-urticaria-10_jpg.rf.KyNlvbTo6TWK6y6BVKqC.jpg,720,472,2026-05-25T11:37:05+00:00,{'name': 't-pressure-urticaria-10.jpg'},Skin_desease_(Perbaikan)_dataset.coco\train\t-pressure-urticaria-10_jpg.rf.KyNlvbTo6TWK6y6BVKqC.jpg,Hives
952,1,3_7_jpg.rf.7HIRxd7aPr0FpUwA5lGT.jpg,222,294,2026-05-25T11:37:05+00:00,{'name': '3_7.jpg'},Skin_desease_(Perbaikan)_dataset.coco\train\3_7_jpg.rf.7HIRxd7aPr0FpUwA5lGT.jpg,Eczema
953,1,t-eczema-nummular-124_jpg.rf.TEDABjkBYZPc1ZC8cCUE.jpg,472,720,2026-05-25T11:37:05+00:00,{'name': 't-eczema-nummular-124.jpg'},Skin_desease_(Perbaikan)_dataset.coco\train\t-eczema-nummular-124_jpg.rf.TEDABjkBYZPc1ZC8cCUE.jpg,Eczema
954,1,t-hives-Urticaria-Acute-81_jpg.rf.l16E8weSI6xvzxqHhurA.jpg,492,720,2026-05-25T11:37:05+00:00,{'name': 't-hives-Urticaria-Acute-81.jpg'},Skin_desease_(Perbaikan)_dataset.coco\train\t-hives-Urticaria-Acute-81_jpg.rf.l16E8weSI6xvzxqHhurA.jpg,Hives
955,1,ISIC_6657660_jpg.rf.PlLdFDqKHDoXDmoMlaBy.jpg,512,512,2026-05-25T11:37:05+00:00,{'name': 'ISIC_6657660.jpg'},Skin_desease_(Perbaikan)_dataset.coco\train\ISIC_6657660_jpg.rf.PlLdFDqKHDoXDmoMlaBy.jpg,Melanoma
956,1,ISIC_6655874_jpg.rf.UYXyUJ5z128gRA2VWvAA.jpg,512,512,2026-05-25T11:37:05+00:00,{'name': 'ISIC_6655874.jpg'},Skin_desease_(Perbaikan)_dataset.coco\train\ISIC_6655874_jpg.rf.UYXyUJ5z128gRA2VWvAA.jpg,Melanoma
957,1,t-hives-Urticaria-Acute-69_jpg.rf.ZR8d7Rx5jwJx1cUinPX5.jpg,720,459,2026-05-25T11:37:05+00:00,{'name': 't-hives-Urticaria-Acute-69.jpg'},Skin_desease_(Perbaikan)_dataset.coco\train\t-hives-Urticaria-Acute-69_jpg.rf.ZR8d7Rx5jwJx1cUinPX5.jpg,Hives
958,1,9_473_jpg.rf.raX3dd9ko3tMqzujZbUU.jpg,222,294,2026-05-25T11:37:05+00:00,{'name': '9_473.jpg'},Skin_desease_(Perbaikan)_dataset.coco\train\9_473_jpg.rf.raX3dd9ko3tMqzujZbUU.jpg,Melanoma
959,1,9_315_jpg.rf.iiUraHOAN9ubfi2RAhYg.jpg,222,294,2026-05-25T11:37:05+00:00,{'name': '9_315.jpg'},Skin_desease_(Perbaikan)_dataset.coco\train\9_315_jpg.rf.iiUraHOAN9ubfi2RAhYg.jpg,Melanoma
960,1,9_458_jpg.rf.qCHEpYIvMJVng24NFTNn.jpg,222,294,2026-05-25T11:37:05+00:00,{'name': '9_458.jpg'},Skin_desease_(Perbaikan)_dataset.coco\train\9_458_jpg.rf.qCHEpYIvMJVng24NFTNn.jpg,Melanoma
961,1,ISIC_6656373_jpg.rf.DAT7ZOZfcqI4gNCpUpnb.jpg,512,512,2026-05-25T11:37:05+00:00,{'name': 'ISIC_6656373.jpg'},Skin_desease_(Perbaikan)_dataset.coco\train\ISIC_6656373_jpg.rf.DAT7ZOZfcqI4gNCpUpnb.jpg,Melanoma
962,1,t-hives-Urticaria-Acute-98_jpg.rf.jcmsohdAGjvwbBZPImzc.jpg,720,584,2026-05-25T11:37:05+00:00,{'name': 't-hives-Urticaria-Acute-98.jpg'},Skin_desease_(Perbaikan)_dataset.coco\train\t-hives-Urticaria-Acute-98_jpg.rf.jcmsohdAGjvwbBZPImzc.jpg,Hives
963,1,t-PUPPP-7_jpg.rf.LRtK3pXRyhOwLd7uB4W5.jpg,720,586,2026-05-25T11:37:05+00:00,{'name': 't-PUPPP-7.jpg'},Skin_desease_(Perbaikan)_dataset.coco\train\t-PUPPP-7_jpg.rf.LRtK3pXRyhOwLd7uB4W5.jpg,Hives
964,1,t-Urticaria-Vasculitis-3_jpg.rf.ONnkNk038Uvggk6Aawv3.jpg,480,720,2026-05-25T11:37:05+00:00,{'name': 't-Urticaria-Vasculitis-3.jpg'},Skin_desease_(Perbaikan)_dataset.coco\train\t-Urticaria-Vasculitis-3_jpg.rf.ONnkNk038Uvggk6Aawv3.jpg,Hives
965,1,3_17_jpg.rf.Hcv2P2JVDsR94LGLzrQD.jpg,222,294,2026-05-25T11:37:05+00:00,{'name': '3_17.jpg'},Skin_desease_(Perbaikan)_dataset.coco\train\3_17_jpg.rf.Hcv2P2JVDsR94LGLzrQD.jpg,Eczema
966,1,ISIC_6655383_jpg.rf.QECfiJQMSmljhHKTOinJ.jpg,512,512,2026-05-25T11:37:05+00:00,{'name': 'ISIC_6655383.jpg'},Skin_desease_(Perbaikan)_dataset.coco\train\ISIC_6655383_jpg.rf.QECfiJQMSmljhHKTOinJ.jpg,Melanoma
967,1,v-angioedema-24_jpg.rf.o5kUvtUaYnelWWvuGyoc.jpg,613,720,2026-05-25T11:37:05+00:00,{'name': 'v-angioedema-24.jpg'},Skin_desease_(Perbaikan)_dataset.coco\train\v-angioedema-24_jpg.rf.o5kUvtUaYnelWWvuGyoc.jpg,Hives
968,1,3_4_jpg.rf.EKvtpaZXIVUT3F90zcWN.jpg,222,294,2026-05-25T11:37:05+00:00,{'name': '3_4.jpg'},Skin_desease_(Perbaikan)_dataset.coco\train\3_4_jpg.rf.EKvtpaZXIVUT3F90zcWN.jpg,Eczema
969,1,2_8_jpg.rf.Hqkm5JtpHSA5U8Y8ELwY.jpg,222,294,2026-05-25T11:37:05+00:00,{'name': '2_8.jpg'},Skin_desease_(Perbaikan)_dataset.coco\train\2_8_jpg.rf.Hqkm5JtpHSA5U8Y8ELwY.jpg,Eczema
970,1,3_23_jpg.rf.TR06Zk18OscbDt5cXsvR.jpg,222,294,2026-05-25T11:37:05+00:00,{'name': '3_23.jpg'},Skin_desease_(Perbaikan)_dataset.coco\train\3_23_jpg.rf.TR06Zk18OscbDt5cXsvR.jpg,Eczema
971,1,ISIC_6653780_jpg.rf.emHmfXG3Sq1rdZiTeS6X.jpg,512,512,2026-05-25T11:37:05+00:00,{'name': 'ISIC_6653780.jpg'},Skin_desease_(Perbaikan)_dataset.coco\train\ISIC_6653780_jpg.rf.emHmfXG3Sq1rdZiTeS6X.jpg,Melanoma
972,1,lentigo-maligna-25_jpg.rf.srwo2rBOljLjInoQ8Dc0.jpg,579,434,2026-05-25T11:37:05+00:00,{'name': 'lentigo-maligna-25.jpg'},Skin_desease_(Perbaikan)_dataset.coco\train\lentigo-maligna-25_jpg.rf.srwo2rBOljLjInoQ8Dc0.jpg,Melanoma
973,1,ISIC_6658892_jpg.rf.MGI31wCIJ0LB3bCeIKuy.jpg,512,512,2026-05-25T11:37:05+00:00,{'name': 'ISIC_6658892.jpg'},Skin_desease_(Perbaikan)_dataset.coco\train\ISIC_6658892_jpg.rf.MGI31wCIJ0LB3bCeIKuy.jpg,Melanoma
974,1,t-hives-Urticaria-Acute-72_jpg.rf.oj2SDmSwcGRlWSyQIsgG.jpg,482,720,2026-05-25T11:37:05+00:00,{'name': 't-hives-Urticaria-Acute-72.jpg'},Skin_desease_(Perbaikan)_dataset.coco\train\t-hives-Urticaria-Acute-72_jpg.rf.oj2SDmSwcGRlWSyQIsgG.jpg,Hives
975,1,t-angioedema-8_jpg.rf.FWPq2SeV9vYbi4e6kJDI.jpg,720,655,2026-05-25T11:37:05+00:00,{'name': 't-angioedema-8.jpg'},Skin_desease_(Perbaikan)_dataset.coco\train\t-angioedema-8_jpg.rf.FWPq2SeV9vYbi4e6kJDI.jpg,Hives
976,1,t-hives-Urticaria-Acute-71_jpg.rf.rqjxc1qszccJhMBhv8H0.jpg,720,462,2026-05-25T11:37:05+00:00,{'name': 't-hives-Urticaria-Acute-71.jpg'},Skin_desease_(Perbaikan)_dataset.coco\train\t-hives-Urticaria-Acute-71_jpg.rf.rqjxc1qszccJhMBhv8H0.jpg,Hives
977,1,v-Urticaria-Vasculitis-4_jpg.rf.oLgdxRBLgi259lGdEErn.jpg,480,720,2026-05-25T11:37:05+00:00,{'name': 'v-Urticaria-Vasculitis-4.jpg'},Skin_desease_(Perbaikan)_dataset.coco\train\v-Urticaria-Vasculitis-4_jpg.rf.oLgdxRBLgi259lGdEErn.jpg,Hives
978,1,2_7_jpg.rf.Q5OACai3ldc0lzh2JFfT.jpg,222,294,2026-05-25T11:37:05+00:00,{'name': '2_7.jpg'},Skin_desease_(Perbaikan)_dataset.coco\train\2_7_jpg.rf.Q5OACai3ldc0lzh2JFfT.jpg,Eczema
979,1,4_6_jpg.rf.NlD0dzWwlpUtxeBfHpSL.jpg,222,294,2026-05-25T11:37:05+00:00,{'name': '4_6.jpg'},Skin_desease_(Perbaikan)_dataset.coco\train\4_6_jpg.rf.NlD0dzWwlpUtxeBfHpSL.jpg,Eczema
980,1,ISIC_6660516_jpg.rf.hXCwktgHI6TyjNq97BNj.jpg,512,512,2026-05-25T11:37:05+00:00,{'name': 'ISIC_6660516.jpg'},Skin_desease_(Perbaikan)_dataset.coco\train\ISIC_6660516_jpg.rf.hXCwktgHI6TyjNq97BNj.jpg,Melanoma
981,1,3_26_jpg.rf.0MDHXl1l6bYvxKsE6oQA.jpg,222,294,2026-05-25T11:37:05+00:00,{'name': '3_26.jpg'},Skin_desease_(Perbaikan)_dataset.coco\train\3_26_jpg.rf.0MDHXl1l6bYvxKsE6oQA.jpg,Eczema
982,1,t-hives-Urticaria-Acute-83_jpg.rf.sskve2Ldpdx2oTFhQwjO.jpg,475,720,2026-05-25T11:37:05+00:00,{'name': 't-hives-Urticaria-Acute-83.jpg'},Skin_desease_(Perbaikan)_dataset.coco\train\t-hives-Urticaria-Acute-83_jpg.rf.sskve2Ldpdx2oTFhQwjO.jpg,Hives
983,1,v-angioedema-1_jpg.rf.hD2E7EcnsuTBhPWW286D.jpg,720,594,2026-05-25T11:37:05+00:00,{'name': 'v-angioedema-1.jpg'},Skin_desease_(Perbaikan)_dataset.coco\train\v-angioedema-1_jpg.rf.hD2E7EcnsuTBhPWW286D.jpg,Hives
984,1,t-hives-Urticaria-Acute-77_jpg.rf.lbnXqCGAWENmYkusR9C9.jpg,720,484,2026-05-25T11:37:05+00:00,{'name': 't-hives-Urticaria-Acute-77.jpg'},Skin_desease_(Perbaikan)_dataset.coco\train\t-hives-Urticaria-Acute-77_jpg.rf.lbnXqCGAWENmYkusR9C9.jpg,Hives
985,1,3_29_jpg.rf.UakxoSmhrGWZPpbwt3ZC.jpg,222,294,2026-05-25T11:37:05+00:00,{'name': '3_29.jpg'},Skin_desease_(Perbaikan)_dataset.coco\train\3_29_jpg.rf.UakxoSmhrGWZPpbwt3ZC.jpg,Eczema
986,1,4_5_jpg.rf.Xr7pIngIxqz8f8RlG2xQ.jpg,222,294,2026-05-25T11:37:05+00:00,{'name': '4_5.jpg'},Skin_desease_(Perbaikan)_dataset.coco\train\4_5_jpg.rf.Xr7pIngIxqz8f8RlG2xQ.jpg,Eczema
987,1,9_41_jpg.rf.WEPXimgjAi7uTL5Qflki.jpg,222,294,2026-05-25T11:37:05+00:00,{'name': '9_41.jpg'},Skin_desease_(Perbaikan)_dataset.coco\train\9_41_jpg.rf.WEPXimgjAi7uTL5Qflki.jpg,Melanoma
988,1,3_16_jpg.rf.ceaszAIEoeliJGMdzA5F.jpg,222,294,2026-05-25T11:37:05+00:00,{'name': '3_16.jpg'},Skin_desease_(Perbaikan)_dataset.coco\train\3_16_jpg.rf.ceaszAIEoeliJGMdzA5F.jpg,Eczema
989,1,t-hives-Urticaria-Acute-95_jpg.rf.eRbbAiNAln7NG4louMUg.jpg,635,720,2026-05-25T11:37:05+00:00,{'name': 't-hives-Urticaria-Acute-95.jpg'},Skin_desease_(Perbaikan)_dataset.coco\train\t-hives-Urticaria-Acute-95_jpg.rf.eRbbAiNAln7NG4louMUg.jpg,Hives
990,1,t-angioedema-14_jpg.rf.Hs0nI1yW8HYpvzRUavKC.jpg,720,470,2026-05-25T11:37:05+00:00,{'name': 't-angioedema-14.jpg'},Skin_desease_(Perbaikan)_dataset.coco\train\t-angioedema-14_jpg.rf.Hs0nI1yW8HYpvzRUavKC.jpg,Hives
991,1,ISIC_6653456_jpg.rf.l7FjH2i89skvG1dkI0eX.jpg,512,512,2026-05-25T11:37:05+00:00,{'name': 'ISIC_6653456.jpg'},Skin_desease_(Perbaikan)_dataset.coco\train\ISIC_6653456_jpg.rf.l7FjH2i89skvG1dkI0eX.jpg,Melanoma
992,1,ISIC_6662824_jpg.rf.VnLHegS9vT0NzBnqTuWz.jpg,512,512,2026-05-25T11:37:05+00:00,{'name': 'ISIC_6662824.jpg'},Skin_desease_(Perbaikan)_dataset.coco\train\ISIC_6662824_jpg.rf.VnLHegS9vT0NzBnqTuWz.jpg,Melanoma
993,1,t-eczema-nummular-12_jpg.rf.nZxvGtV4yOEsgFZqZBL5.jpg,472,720,2026-05-25T11:37:05+00:00,{'name': 't-eczema-nummular-12.jpg'},Skin_desease_(Perbaikan)_dataset.coco\train\t-eczema-nummular-12_jpg.rf.nZxvGtV4yOEsgFZqZBL5.jpg,Eczema
994,1,ISIC_6652978_jpg.rf.d9TsVlsXTV6sR3TLvi7q.jpg,512,512,2026-05-25T11:37:05+00:00,{'name': 'ISIC_6652978.jpg'},Skin_desease_(Perbaikan)_dataset.coco\train\ISIC_6652978_jpg.rf.d9TsVlsXTV6sR3TLvi7q.jpg,Melanoma
995,1,ISIC_6661862_jpg.rf.Nv39jlGiy6GwkafYaQIe.jpg,512,512,2026-05-25T11:37:05+00:00,{'name': 'ISIC_6661862.jpg'},Skin_desease_(Perbaikan)_dataset.coco\train\ISIC_6661862_jpg.rf.Nv39jlGiy6GwkafYaQIe.jpg,Melanoma
996,1,chickenpox25_png.rf.krLCREqGqVqJFIZB88G9.png,224,224,2026-05-25T11:37:05+00:00,"{'user_tags': ['ChickenPox'], 'name': 'chickenpox25.png'}",Skin_desease_(Perbaikan)_dataset.coco\train\chickenpox25_png.rf.krLCREqGqVqJFIZB88G9.png,ChickenPox
997,1,3_5_jpg.rf.Ou7QVtdmtNqgVDcZlZL9.jpg,222,294,2026-05-25T11:37:05+00:00,{'name': '3_5.jpg'},Skin_desease_(Perbaikan)_dataset.coco\train\3_5_jpg.rf.Ou7QVtdmtNqgVDcZlZL9.jpg,Eczema
998,1,chickenpox55_png.rf.lNdwA2ejJkqfToXzh6Be.png,224,224,2026-05-25T11:37:05+00:00,"{'user_tags': ['ChickenPox'], 'name': 'chickenpox55.png'}",Skin_desease_(Perbaikan)_dataset.coco\train\chickenpox55_png.rf.lNdwA2ejJkqfToXzh6Be.png,ChickenPox
999,1,3_1_jpg.rf.V3Vt5VYbejbEk7cOrsvt.jpg,222,294,2026-05-25T11:37:05+00:00,{'name': '3_1.jpg'},Skin_desease_(Perbaikan)_dataset.coco\train\3_1_jpg.rf.V3Vt5VYbejbEk7cOrsvt.jpg,Eczema
1000,1,ISIC_6661073_jpg.rf.l07xYPCp0TGaf3m255gU.jpg,512,512,2026-05-25T11:37:05+00:00,{'name': 'ISIC_6661073.jpg'},Skin_desease_(Perbaikan)_dataset.coco\train\ISIC_6661073_jpg.rf.l07xYPCp0TGaf3m255gU.jpg,Melanoma
1001,1,ISIC_6660247_jpg.rf.YGOjgQ14XYcqnzuT7SpI.jpg,512,512,2026-05-25T11:37:05+00:00,{'name': 'ISIC_6660247.jpg'},Skin_desease_(Perbaikan)_dataset.coco\train\ISIC_6660247_jpg.rf.YGOjgQ14XYcqnzuT7SpI.jpg,Melanoma
1002,1,ISIC_6656563_jpg.rf.f16lZ0UPdSCdHQc9NTOA.jpg,512,512,2026-05-25T11:37:05+00:00,{'name': 'ISIC_6656563.jpg'},Skin_desease_(Perbaikan)_dataset.coco\train\ISIC_6656563_jpg.rf.f16lZ0UPdSCdHQc9NTOA.jpg,Melanoma
1003,1,2_6_jpg.rf.w9ESTD2y8KKLSp9NaF56.jpg,222,294,2026-05-25T11:37:05+00:00,{'name': '2_6.jpg'},Skin_desease_(Perbaikan)_dataset.coco\train\2_6_jpg.rf.w9ESTD2y8KKLSp9NaF56.jpg,Eczema
1004,1,4_2_jpg.rf.KM5qpdPFeR4Ckd8fGPdT.jpg,222,294,2026-05-25T11:37:05+00:00,{'name': '4_2.jpg'},Skin_desease_(Perbaikan)_dataset.coco\train\4_2_jpg.rf.KM5qpdPFeR4Ckd8fGPdT.jpg,Eczema
1005,1,AdobeStock_119502501_jpg.rf.oeNHB3a3kawsY118fjX8.jpg,1000,1500,2026-05-25T11:37:05+00:00,{'name': 'AdobeStock_119502501.jpg'},Skin_desease_(Perbaikan)_dataset.coco\train\AdobeStock_119502501_jpg.rf.oeNHB3a3kawsY118fjX8.jpg,Hives
1006,1,ISIC_6653225_jpg.rf.kRqSFrqXDWYtjgpc1ojD.jpg,512,512,2026-05-25T11:37:05+00:00,{'name': 'ISIC_6653225.jpg'},Skin_desease_(Perbaikan)_dataset.coco\train\ISIC_6653225_jpg.rf.kRqSFrqXDWYtjgpc1ojD.jpg,Melanoma
1007,1,ISIC_6664275_jpg.rf.j384ZCKMrbnD5BY4uCE4.jpg,512,512,2026-05-25T11:37:05+00:00,{'name': 'ISIC_6664275.jpg'},Skin_desease_(Perbaikan)_dataset.coco\train\ISIC_6664275_jpg.rf.j384ZCKMrbnD5BY4uCE4.jpg,Melanoma
1008,1,t-hives-Urticaria-Acute-79_jpg.rf.p1rofqujzVjx2uk1f30m.jpg,482,720,2026-05-25T11:37:05+00:00,{'name': 't-hives-Urticaria-Acute-79.jpg'},Skin_desease_(Perbaikan)_dataset.coco\train\t-hives-Urticaria-Acute-79_jpg.rf.p1rofqujzVjx2uk1f30m.jpg,Hives
1009,1,3_15_jpg.rf.LCkblRYqYrbXL9jqOqbH.jpg,222,294,2026-05-25T11:37:05+00:00,{'name': '3_15.jpg'},Skin_desease_(Perbaikan)_dataset.coco\train\3_15_jpg.rf.LCkblRYqYrbXL9jqOqbH.jpg,Eczema
1010,1,4_1_jpg.rf.o8q5CxeFgq9MwGqUHcuS.jpg,222,294,2026-05-25T11:37:05+00:00,{'name': '4_1.jpg'},Skin_desease_(Perbaikan)_dataset.coco\train\4_1_jpg.rf.o8q5CxeFgq9MwGqUHcuS.jpg,Eczema
1011,1,t-eczema-subacute-69_jpg.rf.AzkxJopFAMM9iOo7qq4D.jpg,720,477,2026-05-25T11:37:05+00:00,{'name': 't-eczema-subacute-69.jpg'},Skin_desease_(Perbaikan)_dataset.coco\train\t-eczema-subacute-69_jpg.rf.AzkxJopFAMM9iOo7qq4D.jpg,Eczema
1012,1,3_6_jpg.rf.iKuQws0lyfKTyunpDOtB.jpg,222,294,2026-05-25T11:37:05+00:00,{'name': '3_6.jpg'},Skin_desease_(Perbaikan)_dataset.coco\train\3_6_jpg.rf.iKuQws0lyfKTyunpDOtB.jpg,Eczema
1013,1,t-angioedema-11_jpg.rf.JDOgQ2XcSbfzrjYgvhus.jpg,475,720,2026-05-25T11:37:05+00:00,{'name': 't-angioedema-11.jpg'},Skin_desease_(Perbaikan)_dataset.coco\train\t-angioedema-11_jpg.rf.JDOgQ2XcSbfzrjYgvhus.jpg,Hives
1014,1,images_jpg.rf.l4WG5yF9ZsECpL9Eamki.jpg,168,300,2026-05-25T11:37:05+00:00,{'name': 'images.jpg'},Skin_desease_(Perbaikan)_dataset.coco\train\images_jpg.rf.l4WG5yF9ZsECpL9Eamki.jpg,Hives
1015,1,chickenpox53_png.rf.lrVSSZbNrWZkY94fSiIi.png,224,224,2026-05-25T11:37:05+00:00,"{'user_tags': ['ChickenPox'], 'name': 'chickenpox53.png'}",Skin_desease_(Perbaikan)_dataset.coco\train\chickenpox53_png.rf.lrVSSZbNrWZkY94fSiIi.png,ChickenPox
1016,1,chickenpox81_png.rf.nzRSHMkMqMKtKzvsRLNg.png,224,224,2026-05-25T11:37:05+00:00,"{'user_tags': ['ChickenPox'], 'name': 'chickenpox81.png'}",Skin_desease_(Perbaikan)_dataset.coco\train\chickenpox81_png.rf.nzRSHMkMqMKtKzvsRLNg.png,ChickenPox
1017,1,3_27_jpg.rf.JAOEQsVvv92UJYWS91kU.jpg,222,294,2026-05-25T11:37:05+00:00,{'name': '3_27.jpg'},Skin_desease_(Perbaikan)_dataset.coco\train\3_27_jpg.rf.JAOEQsVvv92UJYWS91kU.jpg,Eczema
1018,1,image-asset_jpg.rf.s3D4jHsHa36sUUkfiYYq.jpg,335,493,2026-05-25T11:37:05+00:00,{'name': 'image-asset.jpg'},Skin_desease_(Perbaikan)_dataset.coco\train\image-asset_jpg.rf.s3D4jHsHa36sUUkfiYYq.jpg,Hives
1019,1,urticaria-imagem-1200x688_webp.rf.ohtC9tqxNDxfUM9aCeUT.webp,688,1200,2026-05-25T11:37:05+00:00,{'name': 'urticaria-imagem-1200x688.webp'},Skin_desease_(Perbaikan)_dataset.coco\train\urticaria-imagem-1200x688_webp.rf.ohtC9tqxNDxfUM9aCeUT.webp,Hives
1020,1,4_0_jpg.rf.MkHkspiHX6cZ5uZ7v5rm.jpg,222,294,2026-05-25T11:37:05+00:00,{'name': '4_0.jpg'},Skin_desease_(Perbaikan)_dataset.coco\train\4_0_jpg.rf.MkHkspiHX6cZ5uZ7v5rm.jpg,Eczema
1021,1,chickenpox14_png.rf.nn39DleUjQSbDvfOiJwY.png,224,224,2026-05-25T11:37:05+00:00,"{'user_tags': ['ChickenPox'], 'name': 'chickenpox14.png'}",Skin_desease_(Perbaikan)_dataset.coco\train\chickenpox14_png.rf.nn39DleUjQSbDvfOiJwY.png,ChickenPox
1022,1,dermatitis numular-article-1665912953_jpg.rf.eTGR98pOiuakPUMZnGWW.jpg,674,1200,2026-05-25T11:37:05+00:00,{'name': 'dermatitis numular-article-1665912953.jpg'},Skin_desease_(Perbaikan)_dataset.coco\train\dermatitis numular-article-1665912953_jpg.rf.eTGR98pOiuakPUMZnGWW.jpg,Eczema
1023,1,ISIC_6654619_jpg.rf.RPBPrLDOSO2inqqI4zm7.jpg,512,512,2026-05-25T11:37:05+00:00,{'name': 'ISIC_6654619.jpg'},Skin_desease_(Perbaikan)_dataset.coco\train\ISIC_6654619_jpg.rf.RPBPrLDOSO2inqqI4zm7.jpg,Melanoma
1024,1,chickenpox90_png.rf.orgTYeP7yKFb9OhwAmqO.png,224,224,2026-05-25T11:37:05+00:00,"{'user_tags': ['ChickenPox'], 'name': 'chickenpox90.png'}",Skin_desease_(Perbaikan)_dataset.coco\train\chickenpox90_png.rf.orgTYeP7yKFb9OhwAmqO.png,ChickenPox
1025,1,chickenpox54_png.rf.rRqS70zXXoqmCvPxUCOE.png,224,224,2026-05-25T11:37:05+00:00,"{'user_tags': ['ChickenPox'], 'name': 'chickenpox54.png'}",Skin_desease_(Perbaikan)_dataset.coco\train\chickenpox54_png.rf.rRqS70zXXoqmCvPxUCOE.png,ChickenPox
1026,1,urticaria_v2_jpg.rf.su5RJYiPms2dekLa8kMW.jpg,860,2400,2026-05-25T11:37:05+00:00,{'name': 'urticaria_v2.jpg'},Skin_desease_(Perbaikan)_dataset.coco\train\urticaria_v2_jpg.rf.su5RJYiPms2dekLa8kMW.jpg,Hives
1027,1,chickenpox107_png.rf.ojLfR2URQmu1H9U82wb7.png,224,224,2026-05-25T11:37:05+00:00,"{'user_tags': ['ChickenPox'], 'name': 'chickenpox107.png'}",Skin_desease_(Perbaikan)_dataset.coco\train\chickenpox107_png.rf.ojLfR2URQmu1H9U82wb7.png,ChickenPox
1028,1,chickenpox95_png.rf.rXiXfAOF8q3hQMU84iTM.png,224,224,2026-05-25T11:37:05+00:00,"{'user_tags': ['ChickenPox'], 'name': 'chickenpox95.png'}",Skin_desease_(Perbaikan)_dataset.coco\train\chickenpox95_png.rf.rXiXfAOF8q3hQMU84iTM.png,ChickenPox
1029,1,4_11_jpg.rf.YtJfYJF7YbgLy36CYXuq.jpg,222,294,2026-05-25T11:37:05+00:00,{'name': '4_11.jpg'},Skin_desease_(Perbaikan)_dataset.coco\train\4_11_jpg.rf.YtJfYJF7YbgLy36CYXuq.jpg,Eczema
1030,1,1627217_1_jpg.rf.tkrKoEIqF0a575sb4PvG.jpg,712,1200,2026-05-25T11:37:05+00:00,{'name': '1627217_1.jpg'},Skin_desease_(Perbaikan)_dataset.coco\train\1627217_1_jpg.rf.tkrKoEIqF0a575sb4PvG.jpg,ChickenPox
1031,1,hives_urticaria_4653507_jpg.rf.vAcLwZW5aUhUFPNl1HgN.jpg,702,936,2026-05-25T11:37:05+00:00,{'name': 'hives_urticaria_4653507.jpg'},Skin_desease_(Perbaikan)_dataset.coco\train\hives_urticaria_4653507_jpg.rf.vAcLwZW5aUhUFPNl1HgN.jpg,Hives
1032,1,800px-Chronic_spontaneous_urticaria_jpg.rf.sJmBmiZdwlJu6V2GpVZb.jpg,661,800,2026-05-25T11:37:05+00:00,{'name': '800px-Chronic_spontaneous_urticaria.jpg'},Skin_desease_(Perbaikan)_dataset.coco\train\800px-Chronic_spontaneous_urticaria_jpg.rf.sJmBmiZdwlJu6V2GpVZb.jpg,Hives
1033,1,chickenpox60_png.rf.tVEHQOWQynJlaJ8DL9Wx.png,224,224,2026-05-25T11:37:05+00:00,"{'user_tags': ['ChickenPox'], 'name': 'chickenpox60.png'}",Skin_desease_(Perbaikan)_dataset.coco\train\chickenpox60_png.rf.tVEHQOWQynJlaJ8DL9Wx.png,ChickenPox
1034,1,urticaria_body_small-5b9aa72b992ee8dc8b3b102751e12b15_jpg.rf.nOGA8yyllqUHoYoyqwyN.jpg,501,600,2026-05-25T11:37:05+00:00,{'name': 'urticaria_body_small-5b9aa72b992ee8dc8b3b102751e12b15.jpg'},Skin_desease_(Perbaikan)_dataset.coco\train\urticaria_body_small-5b9aa72b992ee8dc8b3b102751e12b15_jpg.rf.nOGA8yyllqUHoYoyqwyN.jpg,Hives
1035,1,chickenpox93_png.rf.wa0zF1UUqhY04ngpf1gF.png,224,224,2026-05-25T11:37:05+00:00,"{'user_tags': ['ChickenPox'], 'name': 'chickenpox93.png'}",Skin_desease_(Perbaikan)_dataset.coco\train\chickenpox93_png.rf.wa0zF1UUqhY04ngpf1gF.png,ChickenPox
1036,1,001-Urticaria-26-09-2023-V2-scaled-qczl6gm4bwxn23nz9yn0o9j45rspbbcdlche7fpzow_jpg.rf.x3mpVQtZdx73jClyZC2y.jpg,600,450,2026-05-25T11:37:05+00:00,{'name': '001-Urticaria-26-09-2023-V2-scaled-qczl6gm4bwxn23nz9yn0o9j45rspbbcdlche7fpzow.jpg'},Skin_desease_(Perbaikan)_dataset.coco\train\001-Urticaria-26-09-2023-V2-scaled-qczl6gm4bwxn23nz9yn0o9j45rspbbcdlche7fpzow_jpg.rf.x3mpVQtZdx73jClyZC2y.jpg,Hives
1037,1,22m-decided-to-share-my-experience-does-anyone-else-v0-fz82fcyjd50b1_webp.rf.vc6w9gi4TM0QlVIyv770.webp,1046,640,2026-05-25T11:37:05+00:00,{'name': '22m-decided-to-share-my-experience-does-anyone-else-v0-fz82fcyjd50b1.webp'},Skin_desease_(Perbaikan)_dataset.coco\train\22m-decided-to-share-my-experience-does-anyone-else-v0-fz82fcyjd50b1_webp.rf.vc6w9gi4TM0QlVIyv770.webp,Hives
1038,1,chickenpox-disease-boy-923w_webp.rf.v1QpXIs9GgJO9NPwRHJy.webp,519,923,2026-05-25T11:37:05+00:00,{'name': 'chickenpox-disease-boy-923w.webp'},Skin_desease_(Perbaikan)_dataset.coco\train\chickenpox-disease-boy-923w_webp.rf.v1QpXIs9GgJO9NPwRHJy.webp,ChickenPox
1039,1,6-urticaria-intro_jpg.rf.vGXm9AHNIUciaTbLlatR.jpg,948,948,2026-05-25T11:37:05+00:00,{'name': '6-urticaria-intro.jpg'},Skin_desease_(Perbaikan)_dataset.coco\train\6-urticaria-intro_jpg.rf.vGXm9AHNIUciaTbLlatR.jpg,Hives
1040,1,chickenpox66_png.rf.Wed2cqNujcEhVOdp4dap.png,224,224,2026-05-25T11:37:05+00:00,"{'user_tags': ['ChickenPox'], 'name': 'chickenpox66.png'}",Skin_desease_(Perbaikan)_dataset.coco\train\chickenpox66_png.rf.Wed2cqNujcEhVOdp4dap.png,ChickenPox
1041,1,i7om2fcqg1w11_webp.rf.Wwm44GmiwJiCoevmy3B5.webp,1895,1080,2026-05-25T11:37:05+00:00,{'name': 'i7om2fcqg1w11.webp'},Skin_desease_(Perbaikan)_dataset.coco\train\i7om2fcqg1w11_webp.rf.Wwm44GmiwJiCoevmy3B5.webp,Hives
1042,1,How-Is-Diagnosis-of-Urticaria_webp.rf.sStG1gH3U3Gr9ijZYPO3.webp,593,840,2026-05-25T11:37:05+00:00,{'name': 'How-Is-Diagnosis-of-Urticaria.webp'},Skin_desease_(Perbaikan)_dataset.coco\train\How-Is-Diagnosis-of-Urticaria_webp.rf.sStG1gH3U3Gr9ijZYPO3.webp,Hives
1043,1,urticária-crônica-espontânea-300x300_jpg.rf.X9V3AW12qIsxa3mZ4hRz.jpg,300,300,2026-05-25T11:37:05+00:00,{'name': 'urticária-crônica-espontânea-300x300.jpg'},Skin_desease_(Perbaikan)_dataset.coco\train\urticária-crônica-espontânea-300x300_jpg.rf.X9V3AW12qIsxa3mZ4hRz.jpg,Hives
1044,1,hives-man-back_jpg.rf.x1wnZkhzllXc7bDi09G3.jpg,290,390,2026-05-25T11:37:05+00:00,{'name': 'hives-man-back.jpg'},Skin_desease_(Perbaikan)_dataset.coco\train\hives-man-back_jpg.rf.x1wnZkhzllXc7bDi09G3.jpg,Hives
1045,1,adobestock_119502415_cropped-scaled_jpg.rf.ZEEcjxiVd1fY837s5Ga2.jpg,1877,2560,2026-05-25T11:37:05+00:00,{'name': 'adobestock_119502415_cropped-scaled.jpg'},Skin_desease_(Perbaikan)_dataset.coco\train\adobestock_119502415_cropped-scaled_jpg.rf.ZEEcjxiVd1fY837s5Ga2.jpg,Hives
1046,1,chickenpox12_png.rf.YwKlSZtpR8vFB79LnjtF.png,224,224,2026-05-25T11:37:05+00:00,"{'user_tags': ['ChickenPox'], 'name': 'chickenpox12.png'}",Skin_desease_(Perbaikan)_dataset.coco\train\chickenpox12_png.rf.YwKlSZtpR8vFB79LnjtF.png,ChickenPox
1047,1,chickenpox6_png.rf.Yl4IpjYFHxhEgcYkBu4i.png,224,224,2026-05-25T11:37:05+00:00,"{'user_tags': ['ChickenPox'], 'name': 'chickenpox6.png'}",Skin_desease_(Perbaikan)_dataset.coco\train\chickenpox6_png.rf.Yl4IpjYFHxhEgcYkBu4i.png,ChickenPox
1048,1,chickenpox30_png.rf.xxxXI6pmhKfZuYD3P4lV.png,224,224,2026-05-25T11:37:05+00:00,"{'user_tags': ['ChickenPox'], 'name': 'chickenpox30.png'}",Skin_desease_(Perbaikan)_dataset.coco\train\chickenpox30_png.rf.xxxXI6pmhKfZuYD3P4lV.png,ChickenPox
1049,1,hives_webp.rf.an2OlT09n13mjQvCIGJ1.webp,303,287,2026-05-25T11:37:05+00:00,{'name': 'hives.webp'},Skin_desease_(Perbaikan)_dataset.coco\train\hives_webp.rf.an2OlT09n13mjQvCIGJ1.webp,Hives
1050,1,mindo_050324_skin_jpg.rf.Zq0VqHprKbFTO8yjnVh0.jpg,543,895,2026-05-25T11:37:05+00:00,{'name': 'mindo_050324_skin.jpg'},Skin_desease_(Perbaikan)_dataset.coco\train\mindo_050324_skin_jpg.rf.Zq0VqHprKbFTO8yjnVh0.jpg,Hives
1051,1,chickenpox10_png.rf.x5jXZqy97z3vbPO3XxHt.png,224,224,2026-05-25T11:37:05+00:00,"{'user_tags': ['ChickenPox'], 'name': 'chickenpox10.png'}",Skin_desease_(Perbaikan)_dataset.coco\train\chickenpox10_png.rf.x5jXZqy97z3vbPO3XxHt.png,ChickenPox
1052,1,1200px-EMminor2010_jpg.rf.wlLUxgEg2h5nVbkJikec.jpg,900,1200,2026-05-25T11:37:05+00:00,{'name': '1200px-EMminor2010.jpg'},Skin_desease_(Perbaikan)_dataset.coco\train\1200px-EMminor2010_jpg.rf.wlLUxgEg2h5nVbkJikec.jpg,Hives
1053,1,urticariaHives_20422_lg_webp.rf.WQigCRMqp22xLKwgN8mF.webp,359,480,2026-05-25T11:37:05+00:00,{'name': 'urticariaHives_20422_lg.webp'},Skin_desease_(Perbaikan)_dataset.coco\train\urticariaHives_20422_lg_webp.rf.WQigCRMqp22xLKwgN8mF.webp,Hives
1054,1,chickenpox87_png.rf.fPHJu2Q8qqML9j7gLIwc.png,224,224,2026-05-25T11:37:05+00:00,"{'user_tags': ['ChickenPox'], 'name': 'chickenpox87.png'}",Skin_desease_(Perbaikan)_dataset.coco\train\chickenpox87_png.rf.fPHJu2Q8qqML9j7gLIwc.png,ChickenPox
1055,1,urticaria_self_care_webp.rf.ay9Ukoe9laYKlnAWVN9F.webp,500,750,2026-05-25T11:37:05+00:00,{'name': 'urticaria_self_care.webp'},Skin_desease_(Perbaikan)_dataset.coco\train\urticaria_self_care_webp.rf.ay9Ukoe9laYKlnAWVN9F.webp,Hives
1056,1,chickenpox23_png.rf.dbfu6Kbr2uCra9W1mlLz.png,224,224,2026-05-25T11:37:05+00:00,"{'user_tags': ['ChickenPox'], 'name': 'chickenpox23.png'}",Skin_desease_(Perbaikan)_dataset.coco\train\chickenpox23_png.rf.dbfu6Kbr2uCra9W1mlLz.png,ChickenPox
1057,1,urticariassss2807968_1415600_jpg.rf.mx6Gv5cMZlk0yhUU3uVg.jpg,601,900,2026-05-25T11:37:05+00:00,{'name': 'urticariassss2807968_1415600.jpg'},Skin_desease_(Perbaikan)_dataset.coco\train\urticariassss2807968_1415600_jpg.rf.mx6Gv5cMZlk0yhUU3uVg.jpg,Hives
1058,1,urticaria_comun34_acute_anular_2615addf7111d83624b7a7a5f3466fb3_jpg.rf.ZtEgEDGQ5H8A1cWe7YvA.jpg,300,300,2026-05-25T11:37:05+00:00,{'name': 'urticaria_comun34_acute_anular_2615addf7111d83624b7a7a5f3466fb3.jpg'},Skin_desease_(Perbaikan)_dataset.coco\train\urticaria_comun34_acute_anular_2615addf7111d83624b7a7a5f3466fb3_jpg.rf.ZtEgEDGQ5H8A1cWe7YvA.jpg,Hives
1059,1,chickenpox33_png.rf.bD5id0FUFu5NnSIeH5Ws.png,224,224,2026-05-25T11:37:05+00:00,"{'user_tags': ['ChickenPox'], 'name': 'chickenpox33.png'}",Skin_desease_(Perbaikan)_dataset.coco\train\chickenpox33_png.rf.bD5id0FUFu5NnSIeH5Ws.png,ChickenPox
1060,1,urticaria_jpg.rf.fudk1rVCXcVFhLAK4Lf2.jpg,206,263,2026-05-25T11:37:05+00:00,{'name': 'urticaria.jpg'},Skin_desease_(Perbaikan)_dataset.coco\train\urticaria_jpg.rf.fudk1rVCXcVFhLAK4Lf2.jpg,Hives
1061,1,chickenpox36_png.rf.grjTrVhNWOlyihjWP6C7.png,224,224,2026-05-25T11:37:05+00:00,"{'user_tags': ['ChickenPox'], 'name': 'chickenpox36.png'}",Skin_desease_(Perbaikan)_dataset.coco\train\chickenpox36_png.rf.grjTrVhNWOlyihjWP6C7.png,ChickenPox
1062,1,Closeup_of_hives-1296x728-slide1_webp.rf.evNobScztqnFgBXL11b0.webp,648,1155,2026-05-25T11:37:05+00:00,{'name': 'Closeup_of_hives-1296x728-slide1.webp'},Skin_desease_(Perbaikan)_dataset.coco\train\Closeup_of_hives-1296x728-slide1_webp.rf.evNobScztqnFgBXL11b0.webp,Hives
1063,1,severe-hives-causes-v0-wbrif2adcjqd1_webp.rf.bYp7bwbrIKC5ICy6hTyz.webp,1440,1080,2026-05-25T11:37:05+00:00,{'name': 'severe-hives-causes-v0-wbrif2adcjqd1.webp'},Skin_desease_(Perbaikan)_dataset.coco\train\severe-hives-causes-v0-wbrif2adcjqd1_webp.rf.bYp7bwbrIKC5ICy6hTyz.webp,Hives
1064,1,urticaria-causes-symptoms_png.rf.jIb1P0gi83rdihpsri65.png,400,590,2026-05-25T11:37:05+00:00,{'name': 'urticaria-causes-symptoms.png'},Skin_desease_(Perbaikan)_dataset.coco\train\urticaria-causes-symptoms_png.rf.jIb1P0gi83rdihpsri65.png,Hives
1065,1,chickenpox28_png.rf.enY9FQ5AWmXS6rM3z2ww.png,224,224,2026-05-25T11:37:05+00:00,"{'user_tags': ['ChickenPox'], 'name': 'chickenpox28.png'}",Skin_desease_(Perbaikan)_dataset.coco\train\chickenpox28_png.rf.enY9FQ5AWmXS6rM3z2ww.png,ChickenPox
1066,1,chickenpox101_png.rf.gwDiAKMOUWvkozFaIR3H.png,224,224,2026-05-25T11:37:05+00:00,"{'user_tags': ['ChickenPox'], 'name': 'chickenpox101.png'}",Skin_desease_(Perbaikan)_dataset.coco\train\chickenpox101_png.rf.gwDiAKMOUWvkozFaIR3H.png,ChickenPox
1067,1,chickenpox65_png.rf.gKObcYhaEiQThpne19Sy.png,224,224,2026-05-25T11:37:05+00:00,"{'user_tags': ['ChickenPox'], 'name': 'chickenpox65.png'}",Skin_desease_(Perbaikan)_dataset.coco\train\chickenpox65_png.rf.gKObcYhaEiQThpne19Sy.png,ChickenPox
1068,1,chickenpox22_png.rf.LTzG0LsaOZuU1XT6xrv8.png,224,224,2026-05-25T11:37:05+00:00,"{'user_tags': ['ChickenPox'], 'name': 'chickenpox22.png'}",Skin_desease_(Perbaikan)_dataset.coco\train\chickenpox22_png.rf.LTzG0LsaOZuU1XT6xrv8.png,ChickenPox
1069,1,Derm-Urticaria_Wheals_x400x300_jpg.rf.LnWc1FBZRD15k8GCgYig.jpg,300,400,2026-05-25T11:37:05+00:00,{'name': 'Derm-Urticaria_Wheals_x400x300.jpg'},Skin_desease_(Perbaikan)_dataset.coco\train\Derm-Urticaria_Wheals_x400x300_jpg.rf.LnWc1FBZRD15k8GCgYig.jpg,Hives
1070,1,urticaria-thigh_jpg.rf.hExRNzqUyBH5mim8HZhX.jpg,480,640,2026-05-25T11:37:05+00:00,{'name': 'urticaria-thigh.jpg'},Skin_desease_(Perbaikan)_dataset.coco\train\urticaria-thigh_jpg.rf.hExRNzqUyBH5mim8HZhX.jpg,Hives
1071,1,p1078-f3_jpg.rf.L2IZ58JwKTIgw92BrQ5R.jpg,986,751,2026-05-25T11:37:05+00:00,{'name': 'p1078-f3.jpg'},Skin_desease_(Perbaikan)_dataset.coco\train\p1078-f3_jpg.rf.L2IZ58JwKTIgw92BrQ5R.jpg,Hives
1072,1,spots-body-face-chicken-pox-sign_webp.rf.kMMX6SQ7VsmbrGTZgFcn.webp,1600,1088,2026-05-25T11:37:05+00:00,{'name': 'spots-body-face-chicken-pox-sign.webp'},Skin_desease_(Perbaikan)_dataset.coco\train\spots-body-face-chicken-pox-sign_webp.rf.kMMX6SQ7VsmbrGTZgFcn.webp,ChickenPox
1073,1,epi-urticaria-hives-scaled_jpg.rf.M3scWbv3IaSGr026ytDa.jpg,1818,2560,2026-05-25T11:37:05+00:00,{'name': 'epi-urticaria-hives-scaled.jpg'},Skin_desease_(Perbaikan)_dataset.coco\train\epi-urticaria-hives-scaled_jpg.rf.M3scWbv3IaSGr026ytDa.jpg,Hives
1074,1,hives-on-back-732-549-feature-thumb_avif.rf.MiVkDhAun3NIuulPLHjD.avif,549,732,2026-05-25T11:37:05+00:00,{'name': 'hives-on-back-732-549-feature-thumb.avif'},Skin_desease_(Perbaikan)_dataset.coco\train\hives-on-back-732-549-feature-thumb_avif.rf.MiVkDhAun3NIuulPLHjD.avif,Hives
1075,1,hives-thumb_png.rf.kEsZao46tbcGKjr3ZEAU.png,600,800,2026-05-25T11:37:05+00:00,{'name': 'hives-thumb.png'},Skin_desease_(Perbaikan)_dataset.coco\train\hives-thumb_png.rf.kEsZao46tbcGKjr3ZEAU.png,Hives
1076,1,falgy-04-1267663-g008_jpg.rf.hvLYNbxMewV0D4pG8s25.jpg,547,489,2026-05-25T11:37:05+00:00,{'name': 'falgy-04-1267663-g008.jpg'},Skin_desease_(Perbaikan)_dataset.coco\train\falgy-04-1267663-g008_jpg.rf.hvLYNbxMewV0D4pG8s25.jpg,Hives
1077,1,chickenpox70_png.rf.KgAcbqspW2G0JIHxmZrM.png,224,224,2026-05-25T11:37:05+00:00,"{'user_tags': ['ChickenPox'], 'name': 'chickenpox70.png'}",Skin_desease_(Perbaikan)_dataset.coco\train\chickenpox70_png.rf.KgAcbqspW2G0JIHxmZrM.png,ChickenPox
1078,1,images_jpg.rf.f41hxUOMrF5Q1XD0PL9c.jpg,194,259,2026-05-25T11:37:05+00:00,{'name': 'images.jpg'},Skin_desease_(Perbaikan)_dataset.coco\train\images_jpg.rf.f41hxUOMrF5Q1XD0PL9c.jpg,Hives
1079,1,chickenpox18_png.rf.fJERAmmKEEc5JkymgD0J.png,224,224,2026-05-25T11:37:05+00:00,"{'user_tags': ['ChickenPox'], 'name': 'chickenpox18.png'}",Skin_desease_(Perbaikan)_dataset.coco\train\chickenpox18_png.rf.fJERAmmKEEc5JkymgD0J.png,ChickenPox
1080,1,urticaria-2_jpg.rf.ieIlIhi569rkwACxhobj.jpg,480,640,2026-05-25T11:37:05+00:00,{'name': 'urticaria-2.jpg'},Skin_desease_(Perbaikan)_dataset.coco\train\urticaria-2_jpg.rf.ieIlIhi569rkwACxhobj.jpg,Hives
1081,1,Urticaria_jpg.rf.isE8R8ndHSXMjoWOw9KN.jpg,555,1026,2026-05-25T11:37:05+00:00,{'name': 'Urticaria.jpg'},Skin_desease_(Perbaikan)_dataset.coco\train\Urticaria_jpg.rf.isE8R8ndHSXMjoWOw9KN.jpg,Hives
1082,1,13223_2018_288_Fig1_HTML_jpg.rf.KiBRmkTnfTmqIKfJDyZZ.jpg,519,685,2026-05-25T11:37:05+00:00,{'name': '13223_2018_288_Fig1_HTML.jpg'},Skin_desease_(Perbaikan)_dataset.coco\train\13223_2018_288_Fig1_HTML_jpg.rf.KiBRmkTnfTmqIKfJDyZZ.jpg,Hives
